-- MySQL dump 10.14  Distrib 5.5.32-MariaDB, for Linux (x86_64)
--
-- Host: localhost    Database: oncall
-- ------------------------------------------------------
-- Server version	5.5.32-MariaDB-log

/*!40101 SET @OLD_CHARACTER_SET_CLIENT=@@CHARACTER_SET_CLIENT */;
/*!40101 SET @OLD_CHARACTER_SET_RESULTS=@@CHARACTER_SET_RESULTS */;
/*!40101 SET @OLD_COLLATION_CONNECTION=@@COLLATION_CONNECTION */;
/*!40101 SET NAMES utf8 */;
/*!40103 SET @OLD_TIME_ZONE=@@TIME_ZONE */;
/*!40103 SET TIME_ZONE='+00:00' */;
/*!40014 SET @OLD_UNIQUE_CHECKS=@@UNIQUE_CHECKS, UNIQUE_CHECKS=0 */;
/*!40014 SET @OLD_FOREIGN_KEY_CHECKS=@@FOREIGN_KEY_CHECKS, FOREIGN_KEY_CHECKS=0 */;
/*!40101 SET @OLD_SQL_MODE=@@SQL_MODE, SQL_MODE='NO_AUTO_VALUE_ON_ZERO' */;
/*!40111 SET @OLD_SQL_NOTES=@@SQL_NOTES, SQL_NOTES=0 */;

--
-- Table structure for table `AccountCounter`
--

DROP TABLE IF EXISTS `AccountCounter`;
/*!40101 SET @saved_cs_client     = @@character_set_client */;
/*!40101 SET character_set_client = utf8 */;
CREATE TABLE `AccountCounter` (
  `date_in` date NOT NULL,
  `user_id` int(9) unsigned NOT NULL,
  `client_count` int(9) unsigned NOT NULL DEFAULT '0',
  `number_count` int(9) unsigned NOT NULL DEFAULT '0',
  `call_count` int(9) unsigned NOT NULL DEFAULT '0',
  `duration` bigint(15) unsigned NOT NULL DEFAULT '0',
  PRIMARY KEY (`date_in`,`user_id`)
) ENGINE=InnoDB DEFAULT CHARSET=latin1;
/*!40101 SET character_set_client = @saved_cs_client */;

--
-- Dumping data for table `AccountCounter`
--

LOCK TABLES `AccountCounter` WRITE;
/*!40000 ALTER TABLE `AccountCounter` DISABLE KEYS */;
INSERT INTO `AccountCounter` VALUES ('2013-11-01',1,0,2,0,0),('2013-11-01',7,4,2,4,84),('2013-11-01',8,3,0,0,0),('2013-11-01',12,1,0,0,0),('2013-11-01',13,1,0,0,0),('2013-11-01',14,1,0,0,0),('2013-11-01',22,1,0,0,0),('2013-11-01',25,1,0,0,0),('2013-11-01',26,0,0,0,0),('2013-11-01',27,0,0,0,0),('2013-11-01',28,0,0,0,0),('2013-11-01',29,1,0,0,0),('2013-11-01',30,1,0,0,0),('2013-11-01',32,1,0,0,0),('2013-11-01',34,1,0,0,0),('2013-11-01',35,1,2,0,0),('2013-11-01',36,2,0,0,0);
/*!40000 ALTER TABLE `AccountCounter` ENABLE KEYS */;
UNLOCK TABLES;

--
-- Table structure for table `AdGroup`
--

DROP TABLE IF EXISTS `AdGroup`;
/*!40101 SET @saved_cs_client     = @@character_set_client */;
/*!40101 SET character_set_client = utf8 */;
CREATE TABLE `AdGroup` (
  `id` int(11) unsigned NOT NULL AUTO_INCREMENT,
  `campaign_id` int(11) unsigned NOT NULL,
  `name` varchar(50) NOT NULL,
  `status` smallint(2) unsigned NOT NULL,
  `date_create` date NOT NULL,
  PRIMARY KEY (`id`)
) ENGINE=InnoDB AUTO_INCREMENT=11 DEFAULT CHARSET=utf8;
/*!40101 SET character_set_client = @saved_cs_client */;

--
-- Dumping data for table `AdGroup`
--

LOCK TABLES `AdGroup` WRITE;
/*!40000 ALTER TABLE `AdGroup` DISABLE KEYS */;
INSERT INTO `AdGroup` VALUES (1,4,'Blah Blah Blah!',1,'2013-10-06'),(2,4,'Test AdGroup',1,'2013-10-06'),(3,1,'Edited AdGroup',1,'2013-10-06'),(4,7,'Test AdGroup',1,'2013-10-07'),(5,8,'Adidas Ad Group',1,'2013-10-07'),(6,9,'Ad Group',1,'2013-10-10'),(7,9,'Deleted Ad Group',0,'2013-10-17'),(8,10,'Test Validate',1,'2013-10-18'),(9,10,'Test 2',1,'2013-10-18'),(10,10,'Test',1,'2013-10-18');
/*!40000 ALTER TABLE `AdGroup` ENABLE KEYS */;
UNLOCK TABLES;

--
-- Table structure for table `Advert`
--

DROP TABLE IF EXISTS `Advert`;
/*!40101 SET @saved_cs_client     = @@character_set_client */;
/*!40101 SET character_set_client = utf8 */;
CREATE TABLE `Advert` (
  `id` int(9) unsigned NOT NULL AUTO_INCREMENT,
  `adgroup_id` int(9) unsigned NOT NULL,
  `name` varchar(50) NOT NULL,
  `number_id` bigint(15) unsigned DEFAULT NULL,
  `destination` bigint(15) unsigned DEFAULT NULL,
  `xml_replace` text,
  `xml_override` smallint(1) unsigned NOT NULL DEFAULT '0',
  `status` smallint(2) unsigned NOT NULL,
  `date_create` date NOT NULL,
  PRIMARY KEY (`id`)
) ENGINE=InnoDB AUTO_INCREMENT=6 DEFAULT CHARSET=utf8;
/*!40101 SET character_set_client = @saved_cs_client */;

--
-- Dumping data for table `Advert`
--

LOCK TABLES `Advert` WRITE;
/*!40000 ALTER TABLE `Advert` DISABLE KEYS */;
INSERT INTO `Advert` VALUES (2,6,'Lego Ad Test',85235009085,1111111111,'<Speak language=\"en-GB\">This is a test to see if the Plivo answer script works.</Speak>',0,1,'2013-10-10'),(3,6,'Blank Test',NULL,NULL,'',0,0,'2013-10-14'),(4,6,'Another Blank',NULL,NULL,'',0,1,'2013-10-14'),(5,8,'sdf',NULL,NULL,'',0,1,'2013-10-18');
/*!40000 ALTER TABLE `Advert` ENABLE KEYS */;
UNLOCK TABLES;

--
-- Table structure for table `CallLog`
--

DROP TABLE IF EXISTS `CallLog`;
/*!40101 SET @saved_cs_client     = @@character_set_client */;
/*!40101 SET character_set_client = utf8 */;
CREATE TABLE `CallLog` (
  `id` bigint(14) unsigned NOT NULL AUTO_INCREMENT,
  `date_in` datetime NOT NULL,
  `call_id` varchar(40) NOT NULL,
  `origin_number` bigint(15) NOT NULL,
  `dialled_number` bigint(15) NOT NULL,
  `destination_number` bigint(15) DEFAULT NULL,
  `date_start` datetime NOT NULL,
  `date_end` datetime NOT NULL,
  `duration` int(5) NOT NULL DEFAULT '0',
  `bill_duration` int(5) NOT NULL DEFAULT '0',
  `bill_rate` decimal(8,5) NOT NULL DEFAULT '0.00000',
  `status` varchar(20) NOT NULL DEFAULT 'completed',
  `hangup_cause` varchar(100) DEFAULT NULL,
  `advert_id` int(9) unsigned NOT NULL,
  `adgroup_id` int(9) unsigned NOT NULL,
  `campaign_id` int(9) unsigned NOT NULL,
  `client_id` int(9) unsigned NOT NULL,
  PRIMARY KEY (`id`)
) ENGINE=InnoDB AUTO_INCREMENT=102 DEFAULT CHARSET=utf8;
/*!40101 SET character_set_client = @saved_cs_client */;

--
-- Dumping data for table `CallLog`
--

LOCK TABLES `CallLog` WRITE;
/*!40000 ALTER TABLE `CallLog` DISABLE KEYS */;
INSERT INTO `CallLog` VALUES (1,'2013-10-11 18:39:50','test-230948029348902',0,85235009085,1111111111,'2013-10-11 17:28:29','2013-10-11 17:29:15',27,60,0.00400,'completed','NORMAL_CLEARING',2,6,9,4),(2,'2013-10-11 19:25:14','test-230948029348902',0,85235009085,1111111111,'2013-10-11 17:28:29','2013-10-11 17:29:15',27,60,0.00400,'completed','NORMAL_CLEARING',2,6,9,4),(3,'2013-10-11 19:25:49','test-230948029348902',0,85235009085,1111111111,'2013-10-11 17:28:29','2013-10-11 17:29:15',27,60,0.00400,'completed','NORMAL_CLEARING',2,6,9,4),(4,'2013-10-11 19:26:13','test-230948029348902',1,85235009085,1111111111,'2013-10-11 17:28:29','2013-10-11 17:29:15',27,60,0.00400,'completed','NORMAL_CLEARING',2,6,9,4),(5,'2013-10-11 19:47:55','test-230948029348902',1,85235009085,1111111111,'2013-10-11 17:28:29','2013-10-11 17:29:15',27,60,0.00400,'completed','NORMAL_CLEARING',2,6,9,4),(6,'2013-10-11 19:49:44','test-230948029348902',1,85235009085,1111111111,'2013-10-11 17:28:29','2013-10-11 17:29:15',27,60,0.00400,'completed','NORMAL_CLEARING',2,6,9,4),(7,'2013-10-11 19:49:58','test-230948029348902',1,85235009085,1111111111,'2013-10-11 17:28:29','2013-10-11 17:29:15',27,60,0.00400,'completed','NORMAL_CLEARING',2,6,9,4),(8,'2013-10-11 19:50:27','test-230948029348902',0,85235009085,1111111111,'2013-10-11 17:28:29','2013-10-11 17:29:15',27,60,0.00400,'completed','NORMAL_CLEARING',2,6,9,4),(9,'2013-10-12 02:10:56','test-230948029348902',0,85235009085,1111111111,'2013-10-10 08:28:00','2013-10-10 08:30:45',150,180,0.00400,'completed','NORMAL_CLEARING',2,6,9,4),(10,'2013-10-12 02:22:51','test-230948029348902',0,85235009085,1111111111,'2013-10-08 09:28:00','2013-10-08 09:28:45',0,0,0.00400,'cancel','ORIGINATOR_CANCEL',2,6,9,4),(11,'2013-10-12 07:35:25','test-230948029348902',0,85235009085,1111111111,'2013-10-08 09:28:00','2013-10-08 09:28:45',0,0,0.00400,'cancel','ORIGINATOR_CANCEL',2,6,9,4),(12,'2013-10-16 04:27:18','test-230948029348902',0,85235009085,1111111111,'2013-10-08 09:28:00','2013-10-08 09:28:45',0,0,0.00400,'cancel','ORIGINATOR_CANCEL',2,6,9,4),(13,'2013-10-16 11:47:42','test-230948029348902',0,85235009085,1111111111,'2013-10-08 09:28:00','2013-10-08 09:28:45',0,0,0.00400,'cancel','ORIGINATOR_CANCEL',2,6,9,4),(14,'2013-10-16 11:48:52','test-230948029348902',0,85235009085,1111111111,'2013-10-08 09:28:00','2013-10-08 09:28:45',0,0,0.00400,'cancel','ORIGINATOR_CANCEL',2,6,9,4),(15,'2013-10-16 12:01:24','test-230948029348902',0,85235009085,1111111111,'2013-10-08 09:28:00','2013-10-08 09:28:45',0,0,0.00400,'cancel','ORIGINATOR_CANCEL',2,6,9,4),(16,'2013-10-16 13:08:22','test-230948029348902',0,85235009085,1111111111,'2013-10-08 09:28:00','2013-10-08 09:28:45',0,0,0.00400,'cancel','ORIGINATOR_CANCEL',2,6,9,4),(17,'2013-10-16 13:09:40','test-230948029348902',0,85235009085,1111111111,'2013-10-08 09:28:00','2013-10-08 09:28:45',0,0,0.00400,'cancel','ORIGINATOR_CANCEL',2,6,9,4),(18,'2013-10-16 13:10:00','test-230948029348902',0,85235009085,1111111111,'2013-10-08 09:28:00','2013-10-08 09:28:45',0,0,0.00400,'cancel','ORIGINATOR_CANCEL',2,6,9,4),(19,'2013-10-16 13:12:06','test-230948029348902',0,85235009085,1111111111,'2013-10-08 09:28:00','2013-10-08 09:28:45',0,0,0.00400,'cancel','ORIGINATOR_CANCEL',2,6,9,4),(20,'2013-10-16 13:13:10','test-230948029348902',0,85235009085,1111111111,'2013-10-08 09:28:00','2013-10-08 09:28:45',0,0,0.00400,'cancel','ORIGINATOR_CANCEL',2,6,9,4),(21,'2013-10-16 13:19:34','test-230948029348902',0,85235009085,1111111111,'2013-10-08 09:28:00','2013-10-08 09:28:45',0,0,0.00400,'cancel','ORIGINATOR_CANCEL',2,6,9,4),(22,'2013-10-16 13:22:00','test-230948029348902',0,85235009085,1111111111,'2013-10-08 09:28:00','2013-10-08 09:28:45',0,0,0.00400,'cancel','ORIGINATOR_CANCEL',2,6,9,4),(23,'2013-10-16 13:22:48','test-230948029348902',0,85235009085,1111111111,'2013-10-08 09:28:00','2013-10-08 09:28:45',0,0,0.00400,'cancel','ORIGINATOR_CANCEL',2,6,9,4),(24,'2013-10-16 13:31:33','test-230948029348902',0,85235009085,1111111111,'2013-10-08 09:28:00','2013-10-08 09:28:45',0,0,0.00400,'cancel','ORIGINATOR_CANCEL',2,6,9,4),(25,'2013-10-16 13:31:50','test-230948029348902',0,85235009085,1111111111,'2013-10-08 09:28:00','2013-10-08 09:28:45',0,0,0.00400,'cancel','ORIGINATOR_CANCEL',2,6,9,4),(26,'2013-10-16 13:33:18','test-230948029348902',0,85235009085,1111111111,'2013-10-08 09:28:00','2013-10-08 09:28:45',0,0,0.00400,'cancel','ORIGINATOR_CANCEL',2,6,9,4),(27,'2013-10-16 13:34:06','test-230948029348902',0,85235009085,1111111111,'2013-10-08 09:28:00','2013-10-08 09:28:45',0,0,0.00400,'cancel','ORIGINATOR_CANCEL',2,6,9,4),(28,'2013-10-16 13:41:34','test-230948029348902',0,85235009085,1111111111,'2013-10-08 09:28:00','2013-10-08 09:28:45',0,0,0.00400,'cancel','ORIGINATOR_CANCEL',2,6,9,4),(29,'2013-10-16 17:22:19','test-230948029348902',0,85235009085,1111111111,'2013-10-08 09:28:00','2013-10-08 09:28:45',0,0,0.00400,'cancel','ORIGINATOR_CANCEL',2,6,9,4),(30,'2013-10-16 17:22:26','test-230948029348902',0,85235009085,1111111111,'2013-10-08 09:28:00','2013-10-08 09:28:45',0,0,0.00400,'cancel','ORIGINATOR_CANCEL',2,6,9,4),(31,'2013-10-16 17:23:41','test-230948029348902',0,85235009085,1111111111,'2013-10-08 09:28:00','2013-10-08 09:28:45',0,0,0.00400,'cancel','ORIGINATOR_CANCEL',2,6,9,4),(32,'2013-10-16 17:25:43','test-230948029348902',0,85235009085,1111111111,'2013-10-08 09:28:00','2013-10-08 09:28:45',0,0,0.00400,'cancel','ORIGINATOR_CANCEL',2,6,9,4),(33,'2013-10-16 17:25:49','test-230948029348902',0,85235009085,1111111111,'2013-10-08 09:28:00','2013-10-08 09:28:45',0,0,0.00400,'cancel','ORIGINATOR_CANCEL',2,6,9,4),(34,'2013-10-16 17:34:11','test-230948029348902',0,85235009085,1111111111,'2013-10-08 09:28:00','2013-10-08 09:28:45',0,0,0.00400,'cancel','ORIGINATOR_CANCEL',2,6,9,4),(35,'2013-10-16 17:36:30','test-230948029348902',0,85235009085,1111111111,'2013-10-08 09:28:00','2013-10-08 09:28:45',0,0,0.00400,'cancel','ORIGINATOR_CANCEL',2,6,9,4),(36,'2013-10-16 17:36:39','test-230948029348902',0,85235009085,1111111111,'2013-10-08 09:28:00','2013-10-08 09:28:45',0,0,0.00400,'cancel','ORIGINATOR_CANCEL',2,6,9,4),(37,'2013-10-16 17:37:41','test-230948029348902',0,85235009085,1111111111,'2013-10-08 09:28:00','2013-10-08 09:28:45',0,0,0.00400,'cancel','ORIGINATOR_CANCEL',2,6,9,4),(38,'2013-10-16 17:37:56','test-230948029348902',0,85235009085,1111111111,'2013-10-08 09:28:00','2013-10-08 09:28:45',0,0,0.00400,'cancel','ORIGINATOR_CANCEL',2,6,9,4),(39,'2013-10-16 17:43:42','test-230948029348902',0,85235009085,1111111111,'2013-10-08 09:28:00','2013-10-08 09:28:45',0,0,0.00400,'cancel','ORIGINATOR_CANCEL',2,6,9,4),(40,'2013-10-17 02:22:32','test-230948029348902',0,85235009085,1111111111,'2013-10-08 09:28:00','2013-10-08 09:28:45',0,0,0.00400,'cancel','ORIGINATOR_CANCEL',2,6,9,4),(41,'2013-10-17 02:48:22','test-230948029348902',0,85235009085,1111111111,'2013-10-08 09:28:00','2013-10-08 09:28:45',0,0,0.00400,'cancel','ORIGINATOR_CANCEL',2,6,9,4),(42,'2013-10-17 02:49:42','test-230948029348902',0,85235009085,1111111111,'2013-10-08 09:28:00','2013-10-08 09:28:45',0,0,0.00400,'cancel','ORIGINATOR_CANCEL',2,6,9,4),(43,'2013-10-17 02:53:01','test-230948029348902',0,85235009085,1111111111,'2013-10-08 09:28:00','2013-10-08 09:28:45',0,0,0.00400,'cancel','ORIGINATOR_CANCEL',2,6,9,4),(44,'2013-10-17 02:55:41','test-230948029348902',0,85235009085,1111111111,'2013-10-08 09:28:00','2013-10-08 09:28:45',0,0,0.00400,'cancel','ORIGINATOR_CANCEL',2,6,9,4),(45,'2013-10-17 02:56:27','test-230948029348902',0,85235009085,1111111111,'2013-10-08 09:28:00','2013-10-08 09:28:45',0,0,0.00400,'cancel','ORIGINATOR_CANCEL',2,6,9,4),(46,'2013-10-17 03:02:55','test-230948029348902',0,85235009085,1111111111,'2013-10-08 09:28:00','2013-10-08 09:28:45',0,0,0.00400,'cancel','ORIGINATOR_CANCEL',2,6,9,4),(47,'2013-10-17 03:03:11','test-230948029348902',0,85235009085,1111111111,'2013-10-08 09:28:00','2013-10-08 09:28:45',0,0,0.00400,'cancel','ORIGINATOR_CANCEL',2,6,9,4),(48,'2013-10-17 03:04:22','test-230948029348902',0,85235009085,1111111111,'2013-10-08 09:28:00','2013-10-08 09:28:45',0,0,0.00400,'cancel','ORIGINATOR_CANCEL',2,6,9,4),(49,'2013-10-17 03:09:29','test-230948029348902',0,85235009085,1111111111,'2013-10-08 09:28:00','2013-10-08 09:28:45',0,0,0.00400,'cancel','ORIGINATOR_CANCEL',2,6,9,4),(50,'2013-10-17 03:10:03','test-230948029348902',0,85235009085,1111111111,'2013-10-08 09:28:00','2013-10-08 09:28:45',0,0,0.00400,'cancel','ORIGINATOR_CANCEL',2,6,9,4),(51,'2013-10-17 03:11:33','test-230948029348902',0,85235009085,1111111111,'2013-10-08 09:28:00','2013-10-08 09:28:45',0,0,0.00400,'cancel','ORIGINATOR_CANCEL',2,6,9,4),(52,'2013-10-17 03:14:15','test-230948029348902',0,85235009085,1111111111,'2013-10-08 09:28:00','2013-10-08 09:28:45',0,0,0.00400,'cancel','ORIGINATOR_CANCEL',2,6,9,4),(53,'2013-10-17 03:14:46','test-230948029348902',0,85235009085,1111111111,'2013-10-08 09:28:00','2013-10-08 09:28:45',0,0,0.00400,'cancel','ORIGINATOR_CANCEL',2,6,9,4),(54,'2013-10-17 03:14:55','test-230948029348902',0,85235009085,1111111111,'2013-10-08 09:28:00','2013-10-08 09:28:45',0,0,0.00400,'cancel','ORIGINATOR_CANCEL',2,6,9,4),(55,'2013-10-17 04:44:40','test-230948029348902',0,85235009085,1111111111,'2013-10-08 09:28:00','2013-10-08 09:28:45',0,0,0.00400,'cancel','ORIGINATOR_CANCEL',2,6,9,4),(56,'2013-10-17 04:59:02','test-230948029348902',0,85235009085,1111111111,'2013-10-08 09:28:00','2013-10-08 09:28:45',0,0,0.00400,'cancel','ORIGINATOR_CANCEL',2,6,9,4),(57,'2013-10-17 04:59:18','test-230948029348902',0,85235009085,1111111111,'2013-10-08 09:28:00','2013-10-08 09:28:45',0,0,0.00400,'cancel','ORIGINATOR_CANCEL',2,6,9,4),(58,'2013-10-17 04:59:25','test-230948029348902',0,85235009085,1111111111,'2013-10-08 09:28:00','2013-10-08 09:28:45',0,0,0.00400,'cancel','ORIGINATOR_CANCEL',2,6,9,4),(59,'2013-10-17 04:59:37','test-230948029348902',0,85235009085,1111111111,'2013-10-08 09:28:00','2013-10-08 09:28:45',0,0,0.00400,'cancel','ORIGINATOR_CANCEL',2,6,9,4),(60,'2013-10-17 05:15:35','test-230948029348902',0,85235009085,1111111111,'2013-10-08 09:28:00','2013-10-08 09:28:45',0,0,0.00400,'cancel','ORIGINATOR_CANCEL',2,6,9,4),(61,'2013-10-17 05:15:54','test-230948029348902',0,85235009085,1111111111,'2013-10-08 09:28:00','2013-10-08 09:28:45',0,0,0.00400,'cancel','ORIGINATOR_CANCEL',2,6,9,4),(62,'2013-10-17 06:07:27','test-230948029348902',0,85235009085,1111111111,'2013-10-08 09:28:00','2013-10-08 09:28:45',0,0,0.00400,'cancel','ORIGINATOR_CANCEL',2,6,9,4),(63,'2013-10-17 06:07:35','test-230948029348902',0,85235009085,1111111111,'2013-10-08 09:28:00','2013-10-08 09:28:45',0,0,0.00400,'cancel','ORIGINATOR_CANCEL',2,6,9,4),(64,'2013-10-17 06:07:41','test-230948029348902',0,85235009085,1111111111,'2013-10-08 09:28:00','2013-10-08 09:28:45',0,0,0.00400,'cancel','ORIGINATOR_CANCEL',2,6,9,4),(65,'2013-10-17 06:08:41','test-230948029348902',0,85235009085,1111111111,'2013-10-08 09:28:00','2013-10-08 09:28:45',0,0,0.00400,'cancel','ORIGINATOR_CANCEL',2,6,9,4),(66,'2013-10-17 06:08:58','test-230948029348902',0,85235009085,1111111111,'2013-10-08 09:28:00','2013-10-08 09:28:45',0,0,0.00400,'cancel','ORIGINATOR_CANCEL',2,6,9,4),(67,'2013-10-17 06:09:56','test-230948029348902',0,85235009085,1111111111,'2013-10-08 09:28:00','2013-10-08 09:28:45',0,0,0.00400,'cancel','ORIGINATOR_CANCEL',2,6,9,4),(68,'2013-10-17 11:56:35','test-230948029348902',0,85235009085,1111111111,'2013-10-08 09:28:00','2013-10-08 09:28:45',0,0,0.00400,'cancel','ORIGINATOR_CANCEL',2,6,9,4),(69,'2013-10-23 04:29:23','test-230948029348902',0,85235009085,1111111111,'2013-10-08 09:28:00','2013-10-08 09:28:45',0,0,0.00400,'cancel','ORIGINATOR_CANCEL',2,6,9,4),(70,'2013-10-23 04:29:31','test-230948029348902',0,85235009085,1111111111,'2013-10-08 09:28:00','2013-10-08 09:28:45',0,0,0.00400,'cancel','ORIGINATOR_CANCEL',2,6,9,4),(71,'2013-10-23 04:45:37','test-230948029348902',0,85235009085,1111111111,'2013-10-08 09:28:00','2013-10-08 09:28:45',0,0,0.00400,'cancel','ORIGINATOR_CANCEL',2,6,9,4),(72,'2013-10-23 04:49:05','test-230948029348902',0,85235009085,1111111111,'2013-10-08 09:28:00','2013-10-08 09:28:45',0,0,0.00400,'cancel','ORIGINATOR_CANCEL',2,6,9,4),(73,'2013-10-23 04:58:38','test-230948029348902',0,85235009085,1111111111,'2013-10-08 09:28:00','2013-10-08 09:28:45',0,0,0.00400,'cancel','ORIGINATOR_CANCEL',2,6,9,4),(74,'2013-10-23 05:00:29','test-230948029348902',0,85235009085,1111111111,'2013-10-08 09:28:00','2013-10-08 09:28:45',0,0,0.00400,'cancel','ORIGINATOR_CANCEL',2,6,9,4),(75,'2013-10-23 05:00:35','test-230948029348902',0,85235009085,1111111111,'2013-10-08 09:28:00','2013-10-08 09:28:45',0,0,0.00400,'cancel','ORIGINATOR_CANCEL',2,6,9,4),(76,'2013-10-23 05:00:40','test-230948029348902',0,85235009085,1111111111,'2013-10-08 09:28:00','2013-10-08 09:28:45',0,0,0.00400,'cancel','ORIGINATOR_CANCEL',2,6,9,4),(77,'2013-10-23 06:40:25','test-230948029348902',0,85235009085,1111111111,'2013-10-08 09:28:00','2013-10-08 09:28:45',0,0,0.00400,'cancel','ORIGINATOR_CANCEL',2,6,9,4),(78,'2013-10-23 06:40:55','test-230948029348902',0,85235009085,1111111111,'2013-10-08 09:28:00','2013-10-08 09:28:45',0,0,0.00400,'cancel','ORIGINATOR_CANCEL',2,6,9,4),(79,'2013-10-24 18:16:08','test-230948029348902',0,85235009085,1111111111,'2013-10-08 09:28:00','2013-10-08 09:28:45',0,0,0.00400,'cancel','ORIGINATOR_CANCEL',2,6,9,4),(80,'2013-10-24 18:28:17','test-230948029348902',0,85235009085,1111111111,'2013-10-08 09:28:00','2013-10-08 09:28:45',0,0,0.00400,'cancel','ORIGINATOR_CANCEL',2,6,9,4),(81,'2013-10-24 18:29:14','test-230948029348902',0,85235009085,1111111111,'2013-10-08 09:28:00','2013-10-08 09:28:45',0,0,0.00400,'cancel','ORIGINATOR_CANCEL',2,6,9,4),(82,'2013-10-24 18:29:31','test-230948029348902',0,85235009085,1111111111,'2013-10-08 09:28:00','2013-10-08 09:28:45',0,0,0.00400,'cancel','ORIGINATOR_CANCEL',2,6,9,4),(83,'2013-10-24 18:29:51','test-230948029348902',0,85235009085,1111111111,'2013-10-08 09:28:00','2013-10-08 09:28:45',0,0,0.00400,'cancel','ORIGINATOR_CANCEL',2,6,9,4),(84,'2013-10-24 18:30:03','test-230948029348902',0,85235009085,1111111111,'2013-10-08 09:28:00','2013-10-08 09:28:45',0,0,0.00400,'cancel','ORIGINATOR_CANCEL',2,6,9,4),(85,'2013-10-24 18:30:22','test-230948029348902',0,85235009085,1111111111,'2013-10-08 09:28:00','2013-10-08 09:28:45',0,0,0.00400,'cancel','ORIGINATOR_CANCEL',2,6,9,4),(86,'2013-10-24 18:30:31','test-230948029348902',0,85235009085,1111111111,'2013-10-08 09:28:00','2013-10-08 09:28:45',0,0,0.00400,'cancel','ORIGINATOR_CANCEL',2,6,9,4),(87,'2013-10-24 18:30:41','test-230948029348902',0,85235009085,1111111111,'2013-10-08 09:28:00','2013-10-08 09:28:45',0,0,0.00400,'cancel','ORIGINATOR_CANCEL',2,6,9,4),(88,'2013-10-24 20:52:09','test-230948029348902',0,85235009085,1111111111,'2013-10-08 09:28:00','2013-10-08 09:28:45',0,0,0.00400,'cancel','ORIGINATOR_CANCEL',2,6,9,4),(89,'2013-10-24 20:52:18','test-230948029348902',0,85235009085,1111111111,'2013-10-08 09:28:00','2013-10-08 09:28:45',0,0,0.00400,'cancel','ORIGINATOR_CANCEL',2,6,9,4),(90,'2013-10-24 20:52:27','test-230948029348902',0,85235009085,1111111111,'2013-10-08 09:28:00','2013-10-08 09:28:45',0,0,0.00400,'cancel','ORIGINATOR_CANCEL',2,6,9,4),(91,'2013-10-24 22:24:36','test-230948029348902',0,85235009085,1111111111,'2013-10-08 09:28:00','2013-10-08 09:28:45',0,0,0.00400,'cancel','ORIGINATOR_CANCEL',2,6,9,4),(92,'2013-10-24 22:24:42','test-230948029348902',0,85235009085,1111111111,'2013-10-08 09:28:00','2013-10-08 09:28:45',0,0,0.00400,'cancel','ORIGINATOR_CANCEL',2,6,9,4),(93,'2013-10-24 22:25:02','test-230948029348902',0,85235009085,1111111111,'2013-10-08 09:28:00','2013-10-08 09:28:45',0,0,0.00400,'cancel','ORIGINATOR_CANCEL',2,6,9,4),(94,'2013-10-24 22:25:32','test-230948029348902',0,85235009087,1111111111,'2013-10-08 09:28:00','2013-10-08 09:28:45',0,0,0.00400,'cancel','ORIGINATOR_CANCEL',2,6,9,4),(95,'2013-10-26 06:24:29','test-230948029348902',0,85235009087,1111111111,'2013-10-08 09:28:00','2013-10-08 09:28:45',0,0,0.00400,'cancel','ORIGINATOR_CANCEL',2,6,9,4),(96,'2013-10-26 06:45:30','test-230948029348902',0,85235009087,1111111111,'2013-10-26 06:50:00','2013-10-26 09:28:45',0,0,0.00400,'cancel','ORIGINATOR_CANCEL',2,6,9,4),(97,'2013-10-30 01:58:20','test-230948029348902',0,85235009087,1111111111,'2013-10-26 06:50:00','2013-10-26 09:28:45',0,0,0.00400,'cancel','ORIGINATOR_CANCEL',2,6,9,4),(98,'2013-11-01 08:58:03','test-230948029348902',0,85235009087,1111111111,'2013-10-26 06:50:00','2013-10-26 09:28:45',0,0,0.00400,'cancel','ORIGINATOR_CANCEL',2,6,9,4),(99,'2013-11-01 08:58:16','test-230948029348902',0,85235009087,1111111111,'2013-10-26 06:50:00','2013-10-26 09:28:45',0,0,0.00400,'cancel','ORIGINATOR_CANCEL',2,6,9,4),(100,'2013-11-01 08:58:42','test-230948029348902',0,85235009087,1111111111,'2013-10-26 06:50:00','2013-10-26 09:28:45',42,0,0.00400,'cancel','ORIGINATOR_CANCEL',2,6,9,4),(101,'2013-11-01 08:58:50','test-230948029348902',0,85235009087,1111111111,'2013-10-26 06:50:00','2013-10-26 09:28:45',42,0,0.00400,'cancel','ORIGINATOR_CANCEL',2,6,9,4);
/*!40000 ALTER TABLE `CallLog` ENABLE KEYS */;
UNLOCK TABLES;

--
-- Table structure for table `Campaign`
--

DROP TABLE IF EXISTS `Campaign`;
/*!40101 SET @saved_cs_client     = @@character_set_client */;
/*!40101 SET character_set_client = utf8 */;
CREATE TABLE `Campaign` (
  `id` int(9) unsigned NOT NULL AUTO_INCREMENT,
  `client_id` int(9) NOT NULL,
  `name` varchar(50) NOT NULL,
  `status` smallint(2) unsigned NOT NULL DEFAULT '1',
  `date_create` date NOT NULL,
  PRIMARY KEY (`id`)
) ENGINE=InnoDB AUTO_INCREMENT=11 DEFAULT CHARSET=utf8;
/*!40101 SET character_set_client = @saved_cs_client */;

--
-- Dumping data for table `Campaign`
--

LOCK TABLES `Campaign` WRITE;
/*!40000 ALTER TABLE `Campaign` DISABLE KEYS */;
INSERT INTO `Campaign` VALUES (1,7,'Edited Again',0,'2013-09-30'),(2,7,'Test',1,'2013-09-30'),(3,7,'Test',1,'2013-09-30'),(4,7,'Blah',1,'2013-10-06'),(5,7,'Blah',1,'2013-10-06'),(6,7,'Test Generic Campaign',1,'2013-10-06'),(7,1,'Test Campaign',1,'2013-10-07'),(8,2,'Adidas',0,'2013-10-07'),(9,4,'Test Lego Campaign',1,'2013-10-10'),(10,4,'Test',1,'2013-10-18');
/*!40000 ALTER TABLE `Campaign` ENABLE KEYS */;
UNLOCK TABLES;

--
-- Table structure for table `Client`
--

DROP TABLE IF EXISTS `Client`;
/*!40101 SET @saved_cs_client     = @@character_set_client */;
/*!40101 SET character_set_client = utf8 */;
CREATE TABLE `Client` (
  `id` int(9) unsigned NOT NULL AUTO_INCREMENT,
  `user_id` int(9) unsigned NOT NULL,
  `name` varchar(50) NOT NULL,
  `timezone` decimal(5,1) NOT NULL DEFAULT '8.0',
  `status` smallint(2) unsigned NOT NULL DEFAULT '1',
  `date_create` date NOT NULL,
  `call_count` int(9) unsigned NOT NULL DEFAULT '0',
  `duration` int(9) unsigned NOT NULL DEFAULT '0',
  PRIMARY KEY (`id`)
) ENGINE=InnoDB AUTO_INCREMENT=25 DEFAULT CHARSET=utf8;
/*!40101 SET character_set_client = @saved_cs_client */;

--
-- Dumping data for table `Client`
--

LOCK TABLES `Client` WRITE;
/*!40000 ALTER TABLE `Client` DISABLE KEYS */;
INSERT INTO `Client` VALUES (1,7,'Test',8.0,0,'2013-09-27',0,0),(2,7,'Adidas Edit',-5.0,1,'2013-09-27',0,0),(3,7,'Nike',8.0,1,'2013-09-27',0,0),(4,7,'Lego',8.0,1,'2013-09-30',5,84),(5,12,'New Single Client',8.0,1,'2013-09-30',0,0),(6,13,'Test',8.0,1,'2013-09-30',0,0),(7,8,'Kendrick Test Edit',8.0,1,'2013-09-30',0,0),(8,8,'Test 2',8.0,1,'2013-09-30',0,0),(9,14,'Blah',8.0,1,'2013-10-14',0,0),(10,22,'Blah',8.0,1,'2013-10-14',0,0),(11,25,'Single Test',8.0,1,'2013-10-15',0,0),(12,29,'single 3',8.0,1,'2013-10-31',0,0),(13,7,'Test Counter',8.0,1,'2013-11-01',0,0),(14,7,'Test Counter',8.0,1,'2013-11-01',0,0),(15,7,'Test Counter',8.0,1,'2013-11-01',0,0),(16,7,'Test Counter',8.0,1,'2013-11-01',0,0),(17,7,'Test Counter',8.0,1,'2013-11-01',0,0),(18,8,'Counter',8.0,1,'2013-11-01',0,0),(19,30,'Single 5',8.0,1,'2013-11-01',0,0),(20,32,'single 6',8.0,1,'2013-11-01',0,0),(21,34,'s7',8.0,1,'2013-11-01',0,0),(22,35,'s8',8.0,1,'2013-11-01',0,0),(23,36,'s9',8.0,1,'2013-11-01',0,0),(24,36,'Counter',8.0,1,'2013-11-01',0,0);
/*!40000 ALTER TABLE `Client` ENABLE KEYS */;
UNLOCK TABLES;

--
-- Table structure for table `Counter`
--

DROP TABLE IF EXISTS `Counter`;
/*!40101 SET @saved_cs_client     = @@character_set_client */;
/*!40101 SET character_set_client = utf8 */;
CREATE TABLE `Counter` (
  `date_in` datetime NOT NULL,
  `client_id` int(9) unsigned NOT NULL,
  `campaign_id` int(9) unsigned NOT NULL,
  `adgroup_id` int(9) unsigned NOT NULL,
  `advert_id` int(9) unsigned NOT NULL,
  `number_id` bigint(15) unsigned NOT NULL,
  `caller_id` varchar(20) NOT NULL,
  `count_total` bigint(12) unsigned NOT NULL DEFAULT '0',
  `count_plead` bigint(12) unsigned NOT NULL DEFAULT '0',
  `count_failed` bigint(12) unsigned NOT NULL DEFAULT '0',
  `duration_secs` bigint(15) unsigned NOT NULL,
  PRIMARY KEY (`date_in`,`client_id`,`campaign_id`,`adgroup_id`,`advert_id`,`number_id`,`caller_id`)
) ENGINE=InnoDB DEFAULT CHARSET=utf8
/*!50100 PARTITION BY RANGE (TO_DAYS(date_in))
(PARTITION p201310 VALUES LESS THAN (735538) ENGINE = InnoDB,
 PARTITION p201311 VALUES LESS THAN (735568) ENGINE = InnoDB,
 PARTITION p201312 VALUES LESS THAN (735599) ENGINE = InnoDB,
 PARTITION p201401 VALUES LESS THAN (735630) ENGINE = InnoDB,
 PARTITION p201402 VALUES LESS THAN (735658) ENGINE = InnoDB,
 PARTITION p201403 VALUES LESS THAN (735689) ENGINE = InnoDB,
 PARTITION p201404 VALUES LESS THAN (735719) ENGINE = InnoDB,
 PARTITION p201405 VALUES LESS THAN (735750) ENGINE = InnoDB,
 PARTITION p201406 VALUES LESS THAN (735780) ENGINE = InnoDB,
 PARTITION p201407 VALUES LESS THAN (735811) ENGINE = InnoDB,
 PARTITION p201408 VALUES LESS THAN (735842) ENGINE = InnoDB,
 PARTITION p201409 VALUES LESS THAN (735872) ENGINE = InnoDB,
 PARTITION p201410 VALUES LESS THAN (735903) ENGINE = InnoDB,
 PARTITION p201411 VALUES LESS THAN (735933) ENGINE = InnoDB,
 PARTITION p201412 VALUES LESS THAN (735964) ENGINE = InnoDB,
 PARTITION p201501 VALUES LESS THAN (735995) ENGINE = InnoDB,
 PARTITION p201502 VALUES LESS THAN (736023) ENGINE = InnoDB,
 PARTITION p201503 VALUES LESS THAN (736054) ENGINE = InnoDB,
 PARTITION p201504 VALUES LESS THAN (736084) ENGINE = InnoDB,
 PARTITION p201505 VALUES LESS THAN (736115) ENGINE = InnoDB,
 PARTITION p201506 VALUES LESS THAN (736145) ENGINE = InnoDB,
 PARTITION p201507 VALUES LESS THAN (736176) ENGINE = InnoDB,
 PARTITION p201508 VALUES LESS THAN (736207) ENGINE = InnoDB,
 PARTITION p201509 VALUES LESS THAN (736237) ENGINE = InnoDB,
 PARTITION p201510 VALUES LESS THAN (736268) ENGINE = InnoDB,
 PARTITION p201511 VALUES LESS THAN (736298) ENGINE = InnoDB,
 PARTITION p201512 VALUES LESS THAN (736329) ENGINE = InnoDB,
 PARTITION p201601 VALUES LESS THAN (736360) ENGINE = InnoDB,
 PARTITION p201602 VALUES LESS THAN (736389) ENGINE = InnoDB,
 PARTITION p201603 VALUES LESS THAN (736420) ENGINE = InnoDB,
 PARTITION p201604 VALUES LESS THAN (736450) ENGINE = InnoDB,
 PARTITION p201605 VALUES LESS THAN (736481) ENGINE = InnoDB,
 PARTITION p201606 VALUES LESS THAN (736511) ENGINE = InnoDB,
 PARTITION p201607 VALUES LESS THAN (736542) ENGINE = InnoDB,
 PARTITION p201608 VALUES LESS THAN (736573) ENGINE = InnoDB,
 PARTITION p201609 VALUES LESS THAN (736603) ENGINE = InnoDB,
 PARTITION p201610 VALUES LESS THAN (736634) ENGINE = InnoDB,
 PARTITION p201611 VALUES LESS THAN (736664) ENGINE = InnoDB,
 PARTITION p201612 VALUES LESS THAN (736695) ENGINE = InnoDB,
 PARTITION p201701 VALUES LESS THAN (736726) ENGINE = InnoDB,
 PARTITION p201702 VALUES LESS THAN (736754) ENGINE = InnoDB,
 PARTITION p201703 VALUES LESS THAN (736785) ENGINE = InnoDB,
 PARTITION p201704 VALUES LESS THAN (736815) ENGINE = InnoDB,
 PARTITION p201705 VALUES LESS THAN (736846) ENGINE = InnoDB,
 PARTITION p201706 VALUES LESS THAN (736876) ENGINE = InnoDB,
 PARTITION p201707 VALUES LESS THAN (736907) ENGINE = InnoDB,
 PARTITION p201708 VALUES LESS THAN (736938) ENGINE = InnoDB,
 PARTITION p201709 VALUES LESS THAN (736968) ENGINE = InnoDB,
 PARTITION p201710 VALUES LESS THAN (736999) ENGINE = InnoDB,
 PARTITION p201711 VALUES LESS THAN (737029) ENGINE = InnoDB,
 PARTITION p201712 VALUES LESS THAN (737060) ENGINE = InnoDB,
 PARTITION p201801 VALUES LESS THAN (737091) ENGINE = InnoDB,
 PARTITION p201802 VALUES LESS THAN (737119) ENGINE = InnoDB,
 PARTITION p201803 VALUES LESS THAN (737150) ENGINE = InnoDB,
 PARTITION p201804 VALUES LESS THAN (737180) ENGINE = InnoDB,
 PARTITION p201805 VALUES LESS THAN (737211) ENGINE = InnoDB,
 PARTITION p201806 VALUES LESS THAN (737241) ENGINE = InnoDB,
 PARTITION p201807 VALUES LESS THAN (737272) ENGINE = InnoDB,
 PARTITION p201808 VALUES LESS THAN (737303) ENGINE = InnoDB,
 PARTITION p201809 VALUES LESS THAN (737333) ENGINE = InnoDB,
 PARTITION p201810 VALUES LESS THAN (737364) ENGINE = InnoDB,
 PARTITION p201811 VALUES LESS THAN (737394) ENGINE = InnoDB,
 PARTITION p201812 VALUES LESS THAN (737425) ENGINE = InnoDB,
 PARTITION pMAX VALUES LESS THAN MAXVALUE ENGINE = InnoDB) */;
/*!40101 SET character_set_client = @saved_cs_client */;

--
-- Dumping data for table `Counter`
--

LOCK TABLES `Counter` WRITE;
/*!40000 ALTER TABLE `Counter` DISABLE KEYS */;
INSERT INTO `Counter` VALUES ('2013-10-08 09:00:00',4,9,6,2,85235009085,'0000000000',86,0,86,0),('2013-10-10 08:00:00',4,9,6,2,85235009085,'0000000000',1,1,0,150),('2013-10-11 17:00:00',4,9,6,2,85235009085,'0000000000',1,0,0,27),('2013-10-11 17:00:00',4,9,6,2,85235009085,'0000000001',2,0,0,54),('2013-10-26 06:00:00',4,9,6,2,85235009085,'0000000000',6,0,6,84);
/*!40000 ALTER TABLE `Counter` ENABLE KEYS */;
UNLOCK TABLES;

--
-- Table structure for table `Number`
--

DROP TABLE IF EXISTS `Number`;
/*!40101 SET @saved_cs_client     = @@character_set_client */;
/*!40101 SET character_set_client = utf8 */;
CREATE TABLE `Number` (
  `id` bigint(15) unsigned NOT NULL,
  `type` int(2) NOT NULL,
  `provider` varchar(50) NOT NULL,
  `client_id` int(9) unsigned DEFAULT NULL,
  `price_buy` int(8) unsigned NOT NULL DEFAULT '0',
  `price_resale` int(8) unsigned NOT NULL DEFAULT '0',
  `date_create` date NOT NULL,
  `date_assign` date DEFAULT NULL,
  `date_lastcall` datetime DEFAULT NULL,
  PRIMARY KEY (`id`),
  UNIQUE KEY `id` (`id`)
) ENGINE=InnoDB DEFAULT CHARSET=utf8;
/*!40101 SET character_set_client = @saved_cs_client */;

--
-- Dumping data for table `Number`
--

LOCK TABLES `Number` WRITE;
/*!40000 ALTER TABLE `Number` DISABLE KEYS */;
INSERT INTO `Number` VALUES (85235009085,1,'Citic',4,40,50,'2013-10-10','2013-10-10',NULL),(85235009087,1,'Citic',NULL,40,50,'2013-10-10',NULL,NULL),(85235009088,1,'Citic',NULL,40,50,'2013-10-10',NULL,NULL),(85235009089,1,'Citic',NULL,40,50,'2013-10-10',NULL,NULL),(85235009090,1,'Citic',4,40,50,'2013-10-10','2013-10-10',NULL),(85235009091,1,'Citic',22,40,50,'2013-10-10','2013-11-01',NULL),(85235009092,1,'Citic',22,40,50,'2013-10-10','2013-11-01',NULL),(85235009093,1,'Citic',NULL,40,50,'2013-10-10',NULL,NULL),(85235009095,1,'Citic',NULL,40,50,'2013-10-10',NULL,NULL),(85235009096,1,'Citic',NULL,40,50,'2013-10-10',NULL,NULL);
/*!40000 ALTER TABLE `Number` ENABLE KEYS */;
UNLOCK TABLES;

--
-- Table structure for table `User`
--

DROP TABLE IF EXISTS `User`;
/*!40101 SET @saved_cs_client     = @@character_set_client */;
/*!40101 SET character_set_client = utf8 */;
CREATE TABLE `User` (
  `id` int(9) unsigned NOT NULL AUTO_INCREMENT,
  `username` varchar(255) COLLATE utf8_unicode_ci NOT NULL,
  `username_canonical` varchar(255) COLLATE utf8_unicode_ci NOT NULL,
  `email` varchar(255) COLLATE utf8_unicode_ci NOT NULL,
  `email_canonical` varchar(255) COLLATE utf8_unicode_ci NOT NULL,
  `enabled` tinyint(1) NOT NULL,
  `salt` varchar(255) COLLATE utf8_unicode_ci NOT NULL,
  `password` varchar(255) COLLATE utf8_unicode_ci NOT NULL,
  `last_login` datetime DEFAULT NULL,
  `locked` tinyint(1) NOT NULL,
  `expired` tinyint(1) NOT NULL,
  `expires_at` datetime DEFAULT NULL,
  `confirmation_token` varchar(255) COLLATE utf8_unicode_ci DEFAULT NULL,
  `password_requested_at` datetime DEFAULT NULL,
  `roles` longtext COLLATE utf8_unicode_ci NOT NULL COMMENT '(DC2Type:array)',
  `credentials_expired` tinyint(1) NOT NULL,
  `credentials_expire_at` datetime DEFAULT NULL,
  `multi_client` int(1) DEFAULT NULL,
  `name` varchar(80) COLLATE utf8_unicode_ci DEFAULT NULL,
  `business_name` varchar(80) COLLATE utf8_unicode_ci DEFAULT NULL,
  `phone` varchar(30) COLLATE utf8_unicode_ci DEFAULT NULL,
  `address` varchar(120) COLLATE utf8_unicode_ci DEFAULT NULL,
  `bill_business_name` varchar(80) COLLATE utf8_unicode_ci DEFAULT NULL,
  `bill_name` varchar(80) COLLATE utf8_unicode_ci DEFAULT NULL,
  `bill_email` varchar(50) COLLATE utf8_unicode_ci DEFAULT NULL,
  `bill_phone` varchar(50) COLLATE utf8_unicode_ci DEFAULT NULL,
  `bill_address` varchar(120) COLLATE utf8_unicode_ci DEFAULT NULL,
  `date_create` datetime DEFAULT NULL,
  PRIMARY KEY (`id`),
  UNIQUE KEY `UNIQ_2DA1797792FC23A8` (`username_canonical`)
) ENGINE=InnoDB AUTO_INCREMENT=37 DEFAULT CHARSET=utf8 COLLATE=utf8_unicode_ci;
/*!40101 SET character_set_client = @saved_cs_client */;

--
-- Dumping data for table `User`
--

LOCK TABLES `User` WRITE;
/*!40000 ALTER TABLE `User` DISABLE KEYS */;
INSERT INTO `User` VALUES (1,'admin','admin','kc@jankstudio.com','kc@jankstudio.com',1,'88mx3wkmehwk08wwoo00kwg04wgk8cc','IcAuzWLxVy9m9Rn1BBL9TGn3t75mHaq2j9s/ASwQdMqJrcsu8koByMYlv9oygfjA6HR1uy0+9ODBfIqRoaCCUA==','2013-11-01 06:54:04',0,0,NULL,NULL,NULL,'a:1:{i:0;s:10:\"ROLE_ADMIN\";}',0,NULL,NULL,NULL,NULL,NULL,NULL,NULL,NULL,NULL,NULL,NULL,NULL),(7,'sample','sample','contact.guy@yahoo.com','contact.guy@yahoo.com',1,'4i19bumhhv28swww0gwss8cwkkk848c','3GIRXTHKroyV8grwhpIlC/kVVQkRQ3n8uzpthQrHGWCig0ZEzsOJNJkDs9nAzyReRvSMaXcicGZM4Qxu6XNbgQ==','2013-10-17 23:53:40',0,0,NULL,NULL,NULL,'a:0:{}',0,NULL,1,'Contact Guy','Sample Company','0923840209','Somewhere out there','Sample Company','Contact Guy','contact.guy@sample.company.com','0982349092','Somewhere out there part 2','2013-09-21 02:20:33'),(8,'multi','multi','multi@jankstudio.com','multi@jankstudio.com',1,'gyv7hgc6m6g4008cgsw8gsww8ggc840','tdwcSMvfmLo+AI3YxsK8M/PPw1w+toftMSsy/KRluhJx2eKlbU1PE1rDxDWYHgDtkZUITM+FlzPNSqhSs9xleQ==','2013-09-30 23:23:37',0,0,NULL,NULL,NULL,'a:0:{}',0,NULL,1,'Multi Test','Multi Test','230948234','Somewhere','','','','','','2013-09-30 05:52:52'),(12,'new','new','new@jankstudio.com','new@jankstudio.com',1,'66ymmethpxgkokc8k0wg40k8w4s44kw','eeBd48cSiAmTgMNgj/9brWvCASFGTK/QbvaJAs6lPf4vpqpaX2HaYAHgQ64sCxhlMnQlLkE0uPSW+zqEgGPynA==','2013-09-30 22:15:34',0,0,NULL,NULL,NULL,'a:0:{}',0,NULL,0,'New Single Client','New Single Client','29392834','Test','','','','','','2013-09-30 20:28:15'),(13,'Test','test','test2@test.com','test2@test.com',1,'bic215yadn480co0c8os0kko0g040gw','4+g+fISkmBH9uiZOTRmVFQedw2VALxB//f+1V+/uW+DUhufbZ3PxwSGCRKmcJQzmz3OdXy2CJjfekiDpYuP3+Q==',NULL,0,0,NULL,NULL,NULL,'a:0:{}',0,NULL,0,'Test','Test','234234234','','','','','','','2013-09-30 22:36:00'),(14,'blah','blah','blah2@blah.com','blah2@blah.com',1,'o4c6wnl397kkc04w40woww80s8kgc8','hk5eHYRk4vHua+2PicO3Fat2XOKxt49xT0d4cvXIKOSeWAgfCwfrGpu5DPdFgqi6sANykoQAjUB4IetAAHWViQ==',NULL,0,0,NULL,NULL,NULL,'a:0:{}',0,NULL,0,'Blah','Blah','23049802','','','','','','','2013-10-14 07:58:59'),(22,'blah2','blah2','blah2@blah.com','blah2@blah.com',1,'7xb9lm9hwmkogsg8w8cg8gc8cwgwscc','djmqNOlBpJihY2tqX5eRnAA2MG6tMMj9KwUqWHHE9RS/Vqna+HVOuduHsI/rugvSGZfKmGWPSjrUnINVd6mAcA==',NULL,0,0,NULL,NULL,NULL,'a:0:{}',0,NULL,0,'Blah','Blah','2934892344','','','','','','','2013-10-14 08:12:09'),(25,'single_test','single_test','single@test.com','single@test.com',1,'4yc3g0ohhw4c44g08ww4c4ssk800kco','43zfxLy/wtYcInlzar7U986HWLJsN7sB4HnGJNuCtTLgKW9DAJK8PgP4VJk8MI2GF1ZoVbgv8ySGPIK5XzNJmA==',NULL,0,0,NULL,NULL,NULL,'a:0:{}',0,NULL,0,'Single Test','Single Test','239482938424','','','','','','','2013-10-15 04:01:22'),(26,'multitest','multitest','multitest@jankstudio.com','multitest@jankstudio.com',1,'rao5cnls7dcc0sk4ogccs4k04wwws0c','2X1I2Du2ni3hMbhvPyBSYmcGy9Si/jjX9trPtHU89hDNHvLxwIR15HcnVITpHbWloXyR8V+Bnp4Casqyk37qLw==',NULL,0,0,NULL,NULL,NULL,'a:0:{}',0,NULL,1,'Multi Test','Multi Test','2039490023490','','','','','','','2013-10-26 05:25:03'),(27,'single','single','single@test.com','single@test.com',1,'d37pvp4bx0ggowokwg40o8o4ow04goc','xMcgcb9OmnSDcr5y3ovyrF2+9R7bVDgxK5mA009CkrMD4P5qKG5l9WPPyDwYcGGKnyWBNkZOAEY3+ES2aFgezQ==',NULL,0,0,NULL,NULL,NULL,'a:0:{}',0,NULL,0,'Single Test','Single Test','2304902934','','','','','','','2013-10-31 14:06:53'),(28,'single2','single2','single@test.com','single@test.com',1,'e2nvbla9xc84cswc448ggk4ss0cgco0','+ORoOwiUSDVQAydhpKqZwMTXvFmF+2tpr/AWD/1FCnYoZ4tf5rlPL55TxT7ahmUD01jeUNAxZIUmVSPsWf1R4g==',NULL,0,0,NULL,NULL,NULL,'a:0:{}',0,NULL,0,'single 2','single 2','3289042','','','','','','','2013-10-31 14:11:25'),(29,'single3','single3','single@test.com','single@test.com',1,'f4hfyd9boqgwoggkwo88k0csw4osgs8','SFVfNIgwb/HdKEuO+Hce67QWH4cfbqD6+fRKtsEJHR9d/UP26jJDP/U/nNlzP81CMHE+wItyggzPyhr7lB9DSA==',NULL,0,0,NULL,NULL,NULL,'a:0:{}',0,NULL,0,'single 3','single 3','02394839024','','','','','','','2013-10-31 14:13:29'),(30,'single5','single5','single@test.com','single@test.com',1,'h6hd400kxy0cwo4o0kww4o080g8kkg8','8jjpbx0HX3kU5bjt2VwRujEQTh+OAPvLewm9dE7q746YQRZTUvuTktaju3VLMskRnV3HdFRSAk816GZ5a42ARQ==',NULL,0,0,NULL,NULL,NULL,'a:0:{}',0,NULL,0,'Single 5','Single 5','29348290','','','','','','','2013-11-01 08:07:05'),(32,'s6','s6','single@test.com','single@test.com',1,'4acx0u6hake8owsksk4gg4sg48ssw04','kP3MzVEmdN6ucFKIflOfs23PVNY5wDuOZvYRPNHhY0QEHZn/GzybUjx68nWzenp2f0Hgb3nUquzjqRxZfOfFXw==',NULL,0,0,NULL,NULL,NULL,'a:0:{}',0,NULL,0,'single 6','single 6','02394809','','','','','','','2013-11-01 08:09:34'),(34,'s7','s7','s7@s7.com','s7@s7.com',1,'m5b83j3t76ogcww4gcocgswk4ckkosc','9Onr8gvfJrWpsMx5n0A0tqKx+q/rjBMJTf6gHk4Br5F7wlVTemsHe4MaBTph6vwqCnMegt/SHKhJroOluoWBiw==',NULL,0,0,NULL,NULL,NULL,'a:0:{}',0,NULL,0,'s7','s7','23409024234','','','','','','','2013-11-01 08:10:28'),(35,'s8','s8','s8@s8.com','s8@s8.com',1,'5x4gk9nnxtkwgk0g8gssos0sw0gso4s','FdtSROWvZXhUw0b05KQddl9FMuga2ePUxbywJDzHcNusFG0EaCgSv1ubVCFCGiMyPWyctS7SDnocdED56GzyCw==',NULL,0,0,NULL,NULL,NULL,'a:0:{}',0,NULL,0,'s8','s8','20394823094','','','','','','','2013-11-01 08:11:26'),(36,'s9','s9','s9@s9.com','s9@s9.com',1,'e7paesz3upkw8s0cocg8skg4sss8gww','Kz8aXtBOw25lNhYqIUatmVNNNi87tPlgLcOea7C1rZUwHBW2Xxj6fi4CQY65QzrsgCCdhaiMMn2+8Vm4RPUg0g==',NULL,0,0,NULL,NULL,NULL,'a:0:{}',0,NULL,1,'s9','s9','23948924','','','','','','','2013-11-01 08:14:28');
/*!40000 ALTER TABLE `User` ENABLE KEYS */;
UNLOCK TABLES;
/*!40103 SET TIME_ZONE=@OLD_TIME_ZONE */;

/*!40101 SET SQL_MODE=@OLD_SQL_MODE */;
/*!40014 SET FOREIGN_KEY_CHECKS=@OLD_FOREIGN_KEY_CHECKS */;
/*!40014 SET UNIQUE_CHECKS=@OLD_UNIQUE_CHECKS */;
/*!40101 SET CHARACTER_SET_CLIENT=@OLD_CHARACTER_SET_CLIENT */;
/*!40101 SET CHARACTER_SET_RESULTS=@OLD_CHARACTER_SET_RESULTS */;
/*!40101 SET COLLATION_CONNECTION=@OLD_COLLATION_CONNECTION */;
/*!40111 SET SQL_NOTES=@OLD_SQL_NOTES */;

-- Dump completed on 2013-11-01  9:02:45
