-- MySQL dump 10.13  Distrib 5.5.32, for debian-linux-gnu (x86_64)
--
-- Host: 54.254.135.246    Database: oncall
-- ------------------------------------------------------
-- Server version	5.5.32-0ubuntu0.13.04.1-log

/*!40101 SET @OLD_CHARACTER_SET_CLIENT=@@CHARACTER_SET_CLIENT */;
/*!40101 SET @OLD_CHARACTER_SET_RESULTS=@@CHARACTER_SET_RESULTS */;
/*!40101 SET @OLD_COLLATION_CONNECTION=@@COLLATION_CONNECTION */;
/*!40101 SET NAMES utf8 */;
/*!40103 SET @OLD_TIME_ZONE=@@TIME_ZONE */;
/*!40103 SET TIME_ZONE='+00:00' */;
/*!40014 SET @OLD_UNIQUE_CHECKS=@@UNIQUE_CHECKS, UNIQUE_CHECKS=0 */;
/*!40014 SET @OLD_FOREIGN_KEY_CHECKS=@@FOREIGN_KEY_CHECKS, FOREIGN_KEY_CHECKS=0 */;
/*!40101 SET @OLD_SQL_MODE=@@SQL_MODE, SQL_MODE='NO_AUTO_VALUE_ON_ZERO' */;
/*!40111 SET @OLD_SQL_NOTES=@@SQL_NOTES, SQL_NOTES=0 */;

--
-- Table structure for table `AccountCounter`
--

DROP TABLE IF EXISTS `AccountCounter`;
/*!40101 SET @saved_cs_client     = @@character_set_client */;
/*!40101 SET character_set_client = utf8 */;
CREATE TABLE `AccountCounter` (
  `date_in` date NOT NULL,
  `user_id` int(9) unsigned NOT NULL,
  `client_count` int(9) unsigned NOT NULL DEFAULT '0',
  `number_count` int(9) unsigned NOT NULL DEFAULT '0',
  `call_count` int(9) unsigned NOT NULL DEFAULT '0',
  `duration` bigint(15) unsigned NOT NULL DEFAULT '0',
  PRIMARY KEY (`date_in`,`user_id`)
) ENGINE=InnoDB DEFAULT CHARSET=latin1;
/*!40101 SET character_set_client = @saved_cs_client */;

--
-- Dumping data for table `AccountCounter`
--

LOCK TABLES `AccountCounter` WRITE;
/*!40000 ALTER TABLE `AccountCounter` DISABLE KEYS */;
INSERT INTO `AccountCounter` VALUES ('2013-11-01',1,0,0,0,0),('2013-11-01',7,4,0,0,0),('2013-11-01',8,2,0,0,0),('2013-11-01',12,1,0,0,0),('2013-11-01',13,1,0,0,0),('2013-11-01',14,2,19,53,624),('2013-11-01',16,1,3,0,0),('2013-11-01',17,0,0,0,0),('2013-11-01',18,1,10,10,173),('2013-11-01',19,0,0,163,6431),('2013-11-01',20,0,0,0,0),('2013-11-01',21,0,0,0,0),('2013-11-26',22,0,0,0,0),('2013-11-26',23,0,0,0,0),('2014-01-16',24,1,0,0,0);
/*!40000 ALTER TABLE `AccountCounter` ENABLE KEYS */;
UNLOCK TABLES;

--
-- Table structure for table `AdGroup`
--

DROP TABLE IF EXISTS `AdGroup`;
/*!40101 SET @saved_cs_client     = @@character_set_client */;
/*!40101 SET character_set_client = utf8 */;
CREATE TABLE `AdGroup` (
  `id` int(11) unsigned NOT NULL AUTO_INCREMENT,
  `campaign_id` int(11) unsigned NOT NULL,
  `name` varchar(50) NOT NULL,
  `status` smallint(2) unsigned NOT NULL,
  `date_create` date NOT NULL,
  PRIMARY KEY (`id`)
) ENGINE=InnoDB AUTO_INCREMENT=47 DEFAULT CHARSET=utf8;
/*!40101 SET character_set_client = @saved_cs_client */;

--
-- Dumping data for table `AdGroup`
--

LOCK TABLES `AdGroup` WRITE;
/*!40000 ALTER TABLE `AdGroup` DISABLE KEYS */;
INSERT INTO `AdGroup` VALUES (1,4,'Blah Blah Blah!',1,'2013-10-06'),(2,4,'Test AdGroup',1,'2013-10-06'),(3,1,'Edited AdGroup',1,'2013-10-06'),(4,7,'Test AdGroup',1,'2013-10-07'),(5,8,'Adidas Ad Group',1,'2013-10-07'),(6,9,'Ad Group',1,'2013-10-10'),(7,10,'Business Cards',1,'2013-10-13'),(8,11,'Test Adgroup',1,'2013-10-14'),(9,14,'Business Cards',1,'2013-10-15'),(10,14,'Email Signatures',1,'2013-10-15'),(11,14,'Flyers',0,'2013-10-15'),(12,14,'Letterheads',1,'2013-10-15'),(13,15,'General Pages',1,'2013-10-15'),(14,16,'Compass Offices',0,'2013-10-15'),(15,17,'Banners',1,'2013-10-15'),(16,17,'Text Ads',1,'2013-10-15'),(17,21,'SCMP',1,'2013-10-15'),(18,23,'Causeway Bay',1,'2013-10-15'),(19,23,'Sheung Wan',1,'2013-10-15'),(20,20,'Posters',1,'2013-10-16'),(21,24,'Billboards',1,'2013-10-16'),(22,24,'Trams',1,'2013-10-16'),(23,24,'Buses',1,'2013-10-16'),(24,25,'Launch Announcement (16/10/13)',1,'2013-10-16'),(25,23,'TST',1,'2013-10-16'),(26,14,'Brochure',1,'2013-10-21'),(27,26,'Test Calls',1,'2013-10-21'),(28,25,'Launch Announcement (25/10/13)',1,'2013-10-25'),(29,25,'Launch Announcement to Media (31/10/13)',1,'2013-10-30'),(30,27,'PPC (Google & Yahoo!)',1,'2013-10-31'),(31,28,'Google Adwords',1,'2013-11-04'),(32,28,'Yahoo!',1,'2013-11-04'),(33,29,'Test Ad Group',0,'2013-11-05'),(34,30,'Test Adgroup',0,'2013-11-05'),(35,25,'Drip Campaign \"Crash Course\"',1,'2013-11-06'),(36,14,'Billing',1,'2013-11-08'),(37,32,'Paid Advertising',1,'2013-11-08'),(38,33,'Interviews & Articles',1,'2013-11-15'),(39,17,'Landing Pages',1,'2013-11-17'),(40,34,'Google Adwords',1,'2013-11-26'),(41,35,'Wall Street Journal',1,'2013-11-26'),(42,36,'Social Media',1,'2013-12-02'),(43,36,'Website',1,'2013-12-02'),(44,37,'Print',1,'2013-12-02'),(45,38,'Fixed Lines',1,'2013-12-16'),(46,39,'Example AdGroup',1,'2014-01-16');
/*!40000 ALTER TABLE `AdGroup` ENABLE KEYS */;
UNLOCK TABLES;

--
-- Table structure for table `Advert`
--

DROP TABLE IF EXISTS `Advert`;
/*!40101 SET @saved_cs_client     = @@character_set_client */;
/*!40101 SET character_set_client = utf8 */;
CREATE TABLE `Advert` (
  `id` int(9) unsigned NOT NULL AUTO_INCREMENT,
  `adgroup_id` int(9) unsigned NOT NULL,
  `name` varchar(50) NOT NULL,
  `number_id` bigint(15) unsigned DEFAULT NULL,
  `destination` bigint(15) unsigned DEFAULT NULL,
  `xml_replace` text,
  `xml_override` smallint(1) unsigned NOT NULL DEFAULT '0',
  `status` smallint(2) unsigned NOT NULL,
  `date_create` date NOT NULL,
  `record` smallint(1) NOT NULL DEFAULT '0',
  `speak` smallint(1) NOT NULL DEFAULT '0',
  `speak_message` text NOT NULL,
  PRIMARY KEY (`id`)
) ENGINE=InnoDB AUTO_INCREMENT=59 DEFAULT CHARSET=utf8;
/*!40101 SET character_set_client = @saved_cs_client */;

--
-- Dumping data for table `Advert`
--

LOCK TABLES `Advert` WRITE;
/*!40000 ALTER TABLE `Advert` DISABLE KEYS */;
INSERT INTO `Advert` VALUES (2,6,'Lego Ad Test',NULL,85266821490,'<Speak language=\"en-GB\">This is a test to see if the Plivo answer script works.</Speak>',0,0,'2013-10-10',0,0,''),(3,6,'',NULL,0,'',0,0,'2013-10-13',0,0,''),(4,7,'Scott Bowler',NULL,85266821490,'',0,0,'2013-10-13',0,0,''),(5,7,'Mark Hollinworth',NULL,85266821490,'',0,0,'2013-10-13',0,0,''),(6,8,'Test Advert',NULL,85266821490,NULL,0,0,'2013-10-14',0,0,''),(7,8,'',NULL,NULL,NULL,0,0,'2013-10-14',0,0,''),(8,9,'Scott Bowler',85235009080,85269728590,' <Speak>This is Plivo Cloud</Speak>\r\n    <Play>https://s3.amazonaws.com/plivocloud/Trumpet.mp3</Play>',0,1,'2013-10-15',1,1,'Thank you for ringing CallTracking. Your Calls May Be Recorded for Training Purposes. Please wait while we connect your call.'),(9,9,'Mark Hollinworth',85235009081,85269728590,'',0,1,'2013-10-15',1,0,''),(10,9,'Kendrick Chan',NULL,NULL,NULL,0,1,'2013-10-15',0,0,''),(11,9,'Gautam Manohar',NULL,NULL,NULL,0,1,'2013-10-15',0,0,''),(12,10,'Scott Bowler',85235009082,85269728590,'',0,1,'2013-10-15',1,1,'Thank you for ringing CallTracking. Your Calls May Be Recorded for Training Purposes. Please wait while we connect your call.'),(13,10,'Mark Hollinworth',85235009083,85269728590,NULL,0,1,'2013-10-15',1,0,''),(14,13,'Website Number',85235009088,85269728590,'',0,1,'2013-10-15',1,1,'Thank you for ringing CallTracking. Your Calls May Be Recorded for Training Purposes. Please wait while we connect your call.'),(15,17,'September - half page ad (2245)',NULL,85291473549,'',0,1,'2013-10-15',0,0,''),(16,19,'Generic posters',NULL,85291473549,NULL,0,1,'2013-10-15',0,0,''),(17,18,'Times Square Posters',NULL,85291895941,NULL,0,0,'2013-10-15',0,0,''),(18,15,'Plivo number',NULL,85266821490,'',0,0,'2013-10-16',0,0,''),(19,20,'September Flyer',NULL,NULL,NULL,0,1,'2013-10-16',0,0,''),(20,22,'September',NULL,85291473549,NULL,0,1,'2013-10-16',0,0,''),(21,24,'Email Number',NULL,85291473549,'<Play>http://www.calltracking.hk/audio/scott-away.mp3</Play>\r\n<Dial callerId=\"85255555555\">\r\n <Number>85266821490</Number>\r\n</Dial>',1,1,'2013-10-16',0,0,''),(22,21,'September',85235009093,85291473549,NULL,0,1,'2013-10-16',0,0,''),(23,25,'TST',NULL,85263967903,NULL,0,1,'2013-10-16',0,0,''),(24,15,'Wide Skyscraper',85235009097,85269728590,'',0,1,'2013-10-18',0,0,''),(25,15,'Leaderboard',85235009098,85269728590,'',0,1,'2013-10-18',0,0,''),(26,15,'Medium Rectangle',NULL,85291473549,'',0,1,'2013-10-18',0,0,''),(27,16,'All Text Ads',85235033047,85269728590,'',0,1,'2013-10-18',0,0,''),(28,26,'A4 Brochure',85235009099,85269728590,'',0,1,'2013-10-21',0,0,''),(29,27,'Plivo Number',85258082868,85269728590,'',0,1,'2013-10-21',0,0,''),(30,28,'Email Signature',NULL,85291473549,'',0,1,'2013-10-25',0,0,''),(31,29,'Email Signature',85235009084,85269728590,'',0,1,'2013-10-30',0,0,''),(32,27,'Compass Number',NULL,85266821490,'',0,0,'2013-10-31',0,0,''),(33,30,'HK VO Landing Page',85235009100,85239751890,'',0,1,'2013-10-31',0,0,''),(34,30,'Text Ads',85235009101,85239751890,'',0,1,'2013-10-31',0,0,''),(35,27,'test',85235009087,85269728590,'',0,1,'2013-11-02',0,0,''),(36,9,'Wendys Business Card',NULL,85290930376,'',0,0,'2013-11-04',0,0,''),(37,12,'Contracts & Other Legal Docs',85235009089,85269728590,'',0,1,'2013-11-04',0,0,''),(38,3,'Test Advert',NULL,NULL,'',0,1,'2013-11-04',0,0,''),(39,31,'Google Advert',NULL,85266821490,'',0,1,'2013-11-04',0,0,''),(40,32,'Yahoo Advert',NULL,6584991987,'',0,1,'2013-11-04',0,0,''),(41,33,'Test ADvert Name',85235009110,852,'',0,1,'2013-11-05',0,0,''),(42,34,'Test Advert',NULL,NULL,NULL,0,0,'2013-11-05',0,0,''),(43,35,'Email Signature',85235009085,85269728590,'',0,1,'2013-11-06',0,0,''),(44,36,'Scott\'s Signature on Billing Emails',85235009090,85269728590,'',0,1,'2013-11-08',0,0,''),(45,37,'Yahoo',6531582180,6585152058,'',0,1,'2013-11-11',1,0,''),(46,37,'Test',NULL,6585152058,'',0,0,'2013-11-14',0,0,''),(47,38,'Startups HK',85235009091,85269728590,'',0,1,'2013-11-15',0,0,''),(48,39,'Your Customers Hate You',NULL,85291473549,'',0,0,'2013-11-17',0,0,''),(49,37,'Google',6531586275,6585152617,'',0,1,'2013-11-19',1,1,'Thank you for calling DocDoc. Please wait while we connect your call.'),(50,40,'MSC Advert',6531586172,6563172050,'',0,1,'2013-11-26',1,0,''),(51,41,'Dec Half Page Ad',85235009092,85222328888,'',0,1,'2013-11-26',1,0,''),(52,41,'Dec Insert',NULL,85223681111,NULL,0,0,'2013-11-26',0,0,''),(53,42,'Facebook',85235009106,85225252833,NULL,0,1,'2013-12-02',1,0,''),(54,43,'Website',85235009105,85225252833,NULL,0,1,'2013-12-02',1,0,''),(55,44,'HK Magazine',85235009107,85225252833,NULL,0,1,'2013-12-02',1,0,''),(56,45,'Fixed Office Line',85235009095,85269765090,'',0,1,'2013-12-16',1,1,'Thank you for calling TalkPush. Please wait while we connect your call.'),(57,37,'test',NULL,NULL,NULL,0,1,'2014-01-15',1,1,'This call is hgoing to be recorded'),(58,46,'Example Advert',85235009109,85266821490,'',0,1,'2014-01-16',1,1,'Thank you for calling WharfT&T eBusiness. Your Calls May Be Recorded for Training Purposes. Please wait while we connect your call.');
/*!40000 ALTER TABLE `Advert` ENABLE KEYS */;
UNLOCK TABLES;

--
-- Table structure for table `CallLog`
--

DROP TABLE IF EXISTS `CallLog`;
/*!40101 SET @saved_cs_client     = @@character_set_client */;
/*!40101 SET character_set_client = utf8 */;
CREATE TABLE `CallLog` (
  `id` bigint(14) unsigned NOT NULL AUTO_INCREMENT,
  `date_in` datetime NOT NULL,
  `call_id` varchar(40) NOT NULL,
  `origin_number` bigint(15) NOT NULL,
  `dialled_number` bigint(15) NOT NULL,
  `destination_number` bigint(15) DEFAULT NULL,
  `date_start` datetime NOT NULL,
  `date_end` datetime NOT NULL,
  `duration` int(5) NOT NULL DEFAULT '0',
  `bill_duration` int(5) NOT NULL DEFAULT '0',
  `bill_rate` decimal(8,5) NOT NULL DEFAULT '0.00000',
  `status` varchar(20) NOT NULL DEFAULT 'completed',
  `hangup_cause` varchar(100) DEFAULT NULL,
  `advert_id` int(9) unsigned NOT NULL,
  `adgroup_id` int(9) unsigned NOT NULL,
  `campaign_id` int(9) unsigned NOT NULL,
  `client_id` int(9) unsigned NOT NULL,
  `b_status` varchar(20) DEFAULT NULL,
  `b_hangup_cause` varchar(100) DEFAULT NULL,
  `audio_record` varchar(100) DEFAULT NULL,
  PRIMARY KEY (`id`)
) ENGINE=InnoDB AUTO_INCREMENT=1418 DEFAULT CHARSET=utf8;
/*!40101 SET character_set_client = @saved_cs_client */;

--
-- Dumping data for table `CallLog`
--

LOCK TABLES `CallLog` WRITE;
/*!40000 ALTER TABLE `CallLog` DISABLE KEYS */;
INSERT INTO `CallLog` VALUES (1,'2013-10-11 18:39:50','test-230948029348902',0,85235009085,1111111111,'2013-10-11 17:28:29','2013-10-11 17:29:15',27,60,0.00400,'completed','NORMAL_CLEARING',2,6,9,4,NULL,NULL,NULL),(2,'2013-10-11 19:25:14','test-230948029348902',0,85235009085,1111111111,'2013-10-11 17:28:29','2013-10-11 17:29:15',27,60,0.00400,'completed','NORMAL_CLEARING',2,6,9,4,NULL,NULL,NULL),(3,'2013-10-11 19:25:49','test-230948029348902',0,85235009085,1111111111,'2013-10-11 17:28:29','2013-10-11 17:29:15',27,60,0.00400,'completed','NORMAL_CLEARING',2,6,9,4,NULL,NULL,NULL),(4,'2013-10-11 19:26:13','test-230948029348902',1,85235009085,1111111111,'2013-10-11 17:28:29','2013-10-11 17:29:15',27,60,0.00400,'completed','NORMAL_CLEARING',2,6,9,4,NULL,NULL,NULL),(5,'2013-10-11 19:47:55','test-230948029348902',1,85235009085,1111111111,'2013-10-11 17:28:29','2013-10-11 17:29:15',27,60,0.00400,'completed','NORMAL_CLEARING',2,6,9,4,NULL,NULL,NULL),(6,'2013-10-11 19:49:44','test-230948029348902',1,85235009085,1111111111,'2013-10-11 17:28:29','2013-10-11 17:29:15',27,60,0.00400,'completed','NORMAL_CLEARING',2,6,9,4,NULL,NULL,NULL),(7,'2013-10-11 19:49:58','test-230948029348902',1,85235009085,1111111111,'2013-10-11 17:28:29','2013-10-11 17:29:15',27,60,0.00400,'completed','NORMAL_CLEARING',2,6,9,4,NULL,NULL,NULL),(8,'2013-10-11 19:50:27','test-230948029348902',0,85235009085,1111111111,'2013-10-11 17:28:29','2013-10-11 17:29:15',27,60,0.00400,'completed','NORMAL_CLEARING',2,6,9,4,NULL,NULL,NULL),(9,'2013-10-12 02:10:56','test-230948029348902',0,85235009085,1111111111,'2013-10-10 08:28:00','2013-10-10 08:30:45',150,180,0.00400,'completed','NORMAL_CLEARING',2,6,9,4,NULL,NULL,NULL),(10,'2013-10-12 02:22:51','test-230948029348902',0,85235009085,1111111111,'2013-10-08 09:28:00','2013-10-08 09:28:45',0,0,0.00400,'cancel','ORIGINATOR_CANCEL',2,6,9,4,NULL,NULL,NULL),(11,'2013-10-11 23:05:54','8ec0ee04-32c9-11e3-866b-9db60f030471',0,85235009085,1111111111,'2013-10-12 07:05:01','2013-10-12 07:05:08',5,60,0.00400,'completed','NORMAL_CLEARING',2,6,9,4,NULL,NULL,NULL),(12,'2013-10-11 23:20:25','cf6179be-32ca-11e3-bb1b-23cd508e28c5',0,85235009085,1111111111,'2013-10-12 07:13:59','2013-10-12 07:14:06',5,60,0.00400,'completed','NORMAL_CLEARING',2,6,9,4,NULL,NULL,NULL),(13,'2013-10-11 23:20:25','5e67f53e-32cb-11e3-86b4-9db60f030471',0,85235009085,85266821490,'2013-10-12 07:17:59','2013-10-12 07:18:28',7,60,0.00400,'completed','NORMAL_CLEARING',2,6,9,4,NULL,NULL,NULL),(14,'2013-10-11 23:24:03','13b257ea-32cc-11e3-bcc6-23cd508e28c5',0,85235009085,85266821490,'2013-10-12 07:23:03','2013-10-12 07:23:29',7,60,0.00400,'completed','NORMAL_CLEARING',2,6,9,4,NULL,NULL,NULL),(15,'2013-10-11 23:26:28','68a27280-32cc-11e3-bcf9-23cd508e28c5',66821490,85235009085,85266821490,'2013-10-12 07:25:26','2013-10-12 07:25:37',3,60,0.00400,'completed','NORMAL_CLEARING',2,6,9,4,NULL,NULL,NULL),(16,'2013-10-12 00:01:45','1e5681f8-32d1-11e3-8b98-9db60f030471',0,85235009085,85266821490,'2013-10-12 07:59:08','2013-10-12 08:00:08',0,0,0.00400,'cancel','ORIGINATOR_CANCEL',2,6,9,4,NULL,NULL,NULL),(17,'2013-10-14 11:42:08','ea71f928-33d2-11e3-8208-9db60f030471',0,85235009085,85266821490,'2013-10-13 14:44:32','2013-10-13 14:45:12',0,0,0.00400,'cancel','ORIGINATOR_CANCEL',2,6,9,4,NULL,NULL,NULL),(18,'2013-10-14 11:42:08','472657d6-33d3-11e3-8bce-23cd508e28c5',0,85235009085,85266821490,'2013-10-13 14:47:07','2013-10-13 14:47:14',5,60,0.00400,'completed','NORMAL_CLEARING',2,6,9,4,NULL,NULL,NULL),(19,'2013-10-14 11:42:08','6c3fae32-33d3-11e3-8dbd-23cd508e28c5',0,85235009085,85261975969,'2013-10-13 14:48:09','2013-10-13 14:48:28',0,0,0.00400,'cancel','ORIGINATOR_CANCEL',2,6,9,4,NULL,NULL,NULL),(20,'2013-10-14 11:42:08','7ed0e06e-34c5-11e3-a26f-23cd508e28c5',0,85235009085,85266821490,'2013-10-14 19:40:59','2013-10-14 19:41:29',0,0,0.00400,'cancel','ORIGINATOR_CANCEL',2,6,9,4,NULL,NULL,NULL),(21,'2013-10-15 02:07:46','6a8be030-353e-11e3-a8b4-9db60f030471',0,85235009080,85266821490,'2013-10-15 10:06:34','2013-10-15 10:07:10',13,60,0.00400,'completed','NORMAL_CLEARING',8,9,14,9,NULL,NULL,NULL),(22,'2013-10-15 06:04:04','75a93f1e-355f-11e3-a4a8-23cd508e28c5',35431685,85235009088,85266821490,'2013-10-15 14:03:06','2013-10-15 14:03:26',9,60,0.00400,'completed','NORMAL_CLEARING',14,13,15,9,NULL,NULL,NULL),(23,'2013-10-15 09:51:04','25a37d1c-3560-11e3-8f6e-9db60f030471',66821490,85235009088,85291473549,'2013-10-15 14:08:01','2013-10-15 14:09:23',61,120,0.00400,'completed','NORMAL_CLEARING',14,13,15,9,NULL,NULL,NULL),(24,'2013-10-15 09:51:04','ab9bb8b2-357e-11e3-b20c-23cd508e28c5',66821490,85235009093,85291473549,'2013-10-15 17:46:31','2013-10-15 17:46:41',1,60,0.00400,'completed','NORMAL_CLEARING',15,17,21,11,NULL,NULL,NULL),(25,'2013-10-15 23:07:34','6aaabfb4-35a2-11e3-9b82-23cd508e28c5',61975969,85235009093,85266821490,'2013-10-15 22:02:24','2013-10-15 22:02:49',0,0,0.00400,'cancel','ORIGINATOR_CANCEL',16,19,23,11,NULL,NULL,NULL),(26,'2013-10-15 23:07:34','80552d54-35a2-11e3-a902-9db60f030471',61975969,85235009093,85266821490,'2013-10-15 22:03:00','2013-10-15 22:03:18',6,60,0.00400,'completed','NORMAL_CLEARING',16,19,23,11,NULL,NULL,NULL),(27,'2013-10-15 23:07:34','bab55a06-35a6-11e3-9c28-23cd508e28c5',97732328,85235009093,85291473549,'2013-10-15 22:33:16','2013-10-15 22:35:34',125,180,0.00400,'completed','NORMAL_CLEARING',16,19,23,11,NULL,NULL,NULL),(28,'2013-10-16 04:35:09','4bf25dbe-361c-11e3-9c73-9db60f030471',21587520,85235009080,85266821490,'2013-10-16 12:34:51','2013-10-16 12:35:07',3,60,0.00400,'completed','NORMAL_CLEARING',8,9,14,9,NULL,NULL,NULL),(29,'2013-10-16 04:59:29','ae40e14a-361f-11e3-ad6c-9db60f030471',85235431685,85258082868,85266821490,'2013-10-16 12:59:04','2013-10-16 12:59:28',11,60,0.01500,'completed','NORMAL_CLEARING',18,15,17,9,NULL,NULL,NULL),(30,'2013-10-16 05:00:09','c5230c62-361f-11e3-bc70-23cd508e28c5',35431685,85235009080,85266821490,'2013-10-16 12:59:43','2013-10-16 13:00:07',8,60,0.00400,'completed','NORMAL_CLEARING',8,9,14,9,NULL,NULL,NULL),(31,'2013-10-16 05:30:10','f84b8444-3623-11e3-960e-23cd508e28c5',85235431685,85258082868,85266821490,'2013-10-16 13:29:46','2013-10-16 13:30:09',11,60,0.01500,'completed','NORMAL_CLEARING',18,15,17,9,NULL,NULL,NULL),(32,'2013-10-16 05:30:47','0d3abac8-3624-11e3-8079-9db60f030471',85235431685,85258082868,85266821490,'2013-10-16 13:30:22','2013-10-16 13:30:46',11,60,0.01500,'completed','NORMAL_CLEARING',18,15,17,9,NULL,NULL,NULL),(33,'2013-10-16 05:32:03','3e54a9f2-3624-11e3-9823-23cd508e28c5',35431685,85235009080,85266821490,'2013-10-16 13:31:44','2013-10-16 13:32:01',5,60,0.00400,'completed','NORMAL_CLEARING',8,9,14,9,NULL,NULL,NULL),(34,'2013-10-16 05:43:47','e0aa2082-3625-11e3-9fc2-23cd508e28c5',91473549,85235009095,85266821490,'2013-10-16 13:43:26','2013-10-16 13:43:46',1,60,0.00400,'completed','NORMAL_UNSPECIFIED',19,20,20,11,NULL,NULL,NULL),(35,'2013-10-16 05:44:50','fc6da2e4-3625-11e3-a0f3-23cd508e28c5',91473549,85235009095,85266821490,'2013-10-16 13:44:12','2013-10-16 13:44:49',4,60,0.00400,'completed','NORMAL_CLEARING',19,20,20,11,NULL,NULL,NULL),(36,'2013-10-16 05:45:24','17a6a844-3626-11e3-89a2-9db60f030471',91473549,85235009095,85266821490,'2013-10-16 13:44:58','2013-10-16 13:45:23',10,60,0.00400,'completed','NORMAL_CLEARING',19,20,20,11,NULL,NULL,NULL),(37,'2013-10-16 05:51:39','fa771744-3626-11e3-ac08-23cd508e28c5',91473549,85235009095,85266821490,'2013-10-16 13:51:19','2013-10-16 13:51:37',3,60,0.00400,'completed','NORMAL_CLEARING',20,22,24,11,NULL,NULL,NULL),(38,'2013-10-16 06:03:30','a2fb7d50-3628-11e3-a5e6-236df5cf3aeb',91473549,85235009093,85291473549,'2013-10-16 14:03:11','2013-10-16 14:03:28',10,60,0.00400,'completed','NORMAL_CLEARING',17,18,23,11,NULL,NULL,NULL),(39,'2013-10-16 06:18:56','cbcebbdc-362a-11e3-afdd-236df5cf3aeb',35431685,85235009084,85266821490,'2013-10-16 14:18:38','2013-10-16 14:18:54',3,60,0.00400,'completed','NORMAL_CLEARING',21,24,25,9,NULL,NULL,NULL),(40,'2013-10-16 06:19:53','f44aa58a-362a-11e3-b1ca-236df5cf3aeb',21587520,85235009080,85266821490,'2013-10-16 14:19:46','2013-10-16 14:19:51',0,0,0.00400,'cancel','ORIGINATOR_CANCEL',8,9,14,9,NULL,NULL,NULL),(41,'2013-10-16 06:29:56','4e30b94e-362c-11e3-bbd6-236df5cf3aeb',35431685,85235009084,85266821490,'2013-10-16 14:29:26','2013-10-16 14:29:54',26,60,0.00400,'completed','NORMAL_CLEARING',21,24,25,9,NULL,NULL,NULL),(42,'2013-10-16 06:33:12','d0351246-362c-11e3-a9b3-61556383a469',21587520,85235009080,85266821490,'2013-10-16 14:33:05','2013-10-16 14:33:10',0,0,0.00400,'cancel','ORIGINATOR_CANCEL',8,9,14,9,NULL,NULL,NULL),(43,'2013-10-16 06:33:51','e8341400-362c-11e3-bdf3-236df5cf3aeb',21587520,85235009080,85266821490,'2013-10-16 14:33:45','2013-10-16 14:33:50',0,0,0.00400,'cancel','ORIGINATOR_CANCEL',8,9,14,9,NULL,NULL,NULL),(44,'2013-10-16 06:35:03','128076ea-362d-11e3-be3f-236df5cf3aeb',21587520,85235009080,85266821490,'2013-10-16 14:34:56','2013-10-16 14:35:01',0,0,0.00400,'cancel','ORIGINATOR_CANCEL',8,9,14,9,NULL,NULL,NULL),(45,'2013-10-16 06:37:55','74d54c4e-362d-11e3-bfbe-236df5cf3aeb',21587520,85235009080,85266821490,'2013-10-16 14:37:41','2013-10-16 14:37:53',0,0,0.00400,'cancel','ORIGINATOR_CANCEL',8,9,14,9,NULL,NULL,NULL),(46,'2013-10-16 06:43:55','2afe6a3c-362e-11e3-8380-236df5cf3aeb',97732328,85235009095,85291473549,'2013-10-16 14:42:46','2013-10-16 14:43:53',55,60,0.00400,'completed','NORMAL_CLEARING',15,17,21,11,NULL,NULL,NULL),(47,'2013-10-16 06:46:29','aae95a40-362e-11e3-861b-236df5cf3aeb',21587520,85235009080,85266821490,'2013-10-16 14:46:21','2013-10-16 14:46:27',0,0,0.00400,'cancel','ORIGINATOR_CANCEL',8,9,14,9,NULL,NULL,NULL),(48,'2013-10-16 06:46:51','b818a9f0-362e-11e3-86f5-236df5cf3aeb',21587520,85235009080,85266821490,'2013-10-16 14:46:43','2013-10-16 14:46:49',0,0,0.00400,'cancel','ORIGINATOR_CANCEL',8,9,14,9,NULL,NULL,NULL),(49,'2013-10-16 06:47:43','d3b4854e-362e-11e3-b5fa-61556383a469',21587520,85235009080,85266821490,'2013-10-16 14:47:29','2013-10-16 14:47:41',0,0,0.00400,'cancel','ORIGINATOR_CANCEL',8,9,14,9,NULL,NULL,NULL),(50,'2013-10-16 07:09:36','e01af2b6-3631-11e3-95c7-61556383a469',91473549,85235009093,85291473549,'2013-10-16 15:09:19','2013-10-16 15:09:34',7,60,0.00400,'completed','NORMAL_CLEARING',17,18,23,11,NULL,NULL,NULL),(51,'2013-10-16 07:10:19','fbafc880-3631-11e3-992a-236df5cf3aeb',91473549,85235009095,85291473549,'2013-10-16 15:10:05','2013-10-16 15:10:18',6,60,0.00400,'completed','NORMAL_CLEARING',16,19,23,11,NULL,NULL,NULL),(52,'2013-10-16 07:10:50','0c9c3674-3632-11e3-99ca-236df5cf3aeb',21587520,85235009080,85266821490,'2013-10-16 15:10:33','2013-10-16 15:10:48',2,60,0.00400,'completed','NORMAL_CLEARING',8,9,14,9,NULL,NULL,NULL),(53,'2013-10-16 07:11:57','350e7eb4-3632-11e3-984a-61556383a469',91473549,85235009093,85291473549,'2013-10-16 15:11:41','2013-10-16 15:11:55',5,60,0.00400,'completed','NORMAL_CLEARING',22,21,24,11,NULL,NULL,NULL),(54,'2013-10-16 07:13:32','73303412-3632-11e3-9ad6-61556383a469',21587520,85235009080,85266821490,'2013-10-16 15:13:26','2013-10-16 15:13:30',0,0,0.00400,'cancel','ORIGINATOR_CANCEL',8,9,14,9,NULL,NULL,NULL),(55,'2013-10-16 07:17:49','0bcda696-3633-11e3-9f67-236df5cf3aeb',21587520,85235009080,85266821490,'2013-10-16 15:17:42','2013-10-16 15:17:47',0,0,0.00400,'cancel','ORIGINATOR_CANCEL',8,9,14,9,NULL,NULL,NULL),(56,'2013-10-16 07:18:35','272c64ea-3633-11e3-a104-61556383a469',21587520,85235009080,85266821490,'2013-10-16 15:18:27','2013-10-16 15:18:33',0,0,0.00400,'cancel','ORIGINATOR_CANCEL',8,9,14,9,NULL,NULL,NULL),(57,'2013-10-16 07:20:17','6216d4f0-3633-11e3-a1b8-236df5cf3aeb',21587520,85235009080,85266821490,'2013-10-16 15:20:06','2013-10-16 15:20:16',0,0,0.00400,'cancel','ORIGINATOR_CANCEL',8,9,14,9,NULL,NULL,NULL),(58,'2013-10-16 07:23:10','cb37c386-3633-11e3-a5bd-236df5cf3aeb',85221587520,85235009080,85266821490,'2013-10-16 15:23:03','2013-10-16 15:23:09',0,0,0.00400,'cancel','ORIGINATOR_CANCEL',8,9,14,9,NULL,NULL,NULL),(59,'2013-10-16 07:31:02','e0404022-3634-11e3-aeac-61556383a469',85221587520,85235009080,85266821490,'2013-10-16 15:30:47','2013-10-16 15:31:00',0,0,0.00400,'cancel','ORIGINATOR_CANCEL',8,9,14,9,NULL,NULL,NULL),(60,'2013-10-16 07:32:05','f8a4d36c-3634-11e3-af49-236df5cf3aeb',85263017649,85235009080,85266821490,'2013-10-16 15:31:28','2013-10-16 15:32:03',0,0,0.00400,'cancel','ORIGINATOR_CANCEL',8,9,14,9,NULL,NULL,NULL),(61,'2013-10-16 09:39:23','c95cbcde-3646-11e3-a695-236df5cf3aeb',85291473549,85235009095,85263967903,'2013-10-16 17:39:00','2013-10-16 17:39:21',0,0,0.00400,'cancel','ORIGINATOR_CANCEL',23,25,23,11,NULL,NULL,NULL),(62,'2013-10-16 13:02:39','322eb3ea-3663-11e3-83c6-236df5cf3aeb',85266821490,85235009084,85266821490,'2013-10-16 21:02:22','2013-10-16 21:02:37',14,60,0.00400,'completed','NORMAL_CLEARING',21,24,25,9,NULL,NULL,NULL),(63,'2013-10-16 13:03:13','4626d6c0-3663-11e3-8cfd-61556383a469',85266821490,85235009084,85266821490,'2013-10-16 21:02:55','2013-10-16 21:03:11',14,60,0.00400,'completed','NORMAL_CLEARING',21,24,25,9,NULL,NULL,NULL),(64,'2013-10-17 01:27:42','4a4def32-36cb-11e3-ab05-236df5cf3aeb',0,85235009084,85266821490,'2013-10-17 09:27:30','2013-10-17 09:27:39',8,60,0.00400,'completed','NORMAL_CLEARING',21,24,25,9,NULL,NULL,NULL),(65,'2013-10-17 01:28:50','69d5949a-36cb-11e3-ac5a-236df5cf3aeb',0,85235009084,85266821490,'2013-10-17 09:28:23','2013-10-17 09:28:47',23,60,0.00400,'completed','NORMAL_CLEARING',21,24,25,9,NULL,NULL,NULL),(66,'2013-10-17 01:32:40','f23a1c98-36cb-11e3-bc59-61556383a469',0,85235009084,85291473549,'2013-10-17 09:32:12','2013-10-17 09:32:37',24,60,0.00400,'completed','NORMAL_CLEARING',21,24,25,9,NULL,NULL,NULL),(67,'2013-10-17 01:32:56','02d66b9c-36cc-11e3-b15f-236df5cf3aeb',85266821490,85235009084,85291473549,'2013-10-17 09:32:40','2013-10-17 09:32:53',13,60,0.00400,'completed','NORMAL_CLEARING',21,24,25,9,NULL,NULL,NULL),(68,'2013-10-17 03:01:52','6459e586-36d8-11e3-bbb0-61556383a469',0,85235009085,85266821490,'2013-10-17 11:01:17','2013-10-17 11:01:49',0,0,0.00400,'cancel','ORIGINATOR_CANCEL',2,6,9,4,NULL,NULL,NULL),(69,'2013-10-17 03:11:09','test-230948029348902',0,85235009085,85266821490,'2013-10-08 09:28:00','2013-10-08 09:28:45',0,0,0.00400,'cancel','ORIGINATOR_CANCEL',2,6,9,4,NULL,NULL,NULL),(70,'2013-10-17 03:11:47','test-230948029348902',0,85235009085,85266821490,'2013-10-08 09:28:00','2013-10-08 09:28:45',0,0,0.00400,'cancel','ORIGINATOR_CANCEL',2,6,9,4,NULL,NULL,NULL),(71,'2013-10-17 03:24:06','81b71fe2-36db-11e3-a5ae-61556383a469',0,85235009085,85266821490,'2013-10-17 11:23:35','2013-10-17 11:24:03',17,60,0.00400,'completed','NORMAL_CLEARING',2,6,9,4,NULL,NULL,NULL),(72,'2013-10-17 10:06:06','a45855a6-3713-11e3-99a1-236df5cf3aeb',0,85235009081,85291473549,'2013-10-17 18:05:25','2013-10-17 18:06:03',26,60,0.00400,'completed','NORMAL_CLEARING',9,9,14,9,NULL,NULL,NULL),(73,'2013-10-17 10:07:50','e6489796-3713-11e3-a01f-236df5cf3aeb',0,85235009081,85291473549,'2013-10-17 18:07:15','2013-10-17 18:07:47',19,60,0.00400,'completed','NORMAL_CLEARING',9,9,14,9,NULL,NULL,NULL),(74,'2013-10-17 10:39:32','28449ca4-3718-11e3-bc13-61556383a469',0,85235009081,85291473549,'2013-10-17 18:37:44','2013-10-17 18:39:28',93,120,0.00400,'completed','NORMAL_CLEARING',9,9,14,9,NULL,NULL,NULL),(75,'2013-10-17 10:41:24','8d56d77e-3718-11e3-ae81-236df5cf3aeb',0,85235009081,85291473549,'2013-10-17 18:40:34','2013-10-17 18:41:21',35,60,0.00400,'completed','NORMAL_CLEARING',9,9,14,9,NULL,NULL,NULL),(76,'2013-10-17 10:45:04','bce05b1e-3718-11e3-8a99-61556383a469',0,85235009081,85291473549,'2013-10-17 18:41:53','2013-10-17 18:45:00',173,180,0.00400,'completed','NORMAL_CLEARING',9,9,14,9,NULL,NULL,NULL),(77,'2013-10-17 10:49:22','4b7b638c-3719-11e3-88d5-236df5cf3aeb',0,85235009081,85291473549,'2013-10-17 18:45:53','2013-10-17 18:49:18',185,240,0.00400,'completed','NORMAL_CLEARING',9,9,14,9,NULL,NULL,NULL),(78,'2013-10-17 10:50:20','db17aeb0-3719-11e3-aa7d-61556383a469',0,85235009081,85291473549,'2013-10-17 18:49:54','2013-10-17 18:50:17',12,60,0.00400,'completed','NORMAL_CLEARING',9,9,14,9,NULL,NULL,NULL),(79,'2013-10-17 10:52:40','17dd31ee-371a-11e3-adb8-61556383a469',0,85235009081,85291473549,'2013-10-17 18:51:36','2013-10-17 18:52:36',22,60,0.00400,'completed','NORMAL_CLEARING',9,9,14,9,NULL,NULL,NULL),(80,'2013-10-17 10:56:24','8fb1babe-371a-11e3-a83f-236df5cf3aeb',0,85235009081,85291473549,'2013-10-17 18:54:57','2013-10-17 18:56:20',67,120,0.00400,'completed','NORMAL_CLEARING',9,9,14,9,NULL,NULL,NULL),(81,'2013-10-17 10:57:41','cd20cb4c-371a-11e3-ad85-236df5cf3aeb',0,85235009081,85291473549,'2013-10-17 18:56:40','2013-10-17 18:57:37',48,60,0.00400,'completed','NORMAL_CLEARING',9,9,14,9,NULL,NULL,NULL),(82,'2013-10-17 11:00:24','02fc30d0-371b-11e3-8da1-61556383a469',0,85235009081,85291473549,'2013-10-17 18:58:10','2013-10-17 19:00:20',116,120,0.00400,'completed','NORMAL_CLEARING',9,9,14,9,NULL,NULL,NULL),(83,'2013-10-17 11:02:46','6b398030-371b-11e3-969e-61556383a469',0,85235009081,85291473549,'2013-10-17 19:01:05','2013-10-17 19:02:42',83,120,0.00400,'completed','NORMAL_CLEARING',9,9,14,9,NULL,NULL,NULL),(84,'2013-10-17 11:05:04','b7c862cc-371b-11e3-8d30-236df5cf3aeb',0,85235009081,85291473549,'2013-10-17 19:03:13','2013-10-17 19:05:01',94,120,0.00400,'completed','NORMAL_CLEARING',9,9,14,9,NULL,NULL,NULL),(85,'2013-10-17 11:06:38','fddf629c-371b-11e3-a615-61556383a469',0,85235009081,85291473549,'2013-10-17 19:05:11','2013-10-17 19:06:34',70,120,0.00400,'completed','NORMAL_CLEARING',9,9,14,9,NULL,NULL,NULL),(86,'2013-10-17 23:48:16','7ed04212-3786-11e3-a0db-61556383a469',85235431685,85235009080,85266821490,'2013-10-18 07:47:34','2013-10-18 07:48:12',25,60,0.00400,'completed','NORMAL_CLEARING',8,9,14,9,NULL,NULL,NULL),(87,'2013-10-18 05:41:19','8f075086-37b7-11e3-b526-236df5cf3aeb',85223197285,85235009082,85266821490,'2013-10-18 13:38:46','2013-10-18 13:41:15',129,180,0.00400,'completed','NORMAL_CLEARING',12,10,14,9,NULL,NULL,NULL),(88,'2013-10-18 05:46:28','883d6ea6-37b8-11e3-9440-61556383a469',85223197052,85235009081,85291473549,'2013-10-18 13:45:45','2013-10-18 13:46:23',15,60,0.00400,'completed','NORMAL_CLEARING',9,9,14,9,NULL,NULL,NULL),(89,'2013-10-18 06:34:31','511893cc-37bf-11e3-9c05-236df5cf3aeb',85223197285,85235009081,85291473549,'2013-10-18 14:34:19','2013-10-18 14:34:26',0,0,0.00400,'cancel','ORIGINATOR_CANCEL',9,9,14,9,NULL,NULL,NULL),(90,'2013-10-18 06:35:36','43ee4872-37bf-11e3-99fe-236df5cf3aeb',85223197285,85235009081,85291473549,'2013-10-18 14:33:56','2013-10-18 14:35:31',73,120,0.00400,'completed','NORMAL_CLEARING',9,9,14,9,NULL,NULL,NULL),(91,'2013-10-18 16:23:55','95b3ef48-3811-11e3-abaa-55b44ec2a574',0,85235009081,85291473549,'2013-10-19 00:23:12','2013-10-19 00:23:50',10,60,0.00400,'completed','NORMAL_CLEARING',9,9,14,9,NULL,NULL,NULL),(92,'2013-10-18 16:26:30','fd3463aa-3811-11e3-b8c2-a5b09285eb0a',0,85235009081,85291473549,'2013-10-19 00:26:06','2013-10-19 00:26:25',0,0,0.00400,'cancel','ORIGINATOR_CANCEL',9,9,14,9,NULL,NULL,NULL),(93,'2013-10-18 16:30:55','96f57f7e-3812-11e3-a0b1-55b44ec2a574',0,85235009081,85291473549,'2013-10-19 00:30:24','2013-10-19 00:30:49',4,60,0.00400,'completed','NORMAL_CLEARING',9,9,14,9,NULL,NULL,NULL),(94,'2013-10-18 16:32:47','daffd89a-3812-11e3-b382-55b44ec2a574',0,85235009081,85291473549,'2013-10-19 00:32:18','2013-10-19 00:32:41',10,60,0.00400,'completed','NORMAL_CLEARING',9,9,14,9,NULL,NULL,NULL),(95,'2013-10-18 16:36:27','5b91b5e6-3813-11e3-873d-a5b09285eb0a',0,85235009081,85291473549,'2013-10-19 00:35:54','2013-10-19 00:36:22',9,60,0.00400,'completed','NORMAL_CLEARING',9,9,14,9,NULL,NULL,NULL),(96,'2013-10-19 08:01:48','ac68c4f6-3894-11e3-81ec-55b44ec2a574',85290921026,85235009082,85266821490,'2013-10-19 16:01:35','2013-10-19 16:01:41',0,0,0.00400,'cancel','ORIGINATOR_CANCEL',12,10,14,9,NULL,NULL,NULL),(97,'2013-10-19 08:31:29','b7d6a6a6-3898-11e3-aa70-a5b09285eb0a',85290921026,85235009082,85266821490,'2013-10-19 16:30:32','2013-10-19 16:31:22',38,60,0.00400,'completed','NORMAL_CLEARING',12,10,14,9,NULL,NULL,NULL),(98,'2013-10-19 10:29:34','f2b6cde0-38a8-11e3-83b7-55b44ec2a574',0,85235009081,85291473549,'2013-10-19 18:26:42','2013-10-19 18:29:27',150,180,0.00400,'completed','NORMAL_CLEARING',9,9,14,9,NULL,NULL,NULL),(99,'2013-10-19 10:38:29','97beab32-38a9-11e3-9400-a5b09285eb0a',85212223334444,85235009082,85266821490,'2013-10-19 18:31:19','2013-10-19 18:38:22',401,420,0.00400,'completed','NORMAL_CLEARING',12,10,14,9,NULL,NULL,NULL),(100,'2013-10-19 10:50:57','d789bafc-38ab-11e3-9497-55b44ec2a574',0,85235009082,85266821490,'2013-10-19 18:47:25','2013-10-19 18:50:50',190,240,0.00400,'completed','NORMAL_CLEARING',12,10,14,9,NULL,NULL,NULL),(101,'2013-10-19 10:52:29','5eda6f06-38ac-11e3-93cc-a5b09285eb0a',0,85235009082,85266821490,'2013-10-19 18:51:12','2013-10-19 18:52:23',54,60,0.00400,'completed','NORMAL_CLEARING',12,10,14,9,NULL,NULL,NULL),(102,'2013-10-19 13:39:02','749cb6a2-38c3-11e3-a3b3-55b44ec2a574',0,85235009082,85266821490,'2013-10-19 21:36:27','2013-10-19 21:38:55',129,180,0.00400,'completed','NORMAL_CLEARING',12,10,14,9,NULL,NULL,NULL),(103,'2013-10-19 13:55:37','008883a6-38c6-11e3-a990-55b44ec2a574',0,85235009082,85266821490,'2013-10-19 21:54:41','2013-10-19 21:55:30',32,60,0.00400,'completed','NORMAL_CLEARING',12,10,14,9,NULL,NULL,NULL),(104,'2013-10-19 13:56:25','36bde8a8-38c6-11e3-b222-a5b09285eb0a',0,85235009082,85266821490,'2013-10-19 21:56:12','2013-10-19 21:56:19',0,0,0.00400,'cancel','ORIGINATOR_CANCEL',12,10,14,9,NULL,NULL,NULL),(105,'2013-10-19 14:00:30','8dbc5cc0-38c6-11e3-87e3-55b44ec2a574',0,85235009082,85266821490,'2013-10-19 21:58:38','2013-10-19 22:00:23',93,120,0.00400,'completed','NORMAL_CLEARING',12,10,14,9,NULL,NULL,NULL),(106,'2013-10-19 14:02:36','d3d3b7f8-38c6-11e3-9019-a5b09285eb0a',0,85235009082,85266821490,'2013-10-19 22:00:35','2013-10-19 22:02:29',99,120,0.00400,'completed','NORMAL_CLEARING',12,10,14,9,NULL,NULL,NULL),(107,'2013-10-19 14:41:52','890bdc4a-38cc-11e3-a087-a5b09285eb0a',0,85235009082,85266821490,'2013-10-19 22:41:27','2013-10-19 22:41:45',0,0,0.00400,'cancel','ORIGINATOR_CANCEL',12,10,14,9,NULL,NULL,NULL),(108,'2013-10-20 05:30:08','8a5cb688-3948-11e3-b5df-55b44ec2a574',0,85235009081,85291473549,'2013-10-20 13:29:07','2013-10-20 13:30:01',22,60,0.00400,'completed','NORMAL_CLEARING',9,9,14,9,NULL,NULL,NULL),(109,'2013-10-20 05:35:02','f199b062-3948-11e3-8e32-a5b09285eb0a',0,85235009081,85291473549,'2013-10-20 13:32:00','2013-10-20 13:34:54',154,180,0.00400,'completed','NORMAL_CLEARING',9,9,14,9,NULL,NULL,NULL),(110,'2013-10-20 05:42:06','35c5667c-394a-11e3-8f99-55b44ec2a574',0,85235009081,85291473549,'2013-10-20 13:41:04','2013-10-20 13:41:58',16,60,0.00400,'completed','NORMAL_CLEARING',9,9,14,9,NULL,NULL,NULL),(111,'2013-10-20 06:00:43','b4a9b23e-394c-11e3-81dc-55b44ec2a574',0,85235009081,85291473549,'2013-10-20 13:58:56','2013-10-20 14:00:35',84,120,0.00400,'completed','NORMAL_CLEARING',9,9,14,9,NULL,NULL,NULL),(112,'2013-10-20 06:24:03','1e091b86-3950-11e3-b80c-a5b09285eb0a',0,85235009081,85291473549,'2013-10-20 14:23:21','2013-10-20 14:23:55',15,60,0.00400,'completed','NORMAL_CLEARING',9,9,14,9,NULL,NULL,NULL),(113,'2013-10-20 06:29:11','a602a0f2-3950-11e3-b4f9-55b44ec2a574',0,85235009081,85291473549,'2013-10-20 14:27:09','2013-10-20 14:29:03',101,120,0.00400,'completed','NORMAL_CLEARING',9,9,14,9,NULL,NULL,NULL),(114,'2013-10-20 06:39:54','5e1b418e-3952-11e3-9e55-a5b09285eb0a',0,85235009081,85291473549,'2013-10-20 14:39:28','2013-10-20 14:39:46',0,0,0.00400,'cancel','ORIGINATOR_CANCEL',9,9,14,9,NULL,NULL,NULL),(115,'2013-10-20 06:41:48','7a12efb8-3952-11e3-892b-55b44ec2a574',0,85235009081,85291473549,'2013-10-20 14:40:14','2013-10-20 14:41:40',75,120,0.00400,'completed','NORMAL_CLEARING',9,9,14,9,NULL,NULL,NULL),(116,'2013-10-20 06:59:33','1d6e6a6e-3955-11e3-9ab8-a5b09285eb0a',0,85235009081,85291473549,'2013-10-20 14:59:08','2013-10-20 14:59:25',0,0,0.00400,'cancel','ORIGINATOR_CANCEL',9,9,14,9,NULL,NULL,NULL),(117,'2013-10-20 07:01:07','32cccb26-3955-11e3-bced-55b44ec2a574',0,85235009081,85291473549,'2013-10-20 14:59:43','2013-10-20 15:00:58',63,120,0.00400,'completed','NORMAL_CLEARING',9,9,14,9,NULL,NULL,NULL),(118,'2013-10-20 07:21:43','35248550-3958-11e3-b120-a5b09285eb0a',0,85235009081,85291473549,'2013-10-20 15:21:16','2013-10-20 15:21:35',2,60,0.00400,'completed','NORMAL_CLEARING',9,9,14,9,NULL,NULL,NULL),(119,'2013-10-20 07:23:43','4d8eabb6-3958-11e3-b54d-a5b09285eb0a',0,85235009081,85291473549,'2013-10-20 15:21:57','2013-10-20 15:23:35',88,120,0.00400,'completed','NORMAL_CLEARING',9,9,14,9,NULL,NULL,NULL),(120,'2013-10-20 07:32:39','6e2cd748-3959-11e3-8ec2-55b44ec2a574',0,85235009082,85266821490,'2013-10-20 15:30:01','2013-10-20 15:32:30',134,180,0.00400,'completed','NORMAL_CLEARING',12,10,14,9,NULL,NULL,NULL),(121,'2013-10-20 07:44:14','12fe45e4-395b-11e3-972c-a5b09285eb0a',0,85235009082,85266821490,'2013-10-20 15:41:47','2013-10-20 15:44:06',123,180,0.00400,'completed','NORMAL_CLEARING',12,10,14,9,NULL,NULL,NULL),(122,'2013-10-20 07:53:58','93592e7e-395c-11e3-b963-55b44ec2a574',0,85235009082,85266821490,'2013-10-20 15:52:32','2013-10-20 15:53:50',62,120,0.00400,'completed','NORMAL_CLEARING',12,10,14,9,NULL,NULL,NULL),(123,'2013-10-20 08:16:41','d35027b4-395f-11e3-b79c-55b44ec2a574',0,85235009082,85266821490,'2013-10-20 16:15:48','2013-10-20 16:16:33',27,60,0.00400,'completed','NORMAL_CLEARING',12,10,14,9,NULL,NULL,NULL),(124,'2013-10-20 08:21:39','533dace4-3960-11e3-a90a-a5b09285eb0a',0,85235009082,85266821490,'2013-10-20 16:19:22','2013-10-20 16:21:31',112,120,0.00400,'completed','NORMAL_CLEARING',12,10,14,9,NULL,NULL,NULL),(125,'2013-10-20 08:51:00','425c539a-3964-11e3-a91f-a5b09285eb0a',85285235009081,85235009082,85266821490,'2013-10-20 16:47:32','2013-10-20 16:50:52',187,240,0.00400,'completed','NORMAL_CLEARING',12,10,14,9,NULL,NULL,NULL),(126,'2013-10-20 09:32:41','3aa24f14-396a-11e3-bd12-55b44ec2a574',85285235009081,85235009082,85266821490,'2013-10-20 17:30:16','2013-10-20 17:32:33',119,120,0.00400,'completed','NORMAL_CLEARING',12,10,14,9,NULL,NULL,NULL),(127,'2013-10-20 09:37:21','11322d56-396b-11e3-9e89-a5b09285eb0a',0,85235009082,85266821490,'2013-10-20 17:36:16','2013-10-20 17:37:13',32,60,0.00400,'completed','NORMAL_CLEARING',12,10,14,9,NULL,NULL,NULL),(128,'2013-10-20 09:40:00','39d8afc8-396b-11e3-b0a6-55b44ec2a574',0,85235009082,85266821490,'2013-10-20 17:37:24','2013-10-20 17:39:52',131,180,0.00400,'completed','NORMAL_CLEARING',12,10,14,9,NULL,NULL,NULL),(129,'2013-10-20 10:26:34','48247ee4-3971-11e3-b58a-a5b09285eb0a',0,85235009082,85266821490,'2013-10-20 18:20:45','2013-10-20 18:26:26',322,360,0.00400,'completed','NORMAL_CLEARING',12,10,14,9,NULL,NULL,NULL),(130,'2013-10-20 11:50:13','63c04096-397d-11e3-9c25-55b44ec2a574',85285235009081,85235009082,85266821490,'2013-10-20 19:47:25','2013-10-20 19:50:04',135,180,0.00400,'completed','NORMAL_CLEARING',12,10,14,9,NULL,NULL,NULL),(131,'2013-10-20 11:58:12','70d539f2-397e-11e3-957d-55b44ec2a574',85285235009081,85235009082,85266821490,'2013-10-20 19:54:57','2013-10-20 19:58:04',149,180,0.00400,'completed','NORMAL_CLEARING',12,10,14,9,NULL,NULL,NULL),(132,'2013-10-20 12:03:25','214b8b6a-397f-11e3-8455-a5b09285eb0a',0,85235009082,85266821490,'2013-10-20 19:59:53','2013-10-20 20:03:16',190,240,0.00400,'completed','NORMAL_CLEARING',12,10,14,9,NULL,NULL,NULL),(133,'2013-10-20 14:13:14','a00ab798-3991-11e3-b207-55b44ec2a574',0,85235009082,85266821490,'2013-10-20 22:12:16','2013-10-20 22:13:05',7,60,0.00400,'completed','NORMAL_CLEARING',12,10,14,9,NULL,NULL,NULL),(134,'2013-10-20 14:34:11','21d94dde-3992-11e3-bb14-a5b09285eb0a',85285235009000,85235009082,85266821490,'2013-10-20 22:15:54','2013-10-20 22:34:02',1075,1080,0.00400,'completed','NORMAL_CLEARING',12,10,14,9,NULL,NULL,NULL),(135,'2013-10-21 03:18:47','6ffed070-39ff-11e3-a4e9-a5b09285eb0a',0,85235009082,85266821490,'2013-10-21 11:18:20','2013-10-21 11:18:37',5,60,0.00400,'completed','NORMAL_CLEARING',12,10,14,9,NULL,NULL,NULL),(136,'2013-10-21 03:19:30','881be774-39ff-11e3-860e-55b44ec2a574',85291473549,85235009082,85266821490,'2013-10-21 11:19:01','2013-10-21 11:19:21',7,60,0.00400,'completed','NORMAL_CLEARING',12,10,14,9,NULL,NULL,NULL),(137,'2013-10-21 05:48:15','3525aaa4-3a14-11e3-bdfb-a5b09285eb0a',85223197285,85235009082,85266821490,'2013-10-21 13:47:01','2013-10-21 13:48:05',48,60,0.00400,'completed','NORMAL_CLEARING',12,10,14,9,NULL,NULL,NULL),(138,'2013-10-21 07:33:50','102c9f32-3a23-11e3-9996-55b44ec2a574',85291473549,85235009095,85294406064,'2013-10-21 15:33:22','2013-10-21 15:33:40',0,0,0.00400,'cancel','ORIGINATOR_CANCEL',17,18,23,11,NULL,NULL,NULL),(139,'2013-10-21 21:12:33','6f3ba44c-3a95-11e3-9a46-9591126afa15',85266821490,85235009082,85266821490,'2013-10-22 05:12:04','2013-10-22 05:12:23',9,60,0.00400,'completed','NORMAL_CLEARING',12,10,14,9,NULL,NULL,NULL),(140,'2013-10-21 21:46:35','24e05b0e-3a9a-11e3-8e20-9591126afa15',0,85235009082,85266821490,'2013-10-22 05:45:46','2013-10-22 05:46:25',21,60,0.00400,'completed','NORMAL_CLEARING',12,10,14,9,NULL,NULL,NULL),(141,'2013-10-21 21:47:20','42051314-3a9a-11e3-800e-bfb2752ceb2a',0,85235009082,85266821490,'2013-10-22 05:46:35','2013-10-22 05:47:10',22,60,0.00400,'completed','NORMAL_CLEARING',12,10,14,9,NULL,NULL,NULL),(142,'2013-10-21 21:48:06','625b5a4c-3a9a-11e3-906f-9591126afa15',0,85235009082,85266821490,'2013-10-22 05:47:30','2013-10-22 05:47:55',13,60,0.00400,'completed','NORMAL_CLEARING',12,10,14,9,NULL,NULL,NULL),(143,'2013-10-21 21:53:20','e9b1a884-3a9a-11e3-8c4c-bfb2752ceb2a',0,85235009082,85266821490,'2013-10-22 05:51:17','2013-10-22 05:53:09',101,120,0.00400,'completed','NORMAL_CLEARING',12,10,14,9,NULL,NULL,NULL),(144,'2013-10-21 22:01:48','3d9c024a-3a9c-11e3-a4ea-bfb2752ceb2a',0,85235009082,85266821490,'2013-10-22 06:00:47','2013-10-22 06:01:37',36,60,0.00400,'completed','NORMAL_CLEARING',12,10,14,9,NULL,NULL,NULL),(145,'2013-10-21 22:08:41','4c8ae20c-3a9d-11e3-ad2a-9591126afa15',85266821490,85235009082,85266821490,'2013-10-22 06:08:21','2013-10-22 06:08:31',3,60,0.00400,'completed','NORMAL_CLEARING',12,10,14,9,NULL,NULL,NULL),(146,'2013-10-21 22:13:11','cad777ce-3a9d-11e3-b1b1-9591126afa15',0,85235009082,85266821490,'2013-10-22 06:11:53','2013-10-22 06:13:01',54,60,0.00400,'completed','NORMAL_CLEARING',12,10,14,9,NULL,NULL,NULL),(147,'2013-10-21 22:15:04','0bff7116-3a9e-11e3-81de-bfb2752ceb2a',0,85235009082,85266821490,'2013-10-22 06:13:43','2013-10-22 06:14:54',52,60,0.00400,'completed','NORMAL_CLEARING',12,10,14,9,NULL,NULL,NULL),(148,'2013-10-21 22:24:47','86a847ac-3a9f-11e3-a229-bfb2752ceb2a',85235431685,85235009082,85266821490,'2013-10-22 06:24:18','2013-10-22 06:24:37',0,0,0.00400,'cancel','ORIGINATOR_CANCEL',12,10,14,9,NULL,NULL,NULL),(149,'2013-10-21 22:26:58','d22c02cc-3a9f-11e3-86ff-9591126afa15',85235431685,85235009082,85266821490,'2013-10-22 06:26:25','2013-10-22 06:26:48',11,60,0.00400,'completed','NORMAL_CLEARING',12,10,14,9,NULL,NULL,NULL),(150,'2013-10-21 22:33:51','85399690-3aa0-11e3-8d29-9591126afa15',85235431685,85235009082,85266821490,'2013-10-22 06:31:25','2013-10-22 06:33:40',124,180,0.00400,'completed','NORMAL_CLEARING',12,10,14,9,NULL,NULL,NULL),(151,'2013-10-21 22:36:31','21464182-3aa1-11e3-be08-bfb2752ceb2a',85235431685,85235009082,85266821490,'2013-10-22 06:35:47','2013-10-22 06:36:21',24,60,0.00400,'completed','NORMAL_CLEARING',12,10,14,9,NULL,NULL,NULL),(152,'2013-10-21 22:44:44','5039ac9e-3aa2-11e3-9e94-9591126afa15',85235431685,85235009082,85266821490,'2013-10-22 06:44:15','2013-10-22 06:44:33',8,60,0.00400,'completed','NORMAL_CLEARING',12,10,14,9,NULL,NULL,NULL),(153,'2013-10-21 22:47:23','8a0f12d8-3aa2-11e3-9844-bfb2752ceb2a',85235431685,85235009082,85266821490,'2013-10-22 06:45:52','2013-10-22 06:47:13',69,120,0.00400,'completed','NORMAL_CLEARING',12,10,14,9,NULL,NULL,NULL),(154,'2013-10-21 22:48:09','c162c9aa-3aa2-11e3-a2b2-9591126afa15',85235431685,85235009082,85266821490,'2013-10-22 06:47:25','2013-10-22 06:47:58',16,60,0.00400,'completed','NORMAL_CLEARING',12,10,14,9,NULL,NULL,NULL),(155,'2013-10-21 22:51:31','3c719bd0-3aa3-11e3-a3bc-bfb2752ceb2a',85235431685,85235009082,85266821490,'2013-10-22 06:50:51','2013-10-22 06:51:20',7,60,0.00400,'completed','NORMAL_CLEARING',12,10,14,9,NULL,NULL,NULL),(156,'2013-10-21 23:57:26','69f301bc-3aac-11e3-8f41-bfb2752ceb2a',0,85258082868,85266821490,'2013-10-22 07:56:33','2013-10-22 07:57:15',28,60,0.01500,'completed','NORMAL_CLEARING',29,27,26,9,NULL,NULL,NULL),(157,'2013-10-22 00:11:08','5e588a14-3aae-11e3-acd2-bfb2752ceb2a',85235431685,85235009082,85266821490,'2013-10-22 08:10:33','2013-10-22 08:10:57',11,60,0.00400,'completed','NORMAL_CLEARING',12,10,14,9,NULL,NULL,NULL),(158,'2013-10-22 00:13:10','a71add6a-3aae-11e3-8190-9591126afa15',85235431685,85235009082,85266821490,'2013-10-22 08:12:35','2013-10-22 08:13:00',13,60,0.00400,'completed','NORMAL_CLEARING',12,10,14,9,NULL,NULL,NULL),(159,'2013-10-22 00:13:44','b9902bb2-3aae-11e3-b1b2-bfb2752ceb2a',85235431685,85235009082,85266821490,'2013-10-22 08:13:06','2013-10-22 08:13:33',13,60,0.00400,'completed','NORMAL_CLEARING',12,10,14,9,NULL,NULL,NULL),(160,'2013-10-22 00:20:37','ab484ab6-3aaf-11e3-90af-9591126afa15',85235431685,85235009082,85266821490,'2013-10-22 08:19:51','2013-10-22 08:20:27',24,60,0.00400,'completed','NORMAL_CLEARING',12,10,14,9,NULL,NULL,NULL),(161,'2013-10-22 02:20:42','7ff424e6-3ac0-11e3-9d3b-9591126afa15',85291473549,85235009093,85261133835,'2013-10-22 10:20:20','2013-10-22 10:20:31',0,0,0.00400,'cancel','ORIGINATOR_CANCEL',22,21,24,11,NULL,NULL,NULL),(162,'2013-10-22 06:46:45','a6b98cae-3ae5-11e3-9efb-bfb2752ceb2a',85228302854,85235009095,85291473549,'2013-10-22 14:46:17','2013-10-22 14:46:34',4,60,0.00400,'completed','NORMAL_CLEARING',17,18,23,11,NULL,NULL,NULL),(163,'2013-10-22 22:27:33','15844dc6-3b69-11e3-9049-bfb2752ceb2a',85266821490,85235009082,85266821490,'2013-10-23 06:27:07','2013-10-23 06:27:21',8,60,0.00400,'completed','NORMAL_CLEARING',12,10,14,9,NULL,NULL,NULL),(164,'2013-10-22 22:28:22','2b6b51e8-3b69-11e3-816a-9591126afa15',85266821490,85235009082,85266821490,'2013-10-23 06:27:43','2013-10-23 06:28:10',20,60,0.00400,'completed','NORMAL_CLEARING',12,10,14,9,NULL,NULL,NULL),(165,'2013-10-22 22:28:59','4d404120-3b69-11e3-8309-9591126afa15',85266821490,85235009082,85266821490,'2013-10-23 06:28:40','2013-10-23 06:28:47',0,0,0.00400,'cancel','ORIGINATOR_CANCEL',12,10,14,9,NULL,NULL,NULL),(166,'2013-10-22 22:54:19','d325ce60-3b6c-11e3-bfc5-bfb2752ceb2a',0,85235009085,85266821490,'2013-10-23 06:53:53','2013-10-23 06:54:07',2,60,0.00400,'completed','NORMAL_CLEARING',2,6,9,4,NULL,NULL,NULL),(167,'2013-10-22 22:56:05','16ff88ec-3b6d-11e3-82d4-bfb2752ceb2a',85266821490,85235009082,85266821490,'2013-10-23 06:55:47','2013-10-23 06:55:53',0,0,0.00400,'cancel','ORIGINATOR_CANCEL',12,10,14,9,NULL,NULL,NULL),(168,'2013-10-23 03:25:01','a82b2e46-3b92-11e3-8a7a-9591126afa15',85266821490,85235009082,85266821490,'2013-10-23 11:24:42','2013-10-23 11:24:48',0,0,0.00400,'cancel','ORIGINATOR_CANCEL',12,10,14,9,NULL,NULL,NULL),(169,'2013-10-23 03:25:23','b3d92d4c-3b92-11e3-8be7-9591126afa15',85266821490,85235009082,85266821490,'2013-10-23 11:25:02','2013-10-23 11:25:10',3,60,0.00400,'completed','NORMAL_CLEARING',12,10,14,9,NULL,NULL,NULL),(170,'2013-10-23 06:46:02','b9c995ea-3bae-11e3-bc7b-bfb2752ceb2a',85290288890,85235009082,85266821490,'2013-10-23 14:45:37','2013-10-23 14:45:49',0,0,0.00400,'cancel','ORIGINATOR_CANCEL',12,10,14,9,NULL,NULL,NULL),(171,'2013-10-23 06:48:27','0a5aaaa8-3baf-11e3-a271-9591126afa15',85266821490,85235009083,85291473549,'2013-10-23 14:47:53','2013-10-23 14:48:14',0,0,0.00400,'cancel','ORIGINATOR_CANCEL',13,10,14,9,NULL,NULL,NULL),(172,'2013-10-23 08:30:54','3835f62c-3bbd-11e3-af69-bfb2752ceb2a',0,85235009082,85266821490,'2013-10-23 16:29:22','2013-10-23 16:30:41',66,120,0.00400,'completed','NORMAL_CLEARING',12,10,14,9,NULL,NULL,NULL),(173,'2013-10-23 08:36:03','ef6fb2a6-3bbd-11e3-94b1-bfb2752ceb2a',0,85235009082,85266821490,'2013-10-23 16:34:30','2013-10-23 16:35:51',69,120,0.00400,'completed','NORMAL_CLEARING',12,10,14,9,NULL,NULL,NULL),(174,'2013-10-23 10:00:36','c4abe790-3bc9-11e3-a050-9591126afa15',0,85235009082,85266821490,'2013-10-23 17:59:12','2013-10-23 18:00:23',55,60,0.00400,'completed','NORMAL_CLEARING',12,10,14,9,NULL,NULL,NULL),(175,'2013-10-23 10:05:35','78be7a68-3bca-11e3-872b-bfb2752ceb2a',0,85235009082,85266821490,'2013-10-23 18:04:14','2013-10-23 18:05:22',55,60,0.00400,'completed','NORMAL_CLEARING',12,10,14,9,NULL,NULL,NULL),(176,'2013-10-23 23:15:19','da3eaa10-3c38-11e3-a9b3-9591126afa15',85266821490,85235009080,85235431685,'2013-10-24 07:14:22','2013-10-24 07:15:06',36,60,0.00400,'completed','NORMAL_CLEARING',8,9,14,9,NULL,NULL,NULL),(177,'2013-10-23 23:16:07','04b13e3e-3c39-11e3-bf6a-bfb2752ceb2a',85235431685,85235009080,85266821490,'2013-10-24 07:15:34','2013-10-24 07:15:54',8,60,0.00400,'completed','NORMAL_CLEARING',8,9,14,9,NULL,NULL,NULL),(178,'2013-10-23 23:17:14','1ddb2564-3c39-11e3-b14d-9591126afa15',85266821490,85235009080,85235431685,'2013-10-24 07:16:16','2013-10-24 07:17:00',37,60,0.00400,'completed','NORMAL_CLEARING',8,9,14,9,NULL,NULL,NULL),(179,'2013-10-24 07:44:24','e8239536-3c7f-11e3-8f0b-bfb2752ceb2a',0,85235009081,85291473549,'2013-10-24 15:43:00','2013-10-24 15:44:10',53,60,0.00400,'completed','NORMAL_CLEARING',9,9,14,9,NULL,NULL,NULL),(180,'2013-10-24 09:46:27','0801966c-3c91-11e3-b79b-9591126afa15',0,85235009081,85291473549,'2013-10-24 17:45:35','2013-10-24 17:46:13',23,60,0.00400,'completed','NORMAL_CLEARING',9,9,14,9,NULL,NULL,NULL),(181,'2013-10-24 09:47:12','24deaafe-3c91-11e3-9eb3-bfb2752ceb2a',0,85235009081,85291473549,'2013-10-24 17:46:23','2013-10-24 17:46:57',25,60,0.00400,'completed','NORMAL_CLEARING',9,9,14,9,NULL,NULL,NULL),(182,'2013-10-24 10:52:22','3b0d98c2-3c9a-11e3-bc5e-9591126afa15',0,85235009081,85291473549,'2013-10-24 18:51:26','2013-10-24 18:52:07',22,60,0.00400,'completed','NORMAL_CLEARING',9,9,14,9,NULL,NULL,NULL),(183,'2013-10-24 13:19:01','c6861384-3cae-11e3-ad6a-bfb2752ceb2a',85261975969,85235009082,85266821490,'2013-10-24 21:18:30','2013-10-24 21:18:46',0,0,0.00400,'cancel','ORIGINATOR_CANCEL',12,10,14,9,NULL,NULL,NULL),(184,'2013-10-24 13:19:44','ddf8761a-3cae-11e3-8d64-9591126afa15',85261975969,85235009082,85266821490,'2013-10-24 21:19:09','2013-10-24 21:19:29',8,60,0.00400,'completed','NORMAL_CLEARING',12,10,14,9,NULL,NULL,NULL),(185,'2013-10-24 13:25:37','b11955e6-3caf-11e3-a431-bfb2752ceb2a',85261975969,85235009082,85266821490,'2013-10-24 21:25:03','2013-10-24 21:25:22',7,60,0.00400,'completed','NORMAL_CLEARING',12,10,14,9,NULL,NULL,NULL),(186,'2013-10-24 13:29:59','49099668-3cb0-11e3-a242-9591126afa15',85261975969,85235009082,85266821490,'2013-10-24 21:29:18','2013-10-24 21:29:45',13,60,0.00400,'completed','NORMAL_CLEARING',12,10,14,9,NULL,NULL,NULL),(187,'2013-10-24 23:28:12','e01eae46-3d03-11e3-a39c-9591126afa15',85235431685,85235009082,85266821490,'2013-10-25 07:27:40','2013-10-25 07:27:57',0,0,0.00400,'cancel','ORIGINATOR_CANCEL',12,10,14,9,NULL,NULL,NULL),(188,'2013-10-25 03:41:55','50ee6dd2-3d27-11e3-8191-bfb2752ceb2a',0,85235009095,85291895941,'2013-10-25 11:41:22','2013-10-25 11:41:39',0,0,0.00400,'cancel','ORIGINATOR_CANCEL',17,18,23,11,NULL,NULL,NULL),(189,'2013-10-25 03:43:18','858954f8-3d27-11e3-8181-9591126afa15',85291473549,85235009095,85291895941,'2013-10-25 11:42:50','2013-10-25 11:43:03',0,0,0.00400,'cancel','ORIGINATOR_CANCEL',17,18,23,11,NULL,NULL,NULL),(190,'2013-10-25 03:43:53','9686e59a-3d27-11e3-82f6-9591126afa15',85291473549,85235009095,85291895941,'2013-10-25 11:43:18','2013-10-25 11:43:38',10,60,0.00400,'completed','NORMAL_CLEARING',17,18,23,11,NULL,NULL,NULL),(191,'2013-10-25 08:13:15','1ed5031c-3d4d-11e3-a63b-bfb2752ceb2a',0,85235009081,85291473549,'2013-10-25 16:11:59','2013-10-25 16:12:59',50,60,0.00400,'completed','NORMAL_CLEARING',9,9,14,9,NULL,NULL,NULL),(192,'2013-10-27 07:08:28','72f0a0e8-3ed6-11e3-adc0-9591126afa15',0,85235009082,85266821490,'2013-10-27 15:07:32','2013-10-27 15:08:09',0,0,0.00400,'cancel','ORIGINATOR_CANCEL',12,10,14,9,NULL,NULL,NULL),(193,'2013-10-27 07:22:37','77a4fa38-3ed8-11e3-83d4-bfb2752ceb2a',0,85235009080,85266821490,'2013-10-27 15:21:59','2013-10-27 15:22:19',0,0,0.00400,'completed','NORMAL_CLEARING',8,9,14,9,NULL,NULL,NULL),(194,'2013-10-28 03:32:08','73629684-3f81-11e3-af1c-9591126afa15',0,85235009093,85291473549,'2013-10-28 11:31:37','2013-10-28 11:31:48',4,60,0.00400,'completed','NORMAL_CLEARING',22,21,24,11,NULL,NULL,NULL),(195,'2013-10-28 03:32:29','803bb340-3f81-11e3-b07d-9591126afa15',0,85235009093,85291473549,'2013-10-28 11:31:58','2013-10-28 11:32:08',3,60,0.00400,'completed','NORMAL_CLEARING',22,21,24,11,NULL,NULL,NULL),(196,'2013-10-28 04:40:28','ed57b2c2-3f8a-11e3-8749-bfb2752ceb2a',0,85235009082,85266821490,'2013-10-28 12:39:27','2013-10-28 12:40:08',20,60,0.00400,'completed','NORMAL_CLEARING',12,10,14,9,NULL,NULL,NULL),(197,'2013-10-28 04:40:58','0f5f6bee-3f8b-11e3-8b13-bfb2752ceb2a',0,85235009082,85266821490,'2013-10-28 12:40:24','2013-10-28 12:40:37',2,60,0.00400,'completed','NORMAL_CLEARING',12,10,14,9,NULL,NULL,NULL),(198,'2013-10-28 04:41:52','2e4fc346-3f8b-11e3-81b5-9591126afa15',85291473549,85235009082,85266821490,'2013-10-28 12:41:16','2013-10-28 12:41:32',4,60,0.00400,'completed','NORMAL_CLEARING',12,10,14,9,NULL,NULL,NULL),(199,'2013-10-28 04:46:54','e1e56dfc-3f8b-11e3-9c07-9591126afa15',85291473549,85235009093,85291473549,'2013-10-28 12:46:17','2013-10-28 12:46:34',9,60,0.00400,'completed','NORMAL_CLEARING',22,21,24,11,NULL,NULL,NULL),(200,'2013-10-28 04:48:27','1a6971e6-3f8c-11e3-a9c2-bfb2752ceb2a',85291473549,85235009083,85291473549,'2013-10-28 12:47:52','2013-10-28 12:48:07',8,60,0.00400,'completed','NORMAL_CLEARING',13,10,14,9,NULL,NULL,NULL),(201,'2013-10-28 04:50:28','28b10a52-3f8c-11e3-aca5-bfb2752ceb2a',85291473549,85235009083,85291473549,'2013-10-28 12:48:16','2013-10-28 12:50:07',104,120,0.00400,'completed','NORMAL_CLEARING',13,10,14,9,NULL,NULL,NULL),(202,'2013-10-28 04:58:57','88ee7ae8-3f8d-11e3-96d7-9591126afa15',85291473549,85235009082,85266821490,'2013-10-28 12:58:07','2013-10-28 12:58:36',18,60,0.00400,'completed','NORMAL_CLEARING',12,10,14,9,NULL,NULL,NULL),(203,'2013-10-29 05:49:14','54f7f450-405d-11e3-8df5-9591126afa15',0,85235009083,85291473549,'2013-10-29 13:45:35','2013-10-29 13:48:52',179,180,0.00400,'completed','NORMAL_CLEARING',13,10,14,9,NULL,NULL,NULL),(204,'2013-10-29 08:16:12','47f2114a-4072-11e3-96b0-bfb2752ceb2a',85235431685,85235009082,85266821490,'2013-10-29 16:15:32','2013-10-29 16:15:49',4,60,0.00400,'completed','NORMAL_CLEARING',12,10,14,9,NULL,NULL,NULL),(205,'2013-10-29 08:34:43','e026e8d0-4074-11e3-83e6-9591126afa15',85291473549,85235009083,85291473549,'2013-10-29 16:34:07','2013-10-29 16:34:21',6,60,0.00400,'completed','NORMAL_CLEARING',13,10,14,9,NULL,NULL,NULL),(206,'2013-10-29 08:56:29','e5e7d538-4077-11e3-8d0c-9591126afa15',85235431685,85235009082,85266821490,'2013-10-29 16:55:45','2013-10-29 16:56:07',10,60,0.00400,'completed','NORMAL_CLEARING',12,10,14,9,NULL,NULL,NULL),(207,'2013-10-29 09:12:28','22661ad6-407a-11e3-b65a-9591126afa15',85235431685,85235009082,85266821490,'2013-10-29 17:11:45','2013-10-29 17:12:06',9,60,0.00400,'completed','NORMAL_CLEARING',12,10,14,9,NULL,NULL,NULL),(208,'2013-10-29 10:30:20','e3b3d9c6-4084-11e3-99b2-9591126afa15',0,85235009082,85266821490,'2013-10-29 18:28:45','2013-10-29 18:29:58',55,60,0.00400,'completed','NORMAL_CLEARING',12,10,14,9,NULL,NULL,NULL),(209,'2013-10-29 10:57:53','b4cc91d0-4088-11e3-8f71-9591126afa15',0,85235009082,85266821490,'2013-10-29 18:56:04','2013-10-29 18:57:30',55,60,0.00400,'completed','NORMAL_CLEARING',12,10,14,9,NULL,NULL,NULL),(210,'2013-10-29 11:15:52','64b5711e-408b-11e3-8cbd-bfb2752ceb2a',85266821490,85235009082,85266821490,'2013-10-29 19:15:18','2013-10-29 19:15:29',3,60,0.00400,'completed','NORMAL_CLEARING',12,10,14,9,NULL,NULL,NULL),(211,'2013-10-29 11:18:18','b6ec4732-408b-11e3-9a42-bfb2752ceb2a',85261975969,85235009082,85266821490,'2013-10-29 19:17:36','2013-10-29 19:17:56',7,60,0.00400,'completed','NORMAL_CLEARING',12,10,14,9,NULL,NULL,NULL),(212,'2013-10-29 11:31:20','81a3cd00-408d-11e3-9e0d-9591126afa15',85266821490,85235009082,85261975969,'2013-10-29 19:30:26','2013-10-29 19:30:58',21,60,0.00400,'completed','NORMAL_CLEARING',12,10,14,9,NULL,NULL,NULL),(213,'2013-10-29 11:55:57','dd933526-4090-11e3-8325-9591126afa15',0,85235009082,85261975969,'2013-10-29 19:54:28','2013-10-29 19:55:35',49,60,0.00400,'completed','NORMAL_CLEARING',12,10,14,9,NULL,NULL,NULL),(214,'2013-10-30 06:09:34','b96530c0-4129-11e3-98bf-9591126afa15',0,85235009082,85266821490,'2013-10-30 14:08:41','2013-10-30 14:09:10',10,60,0.00400,'completed','NORMAL_CLEARING',12,10,14,9,NULL,NULL,NULL),(215,'2013-10-30 06:11:27','024b08e6-412a-11e3-a08e-9591126afa15',0,85235009082,85266821490,'2013-10-30 14:10:43','2013-10-30 14:11:03',8,60,0.00400,'completed','NORMAL_CLEARING',12,10,14,9,NULL,NULL,NULL),(216,'2013-10-30 06:20:09','329c9586-412b-11e3-b7d0-bfb2752ceb2a',85266821490,85235009081,85291473549,'2013-10-30 14:19:13','2013-10-30 14:19:45',23,60,0.00400,'completed','NORMAL_CLEARING',9,9,14,9,NULL,NULL,NULL),(217,'2013-10-30 06:22:10','82a03f74-412b-11e3-830a-bfb2752ceb2a',85266821490,85235009081,85291473549,'2013-10-30 14:21:28','2013-10-30 14:21:46',8,60,0.00400,'completed','NORMAL_CLEARING',9,9,14,9,NULL,NULL,NULL),(218,'2013-10-30 06:42:16','5b2e8c4a-412e-11e3-9674-9591126afa15',0,85235009082,85266821490,'2013-10-30 14:41:50','2013-10-30 14:41:53',0,0,0.00400,'completed','NORMAL_CLEARING',12,10,14,9,NULL,NULL,NULL),(219,'2013-10-30 07:23:40','134fee18-4134-11e3-bfe5-9591126afa15',85266821490,85235009081,85291473549,'2013-10-30 15:22:46','2013-10-30 15:23:16',19,60,0.00400,'completed','NORMAL_CLEARING',9,9,14,9,NULL,NULL,NULL),(220,'2013-10-30 07:24:19','3073a520-4134-11e3-9886-bfb2752ceb2a',85266821490,85235009081,85291473549,'2013-10-30 15:23:35','2013-10-30 15:23:55',12,60,0.00400,'completed','NORMAL_CLEARING',9,9,14,9,NULL,NULL,NULL),(221,'2013-10-30 11:10:03','a15cd328-4153-11e3-a312-9591126afa15',85266821490,85235009081,85291473549,'2013-10-30 19:08:39','2013-10-30 19:09:39',46,60,0.00400,'completed','NORMAL_CLEARING',9,9,14,9,NULL,NULL,NULL),(222,'2013-10-30 23:22:52','666f07e8-41b9-11e3-8375-bfb2752ceb2a',85235431685,85235009084,85291473549,'2013-10-31 07:17:09','2013-10-31 07:22:28',298,300,0.00400,'completed','NORMAL_CLEARING',31,29,25,9,NULL,NULL,NULL),(223,'2013-10-30 23:58:41','13f5de78-41bf-11e3-b19f-bfb2752ceb2a',85235431685,85235009082,85266821490,'2013-10-31 07:57:48','2013-10-31 07:58:16',20,60,0.00400,'completed','NORMAL_CLEARING',12,10,14,9,NULL,NULL,NULL),(224,'2013-10-31 06:18:31','2da8064a-41f4-11e3-9d00-9591126afa15',85221587520,85235009080,85266821490,'2013-10-31 14:17:54','2013-10-31 14:18:06',4,60,0.00400,'completed','NORMAL_CLEARING',8,9,14,9,NULL,NULL,NULL),(225,'2013-10-31 06:18:51','3d2630b0-41f4-11e3-9e85-9591126afa15',85221587520,85235009080,85266821490,'2013-10-31 14:18:20','2013-10-31 14:18:26',0,0,0.00400,'cancel','ORIGINATOR_CANCEL',8,9,14,9,NULL,NULL,NULL),(226,'2013-10-31 06:23:15','d6ef69a0-41f4-11e3-ba7f-bfb2752ceb2a',85221587520,85235009100,85266821490,'2013-10-31 14:22:38','2013-10-31 14:22:50',3,60,0.00400,'completed','NORMAL_CLEARING',32,27,26,9,NULL,NULL,NULL),(227,'2013-10-31 06:32:11','162b99b2-41f6-11e3-96bb-9591126afa15',85235431685,85235009100,85266821490,'2013-10-31 14:31:34','2013-10-31 14:31:46',4,60,0.00400,'completed','NORMAL_CLEARING',32,27,26,9,NULL,NULL,NULL),(228,'2013-10-31 23:22:17','2e1b582c-4283-11e3-a86e-9591126afa15',85235431685,85235009082,85266821490,'2013-11-01 07:21:33','2013-11-01 07:21:51',9,60,0.00400,'completed','NORMAL_CLEARING',12,10,14,9,NULL,NULL,NULL),(229,'2013-10-31 23:42:12','f2f9f1d8-4285-11e3-8a2f-bfb2752ceb2a',85235431685,85235009100,85239751890,'2013-11-01 07:41:22','2013-11-01 07:41:46',0,0,0.00400,'cancel','ORIGINATOR_CANCEL',33,30,27,13,NULL,NULL,NULL),(230,'2013-10-31 23:44:07','3b5ad5d2-4286-11e3-8c9c-bfb2752ceb2a',85235431685,85235009101,85239751890,'2013-11-01 07:43:24','2013-11-01 07:43:41',0,0,0.00400,'cancel','ORIGINATOR_CANCEL',34,30,27,13,NULL,NULL,NULL),(231,'2013-11-01 01:13:26','b31132c2-4292-11e3-aae4-9591126afa15',85235431685,85235009082,85266821490,'2013-11-01 09:12:38','2013-11-01 09:13:00',9,60,0.00400,'completed','NORMAL_CLEARING',12,10,14,9,NULL,NULL,NULL),(232,'2013-11-01 02:08:42','5cad9ea4-429a-11e3-9c5a-bfb2752ceb2a',85291473549,85235009101,85239751890,'2013-11-01 10:07:29','2013-11-01 10:08:15',28,60,0.00400,'completed','NORMAL_CLEARING',34,30,27,13,NULL,NULL,NULL),(233,'2013-11-01 04:26:37','a8b5d6f0-42ad-11e3-9447-9591126afa15',85291473549,85235009101,85239751890,'2013-11-01 12:25:37','2013-11-01 12:26:11',28,60,0.00400,'completed','NORMAL_CLEARING',34,30,27,13,NULL,NULL,NULL),(234,'2013-11-01 06:57:21','bbe25b94-42c2-11e3-9dd6-bfb2752ceb2a',85290889064,85235009101,85239751890,'2013-11-01 14:56:29','2013-11-01 14:56:54',16,60,0.00400,'completed','NORMAL_CLEARING',34,30,27,13,NULL,NULL,NULL),(235,'2013-11-04 00:07:59','13505f9c-44e5-11e3-bf0f-9591126afa15',85266821490,85235009082,85266821490,'2013-11-04 08:07:21','2013-11-04 08:07:28',3,60,0.00400,'completed','NORMAL_CLEARING',12,10,14,9,NULL,NULL,NULL),(236,'2013-11-04 02:01:20','e20bfd46-44f4-11e3-8dd1-bfb2752ceb2a',85269754393,85235009101,85239751890,'2013-11-04 10:00:30','2013-11-04 10:00:49',7,60,0.00400,'completed','NORMAL_CLEARING',34,30,27,13,NULL,NULL,NULL),(237,'2013-11-04 04:32:48','de0a4ea2-4501-11e3-9a49-9591126afa15',85266821490,85235009081,85291473549,'2013-11-04 11:33:27','2013-11-04 12:32:17',3499,3540,0.00400,'completed','NORMAL_CLEARING',9,9,14,9,NULL,NULL,NULL),(238,'2013-11-04 06:47:40','e4a9e2b6-451c-11e3-ba02-bfb2752ceb2a',85266821490,85235009085,85290930376,'2013-11-04 14:46:54','2013-11-04 14:47:08',0,0,0.00400,'cancel','ORIGINATOR_CANCEL',36,9,14,9,NULL,NULL,NULL),(239,'2013-11-04 06:48:12','fc5c6d48-451c-11e3-acc9-9591126afa15',85266821490,85235009085,85290930376,'2013-11-04 14:47:34','2013-11-04 14:47:40',0,0,0.00400,'cancel','ORIGINATOR_CANCEL',36,9,14,9,NULL,NULL,NULL),(240,'2013-11-04 23:49:53','ac79199a-45ab-11e3-9a16-bfb2752ceb2a',85235431685,85235009082,85266821490,'2013-11-05 07:48:58','2013-11-05 07:49:20',9,60,0.00400,'completed','NORMAL_CLEARING',12,10,14,9,NULL,NULL,NULL),(241,'2013-11-05 00:13:22','00c5d9ae-45af-11e3-bd97-bfb2752ceb2a',85235431685,85235009110,852,'2013-11-05 08:12:48','2013-11-05 08:12:50',0,0,0.00400,'no-answer','NO_ANSWER',41,33,29,15,NULL,NULL,NULL),(242,'2013-11-05 06:45:13','9255e5f4-45e5-11e3-b315-9591126afa15',85231010878,85235009101,85239751890,'2013-11-05 14:43:25','2013-11-05 14:44:40',66,120,0.00400,'completed','NORMAL_CLEARING',34,30,27,13,NULL,NULL,NULL),(244,'2013-11-05 11:39:55','e45d633a-460e-11e3-afab-bfb2752ceb2a',85261975969,85235009082,85261975969,'2013-11-05 19:39:12','2013-11-05 19:39:22',5,60,0.00300,'completed','NORMAL_CLEARING',12,10,14,9,NULL,NULL,NULL),(245,'2013-11-06 01:25:33','3dcdb6c2-4682-11e3-80bc-9591126afa15',85262218341,85235009101,85239751890,'2013-11-06 09:24:54','2013-11-06 09:24:59',0,0,0.00300,'cancel','ORIGINATOR_CANCEL',34,30,27,13,NULL,NULL,NULL),(246,'2013-11-06 01:30:09','cc8cf88c-4682-11e3-a593-bfb2752ceb2a',85223682064,85235009101,85239751890,'2013-11-06 09:28:54','2013-11-06 09:29:35',35,60,0.00300,'completed','NORMAL_CLEARING',34,30,27,13,NULL,NULL,NULL),(247,'2013-11-06 03:05:32','23fa0706-4690-11e3-945e-9591126afa15',85261597943,85235009101,85239751890,'2013-11-06 11:04:24','2013-11-06 11:04:58',27,60,0.00300,'completed','NORMAL_CLEARING',34,30,27,13,NULL,NULL,NULL),(248,'2013-11-06 08:25:02','b74b40f2-46bc-11e3-8703-9591126afa15',85297252583,85235009101,85239751890,'2013-11-06 16:23:29','2013-11-06 16:24:28',54,60,0.00300,'completed','NORMAL_CLEARING',34,30,27,13,NULL,NULL,NULL),(249,'2013-11-07 08:15:20','a1626f04-4784-11e3-aea5-bfb2752ceb2a',85235431685,85235009082,85266821490,'2013-11-07 16:14:32','2013-11-07 16:14:44',4,60,0.00300,'completed','NORMAL_CLEARING',12,10,14,9,NULL,NULL,NULL),(250,'2013-11-07 11:41:14','66eb97c0-47a1-11e3-bc93-bfb2752ceb2a',85266821490,85235009082,85266821490,'2013-11-07 19:40:29','2013-11-07 19:40:37',4,60,0.00300,'completed','NORMAL_CLEARING',12,10,14,9,NULL,NULL,NULL),(251,'2013-11-07 23:46:44','bfff31ea-4806-11e3-b246-9591126afa15',85235431685,85235009082,85266821490,'2013-11-08 07:45:57','2013-11-08 07:46:07',5,60,0.00300,'completed','NORMAL_CLEARING',12,10,14,9,NULL,NULL,NULL),(252,'2013-11-08 03:25:13','3fa48576-4825-11e3-8711-9591126afa15',85237249674,85235009101,85239751890,'2013-11-08 11:24:17','2013-11-08 11:24:36',14,60,0.00300,'completed','NORMAL_CLEARING',34,30,27,13,NULL,NULL,NULL),(253,'2013-11-08 03:36:09','c8c51414-4826-11e3-959f-bfb2752ceb2a',85255957688,85235009101,85239751890,'2013-11-08 11:35:16','2013-11-08 11:35:32',11,60,0.00300,'completed','NORMAL_CLEARING',34,30,27,13,NULL,NULL,NULL),(259,'2013-11-09 06:35:40','09ad1f66-4909-11e3-b0e9-bfb2752ceb2a',85266821490,85235009082,85266821490,'2013-11-09 14:34:51','2013-11-09 14:35:00',4,60,0.00300,'completed','NORMAL_CLEARING',12,10,14,9,NULL,NULL,NULL),(279,'2013-11-11 06:03:36','d0646590-4a96-11e3-a4f5-9591126afa15',85292026413,85235009101,85239751890,'2013-11-11 14:02:15','2013-11-11 14:02:54',34,60,0.00300,'completed','NORMAL_CLEARING',34,30,27,13,NULL,NULL,NULL),(281,'2013-11-11 08:36:36','3e3d556c-4aac-11e3-a69e-9591126afa15',85261564565,85235009101,85239751890,'2013-11-11 16:35:39','2013-11-11 16:35:53',10,60,0.00300,'completed','NORMAL_CLEARING',34,30,27,13,NULL,NULL,NULL),(282,'2013-11-11 12:22:24','ce1f5d00-4acb-11e3-aa26-e30583f4d4e9',85266821490,85235009080,85266821490,'2013-11-11 20:21:34','2013-11-11 20:21:42',7,60,0.00300,'completed','NORMAL_CLEARING',8,9,14,9,NULL,NULL,NULL),(287,'2013-11-12 05:17:04','87731e4e-4b59-11e3-930b-e30583f4d4e9',0,85235009080,85266821490,'2013-11-12 13:16:04','2013-11-12 13:16:21',4,60,0.00300,'completed','NORMAL_CLEARING',8,9,14,9,NULL,NULL,NULL),(288,'2013-11-12 05:42:36','175a5056-4b5d-11e3-81ab-db1688b74faa',0,85235009082,85266821490,'2013-11-12 13:41:34','2013-11-12 13:41:52',0,0,0.00300,'cancel','ORIGINATOR_CANCEL',12,10,14,9,NULL,NULL,NULL),(289,'2013-11-12 05:50:58','42507366-4b5e-11e3-96c6-e30583f4d4e9',0,85235009082,85266821490,'2013-11-12 13:49:56','2013-11-12 13:50:14',0,0,0.00300,'cancel','ORIGINATOR_CANCEL',12,10,14,9,NULL,NULL,NULL),(290,'2013-11-12 06:01:30','baeb8512-4b5f-11e3-8dbd-e30583f4d4e9',0,85235009082,85266821490,'2013-11-12 14:00:28','2013-11-12 14:00:46',0,0,0.00300,'cancel','ORIGINATOR_CANCEL',12,10,14,9,NULL,NULL,NULL),(291,'2013-11-12 06:03:23','f5637f56-4b5f-11e3-9402-e30583f4d4e9',0,85235009082,85266821490,'2013-11-12 14:02:06','2013-11-12 14:02:39',0,0,0.00300,'completed','NORMAL_CLEARING',12,10,14,9,NULL,NULL,NULL),(292,'2013-11-12 06:04:05','15fc57e2-4b60-11e3-956e-db1688b74faa',0,85235009082,85266821490,'2013-11-12 14:03:00','2013-11-12 14:03:21',10,60,0.00300,'completed','NORMAL_CLEARING',12,10,14,9,NULL,NULL,NULL),(293,'2013-11-12 06:11:32','1f8a8652-4b61-11e3-b48a-e30583f4d4e9',0,85235009082,85266821490,'2013-11-12 14:10:26','2013-11-12 14:10:49',14,60,0.00300,'completed','NORMAL_CLEARING',12,10,14,9,NULL,NULL,NULL),(294,'2013-11-12 06:14:45','90fabc94-4b61-11e3-8167-db1688b74faa',0,85235009082,85266821490,'2013-11-12 14:13:36','2013-11-12 14:14:01',15,60,0.00300,'completed','NORMAL_CLEARING',12,10,14,9,NULL,NULL,NULL),(295,'2013-11-12 06:17:00','e5fe350e-4b61-11e3-8930-e30583f4d4e9',0,85235009082,85266821490,'2013-11-12 14:15:59','2013-11-12 14:16:16',13,60,0.00300,'completed','NORMAL_CLEARING',12,10,14,9,NULL,NULL,NULL),(296,'2013-11-12 06:22:18','99c6490a-4b62-11e3-a761-db1688b74faa',0,85235009082,85235431685,'2013-11-12 14:21:01','2013-11-12 14:21:34',0,0,0.00300,'completed','NORMAL_CLEARING',12,10,14,9,NULL,NULL,NULL),(297,'2013-11-12 20:18:56','8853605c-4bd7-11e3-be08-e30583f4d4e9',0,85235009082,85266821490,'2013-11-13 04:18:02','2013-11-13 04:18:11',0,0,0.00300,'cancel','ORIGINATOR_CANCEL',12,10,14,9,NULL,NULL,NULL),(298,'2013-11-12 20:20:13','b52ffd92-4bd7-11e3-808e-db1688b74faa',0,85235009082,85266821490,'2013-11-13 04:19:18','2013-11-13 04:19:28',0,0,0.00300,'cancel','ORIGINATOR_CANCEL',12,10,14,9,NULL,NULL,NULL),(299,'2013-11-12 21:11:41','e69d3ea6-4bde-11e3-8b07-e30583f4d4e9',0,85235009082,85266821490,'2013-11-13 05:10:47','2013-11-13 05:10:56',0,0,0.00300,'cancel','ORIGINATOR_CANCEL',12,10,14,9,NULL,NULL,NULL),(300,'2013-11-12 22:04:07','3235688c-4be6-11e3-8071-db1688b74faa',0,85235009082,85266821490,'2013-11-13 06:03:00','2013-11-13 06:03:22',14,60,0.00300,'completed','NORMAL_CLEARING',12,10,14,9,'','',NULL),(301,'2013-11-12 22:06:35','939cd72c-4be6-11e3-904f-e30583f4d4e9',0,85235009082,85266821490,'2013-11-13 06:05:44','2013-11-13 06:05:50',0,0,0.00300,'cancel','ORIGINATOR_CANCEL',12,10,14,9,'hangup','ORIGINATOR_CANCEL',NULL),(302,'2013-11-12 22:07:19','a421772e-4be6-11e3-8441-db1688b74faa',0,85235009082,85266821490,'2013-11-13 06:06:11','2013-11-13 06:06:34',0,0,0.00300,'cancel','ORIGINATOR_CANCEL',12,10,14,9,'hangup','ORIGINATOR_CANCEL',NULL),(306,'2013-11-12 22:56:55','9c3b064a-4bed-11e3-a21b-e30583f4d4e9',85235431685,85235009082,85266821490,'2013-11-13 06:56:05','2013-11-13 06:56:11',0,0,0.00300,'cancel','ORIGINATOR_CANCEL',12,10,14,9,'hangup','ORIGINATOR_CANCEL',NULL),(307,'2013-11-12 22:57:50','a4952b2c-4bed-11e3-a2c8-e30583f4d4e9',85235431685,85235009082,85266821490,'2013-11-13 06:56:19','2013-11-13 06:57:06',10,60,0.00300,'completed','NORMAL_CLEARING',12,10,14,9,'hangup','NORMAL_CLEARING',NULL),(308,'2013-11-12 23:00:35','1ac680b6-4bee-11e3-9d30-db1688b74faa',85235431685,85235009082,85266821490,'2013-11-13 06:59:37','2013-11-13 06:59:50',4,60,0.00300,'completed','NORMAL_CLEARING',12,10,14,9,'hangup','NORMAL_CLEARING',NULL),(309,'2013-11-12 23:01:43','4599b286-4bee-11e3-9f20-db1688b74faa',85266821490,85235009082,85266821490,'2013-11-13 07:00:49','2013-11-13 07:00:58',5,60,0.00300,'completed','NORMAL_CLEARING',12,10,14,9,'hangup','NORMAL_CLEARING',NULL),(310,'2013-11-12 23:02:40','58e3edfc-4bee-11e3-a8c8-e30583f4d4e9',85266821490,85235009080,85235431685,'2013-11-13 07:01:21','2013-11-13 07:01:55',0,0,0.00300,'completed','NORMAL_CLEARING',8,9,14,9,'','',NULL),(311,'2013-11-12 23:05:10','bd52ba02-4bee-11e3-ad0d-e30583f4d4e9',85266821490,85235009080,85235431685,'2013-11-13 07:04:10','2013-11-13 07:04:25',10,60,0.00300,'completed','NORMAL_CLEARING',8,9,14,9,'hangup','NORMAL_CLEARING',NULL),(312,'2013-11-12 23:08:17','21ea2158-4bef-11e3-a5eb-db1688b74faa',85266821490,85235009080,85235431685,'2013-11-13 07:06:58','2013-11-13 07:07:32',0,0,0.00300,'completed','NORMAL_CLEARING',8,9,14,9,'hangup','USER_BUSY',NULL),(313,'2013-11-12 23:09:47','68bf4248-4bef-11e3-b3d4-e30583f4d4e9',85266821490,85235009080,85235431685,'2013-11-13 07:08:57','2013-11-13 07:09:02',0,0,0.00300,'cancel','ORIGINATOR_CANCEL',8,9,14,9,'hangup','ORIGINATOR_CANCEL',NULL),(314,'2013-11-12 23:11:41','a548344a-4bef-11e3-aa4e-db1688b74faa',85266821490,85235009080,85235431685,'2013-11-13 07:10:39','2013-11-13 07:10:56',0,0,0.00300,'cancel','ORIGINATOR_CANCEL',8,9,14,9,'hangup','ORIGINATOR_CANCEL',NULL),(322,'2013-11-13 00:19:35','17efe20a-4bf9-11e3-be68-db1688b74faa',85266821490,85235009080,85235431685,'2013-11-13 08:18:17','2013-11-13 08:18:50',0,0,0.00300,'completed','NORMAL_CLEARING',8,9,14,9,'hangup','USER_BUSY',NULL),(323,'2013-11-13 00:20:55','3c0e0cca-4bf9-11e3-9b96-e30583f4d4e9',85266821490,85235009080,85235431685,'2013-11-13 08:19:17','2013-11-13 08:20:10',47,60,0.00300,'completed','NORMAL_CLEARING',8,9,14,9,'hangup','NORMAL_CLEARING',NULL),(324,'2013-11-13 00:21:53','7961ac58-4bf9-11e3-9e76-e30583f4d4e9',85266821490,85235009080,85235431685,'2013-11-13 08:21:00','2013-11-13 08:21:08',3,60,0.00300,'completed','NORMAL_CLEARING',8,9,14,9,'hangup','NORMAL_CLEARING',NULL),(325,'2013-11-13 00:48:40','2844d260-4bfd-11e3-a0d0-db1688b74faa',85266821490,85235009080,85235431685,'2013-11-13 08:47:22','2013-11-13 08:47:56',0,0,0.00300,'completed','NORMAL_CLEARING',8,9,14,9,'hangup','USER_BUSY',NULL),(326,'2013-11-13 00:49:47','4ff6949c-4bfd-11e3-a133-db1688b74faa',85266821490,85235009080,85235431685,'2013-11-13 08:48:29','2013-11-13 08:49:02',0,0,0.00300,'completed','NORMAL_CLEARING',8,9,14,9,'hangup','USER_BUSY',NULL),(327,'2013-11-13 00:50:25','75ecd4cc-4bfd-11e3-8844-e30583f4d4e9',85266821490,85235009080,85235431685,'2013-11-13 08:49:32','2013-11-13 08:49:40',3,60,0.00300,'completed','NORMAL_CLEARING',8,9,14,9,'hangup','NORMAL_CLEARING',NULL),(331,'2013-11-13 05:32:59','c8555848-4c24-11e3-ac53-e30583f4d4e9',85239770563,85235009101,85239751890,'2013-11-13 13:31:01','2013-11-13 13:32:13',57,60,0.00300,'completed','NORMAL_CLEARING',34,30,27,13,'hangup','NORMAL_CLEARING',NULL),(332,'2013-11-13 07:06:40','0659ec0a-4c32-11e3-9e57-e30583f4d4e9',85266821490,85235009081,85291473549,'2013-11-13 15:05:49','2013-11-13 15:05:55',0,0,0.00300,'cancel','ORIGINATOR_CANCEL',9,9,14,9,'hangup','ORIGINATOR_CANCEL',NULL),(333,'2013-11-13 07:07:08','0f681baa-4c32-11e3-8187-db1688b74faa',85266821490,85235009081,85291473549,'2013-11-13 15:06:04','2013-11-13 15:06:23',10,60,0.00300,'completed','NORMAL_CLEARING',9,9,14,9,'hangup','NORMAL_CLEARING',NULL),(356,'2013-11-17 07:09:51','0318cb10-4f57-11e3-9977-e30583f4d4e9',0,85235009082,85266821490,'2013-11-17 15:08:08','2013-11-17 15:08:59',14,60,0.00300,'completed','NORMAL_CLEARING',12,10,14,9,'hangup','NORMAL_CLEARING',NULL),(357,'2013-11-18 01:18:17','c45f6076-4fee-11e3-9742-d93666032297',85298615359,85235009080,85235431685,'2013-11-18 09:14:26','2013-11-18 09:17:24',171,180,0.00300,'completed','NORMAL_CLEARING',8,9,14,9,'hangup','NORMAL_CLEARING',NULL),(358,'2013-11-19 01:53:15','114d046e-50bd-11e3-9e62-f30f0e86751e',85228695599,85235009083,85291473549,'2013-11-19 09:51:12','2013-11-19 09:52:20',59,60,0.00300,'completed','NORMAL_CLEARING',13,10,14,9,'hangup','NORMAL_CLEARING',NULL),(370,'2013-11-19 03:34:37','5e3d6580-50cb-11e3-9266-1b5c95282229',85253010815,85235009101,85239751890,'2013-11-19 11:33:34','2013-11-19 11:33:41',0,0,0.00300,'cancel','ORIGINATOR_CANCEL',34,30,27,13,'hangup','ORIGINATOR_CANCEL',NULL),(404,'2013-11-20 02:02:44','8d716830-5187-11e3-ae6b-1b5c95282229',6565572770,6531586275,6585152617,'2013-11-20 10:00:38','2013-11-20 10:01:46',52,60,0.01500,'completed','NORMAL_CLEARING',49,37,32,14,'hangup','NORMAL_CLEARING',NULL),(405,'2013-11-20 02:18:48','f07cf53c-5189-11e3-8fe7-f30f0e86751e',6531578905,6531586275,6585152617,'2013-11-20 10:17:43','2013-11-20 10:17:52',0,0,0.01500,'cancel','ORIGINATOR_CANCEL',49,37,32,14,'hangup','ORIGINATOR_CANCEL',NULL),(406,'2013-11-20 02:20:50','294dba7c-518a-11e3-9ff1-1b5c95282229',6562525457,6531586275,6585152617,'2013-11-20 10:19:19','2013-11-20 10:19:53',18,60,0.01500,'completed','NORMAL_CLEARING',49,37,32,14,'hangup','NORMAL_CLEARING',NULL),(407,'2013-11-20 02:22:03','4abf92d4-518a-11e3-989c-f30f0e86751e',6596361229,6531586275,6585152617,'2013-11-20 10:20:15','2013-11-20 10:21:05',37,60,0.01500,'completed','NORMAL_CLEARING',49,37,32,14,'hangup','NORMAL_CLEARING',NULL),(408,'2013-11-20 02:45:53','b11b2acc-518d-11e3-9d55-f30f0e86751e',6597924163,6531586275,6585152617,'2013-11-20 10:44:35','2013-11-20 10:44:56',7,60,0.01500,'completed','NORMAL_CLEARING',49,37,32,14,'hangup','NORMAL_CLEARING',NULL),(409,'2013-11-20 02:46:39','c2797224-518d-11e3-acb1-1b5c95282229',6597924163,6531586275,6585152617,'2013-11-20 10:45:04','2013-11-20 10:45:42',23,60,0.01500,'completed','NORMAL_CLEARING',49,37,32,14,'hangup','NORMAL_CLEARING',NULL),(410,'2013-11-20 03:27:52','8347ff66-5193-11e3-aa79-f30f0e86751e',6564996172,6531586275,6585152617,'2013-11-20 11:26:15','2013-11-20 11:26:55',16,60,0.01500,'completed','NORMAL_CLEARING',49,37,32,14,'hangup','NORMAL_CLEARING',NULL),(411,'2013-11-20 04:29:34','20756212-519c-11e3-879f-1b5c95282229',6592739844,6531586275,6585152617,'2013-11-20 12:27:55','2013-11-20 12:28:37',20,60,0.01500,'completed','NORMAL_CLEARING',49,37,32,14,'hangup','NORMAL_CLEARING',NULL),(412,'2013-11-20 05:16:45','c3909f7e-51a2-11e3-8f93-1b5c95282229',6592306934,6531586275,6585152617,'2013-11-20 13:15:25','2013-11-20 13:15:49',7,60,0.01500,'completed','NORMAL_CLEARING',49,37,32,14,'hangup','NORMAL_CLEARING',NULL),(413,'2013-11-20 05:17:27','d61411e4-51a2-11e3-81f4-f30f0e86751e',6592306934,6531586275,6585152617,'2013-11-20 13:15:56','2013-11-20 13:16:29',19,60,0.01500,'completed','NORMAL_CLEARING',49,37,32,14,'hangup','NORMAL_CLEARING',NULL),(414,'2013-11-20 05:23:06','9dfe7eec-51a3-11e3-a9f2-1b5c95282229',6592306934,6531586275,6585152617,'2013-11-20 13:21:32','2013-11-20 13:22:09',13,60,0.01500,'completed','NORMAL_CLEARING',49,37,32,14,'hangup','NORMAL_CLEARING',NULL),(415,'2013-11-20 05:52:01','acc6c1c4-51a7-11e3-9baf-1b5c95282229',6564587114,6531586275,6585152617,'2013-11-20 13:50:35','2013-11-20 13:51:05',17,60,0.01500,'completed','NORMAL_CLEARING',49,37,32,14,'hangup','NORMAL_CLEARING',NULL),(416,'2013-11-20 05:52:52','ca05fe58-51a7-11e3-9fa7-1b5c95282229',6564587114,6531586275,6585152617,'2013-11-20 13:51:24','2013-11-20 13:51:54',23,60,0.01500,'completed','NORMAL_CLEARING',49,37,32,14,'hangup','NORMAL_CLEARING',NULL),(417,'2013-11-20 06:05:12','81cc0270-51a9-11e3-9467-f30f0e86751e',0,6531586275,6585152617,'2013-11-20 14:03:42','2013-11-20 14:04:14',9,60,0.01500,'completed','NORMAL_CLEARING',49,37,32,14,'hangup','NORMAL_CLEARING',NULL),(418,'2013-11-20 06:08:17','f88f4f70-51a9-11e3-9daa-1b5c95282229',0,6531586275,6585152617,'2013-11-20 14:07:01','2013-11-20 14:07:20',13,60,0.01500,'completed','NORMAL_CLEARING',49,37,32,14,'hangup','NORMAL_CLEARING',NULL),(419,'2013-11-20 06:08:52','f4655be2-51a9-11e3-a878-f30f0e86751e',6592377261,6531586275,6585152617,'2013-11-20 14:06:54','2013-11-20 14:07:54',48,60,0.01500,'completed','NORMAL_CLEARING',49,37,32,14,'hangup','NORMAL_CLEARING',NULL),(420,'2013-11-20 06:08:53','0ec688f8-51aa-11e3-acda-f30f0e86751e',0,6531586275,6585152617,'2013-11-20 14:07:38','2013-11-20 14:07:56',10,60,0.01500,'completed','NORMAL_CLEARING',49,37,32,14,'hangup','NORMAL_CLEARING',NULL),(421,'2013-11-20 06:58:55','fee77de6-51b0-11e3-a170-f30f0e86751e',6597376518,6531586275,6585152617,'2013-11-20 14:57:18','2013-11-20 14:57:59',27,60,0.01500,'completed','NORMAL_CLEARING',49,37,32,14,'hangup','NORMAL_CLEARING',NULL),(422,'2013-11-20 06:59:51','1b4bfec6-51b1-11e3-8659-1b5c95282229',6597376518,6531586275,6585152617,'2013-11-20 14:58:06','2013-11-20 14:58:55',36,60,0.01500,'completed','NORMAL_CLEARING',49,37,32,14,'hangup','NORMAL_CLEARING',NULL),(423,'2013-11-20 07:40:28','cf2078f0-51b6-11e3-a88b-1b5c95282229',6593688260,6531586275,6585152617,'2013-11-20 15:38:55','2013-11-20 15:39:32',12,60,0.01500,'completed','NORMAL_CLEARING',49,37,32,14,'hangup','NORMAL_CLEARING',NULL),(424,'2013-11-20 07:58:28','552fa856-51b9-11e3-8e9f-1b5c95282229',6597720057,6531586275,6585152617,'2013-11-20 15:56:59','2013-11-20 15:57:32',10,60,0.01500,'completed','NORMAL_CLEARING',49,37,32,14,'hangup','NORMAL_CLEARING',NULL),(425,'2013-11-20 07:59:02','47849f18-51b9-11e3-ab59-f30f0e86751e',0,6531586275,6585152617,'2013-11-20 15:56:36','2013-11-20 15:58:04',76,120,0.01500,'completed','NORMAL_CLEARING',49,37,32,14,'hangup','NORMAL_CLEARING',NULL),(426,'2013-11-20 09:12:04','95c58638-51c3-11e3-8c1e-f30f0e86751e',6564175021,6531586275,6585152617,'2013-11-20 17:10:22','2013-11-20 17:11:08',21,60,0.01500,'completed','NORMAL_CLEARING',49,37,32,14,'hangup','NORMAL_CLEARING',NULL),(427,'2013-11-20 09:12:28','b7a0d5b4-51c3-11e3-90d4-f30f0e86751e',6564175021,6531586275,6585152617,'2013-11-20 17:11:19','2013-11-20 17:11:32',0,0,0.01500,'cancel','ORIGINATOR_CANCEL',49,37,32,14,'hangup','ORIGINATOR_CANCEL',NULL),(428,'2013-11-20 09:13:10','c71c2a20-51c3-11e3-865d-1b5c95282229',6591382354,6531586275,6585152617,'2013-11-20 17:11:45','2013-11-20 17:12:14',17,60,0.01500,'completed','NORMAL_CLEARING',49,37,32,14,'hangup','NORMAL_CLEARING',NULL),(429,'2013-11-20 09:48:55','cd196c26-51c8-11e3-95b5-f30f0e86751e',6565118863,6531586275,6585152617,'2013-11-20 17:47:42','2013-11-20 17:47:59',0,0,0.01500,'cancel','ORIGINATOR_CANCEL',49,37,32,14,'hangup','ORIGINATOR_CANCEL',NULL),(430,'2013-11-20 10:44:35','850dd982-51d0-11e3-ac83-1b5c95282229',6567932478,6531586275,6585152617,'2013-11-20 18:42:57','2013-11-20 18:43:39',23,60,0.01500,'completed','NORMAL_CLEARING',49,37,32,14,'hangup','NORMAL_CLEARING',NULL),(431,'2013-11-20 10:45:08','a0f0deba-51d0-11e3-b0d4-1b5c95282229',6567932478,6531586275,6585152617,'2013-11-20 18:43:44','2013-11-20 18:44:11',18,60,0.01500,'completed','NORMAL_CLEARING',49,37,32,14,'hangup','NORMAL_CLEARING',NULL),(432,'2013-11-20 10:47:06','c42a1202-51d0-11e3-af4f-f30f0e86751e',6567932478,6531586275,6585152617,'2013-11-20 18:44:43','2013-11-20 18:46:09',73,120,0.01500,'completed','NORMAL_CLEARING',49,37,32,14,'hangup','NORMAL_CLEARING',NULL),(433,'2013-11-20 10:54:03','d44ccbec-51d1-11e3-a592-1b5c95282229',0,6531586275,6585152617,'2013-11-20 18:52:20','2013-11-20 18:53:07',23,60,0.01500,'completed','NORMAL_CLEARING',49,37,32,14,'hangup','NORMAL_CLEARING',NULL),(434,'2013-11-20 11:33:59','63630512-51d7-11e3-9689-f30f0e86751e',6564984252,6531586275,6585152617,'2013-11-20 19:32:07','2013-11-20 19:33:03',38,60,0.01500,'completed','NORMAL_CLEARING',49,37,32,14,'hangup','NORMAL_CLEARING',NULL),(435,'2013-11-20 11:37:30','f7043f20-51d7-11e3-a67c-1b5c95282229',6567932478,6531586275,6585152617,'2013-11-20 19:36:15','2013-11-20 19:36:33',2,60,0.01500,'completed','NORMAL_CLEARING',49,37,32,14,'hangup','NORMAL_CLEARING',NULL),(436,'2013-11-20 11:38:53','0e40fa7a-51d8-11e3-b045-f30f0e86751e',6567932478,6531586275,6585152617,'2013-11-20 19:36:54','2013-11-20 19:37:56',42,60,0.01500,'completed','NORMAL_CLEARING',49,37,32,14,'hangup','NORMAL_CLEARING',NULL),(437,'2013-11-20 12:37:17','411227f0-51e0-11e3-84a5-1b5c95282229',6581832872,6531586275,6585152617,'2013-11-20 20:35:35','2013-11-20 20:36:21',29,60,0.01500,'completed','NORMAL_CLEARING',49,37,32,14,'hangup','NORMAL_CLEARING',NULL),(438,'2013-11-20 12:38:08','64194ec2-51e0-11e3-8a73-1b5c95282229',6581832872,6531586275,6585152617,'2013-11-20 20:36:34','2013-11-20 20:37:10',26,60,0.01500,'completed','NORMAL_CLEARING',49,37,32,14,'hangup','NORMAL_CLEARING',NULL),(439,'2013-11-20 13:29:06','81947e8e-51e7-11e3-817a-f30f0e86751e',6563455759,6531586275,6585152617,'2013-11-20 21:27:30','2013-11-20 21:28:06',14,60,0.01500,'completed','NORMAL_CLEARING',49,37,32,14,'hangup','NORMAL_CLEARING',NULL),(440,'2013-11-20 13:30:14','ad25b69e-51e7-11e3-8ca9-f30f0e86751e',6563455759,6531586275,6585152617,'2013-11-20 21:28:43','2013-11-20 21:29:16',16,60,0.01500,'completed','NORMAL_CLEARING',49,37,32,14,'hangup','NORMAL_CLEARING',NULL),(441,'2013-11-20 14:41:06','91d028f2-51f1-11e3-ba94-f30f0e86751e',6591196257,6531586275,6585152617,'2013-11-20 22:39:32','2013-11-20 22:40:10',12,60,0.01500,'completed','NORMAL_CLEARING',49,37,32,14,'hangup','NORMAL_CLEARING',NULL),(442,'2013-11-20 14:57:48','e3b84b16-51f3-11e3-9d80-1b5c95282229',6597720057,6531586275,6585152617,'2013-11-20 22:56:09','2013-11-20 22:56:41',3,60,0.01500,'completed','NORMAL_CLEARING',49,37,32,14,'hangup','NORMAL_CLEARING',NULL),(443,'2013-11-20 15:08:53','6d7c5f62-51f5-11e3-9352-1b5c95282229',6591196257,6531586275,6585152617,'2013-11-20 23:07:09','2013-11-20 23:07:56',22,60,0.01500,'completed','NORMAL_CLEARING',49,37,32,14,'hangup','NORMAL_CLEARING',NULL),(444,'2013-11-20 15:23:22','79fb97d8-51f7-11e3-96c4-f30f0e86751e',0,6531586275,6585152617,'2013-11-20 23:21:49','2013-11-20 23:22:25',10,60,0.01500,'completed','NORMAL_CLEARING',49,37,32,14,'hangup','NORMAL_CLEARING',NULL),(445,'2013-11-20 16:58:06','b297b196-5204-11e3-846b-f30f0e86751e',6596160122,6531586275,6585152617,'2013-11-21 00:56:28','2013-11-21 00:57:09',17,60,0.01500,'completed','NORMAL_CLEARING',49,37,32,14,'hangup','NORMAL_CLEARING',NULL),(446,'2013-11-20 23:45:26','aeda31da-523d-11e3-93cc-f30f0e86751e',85266821490,85235009082,85266821490,'2013-11-21 07:44:23','2013-11-21 07:44:28',2,60,0.00300,'completed','NORMAL_CLEARING',12,10,14,9,'hangup','NORMAL_CLEARING',NULL),(447,'2013-11-21 00:18:35','4f2ab39a-5242-11e3-bd38-f30f0e86751e',85266821490,6531582180,6585152058,'2013-11-21 08:17:30','2013-11-21 08:17:37',0,0,0.01500,'cancel','ORIGINATOR_CANCEL',45,37,32,14,'hangup','ORIGINATOR_CANCEL',NULL),(448,'2013-11-21 00:19:05','5de4e18a-5242-11e3-bc7b-1b5c95282229',85266821490,6531586275,6585152617,'2013-11-21 08:17:54','2013-11-21 08:18:08',0,0,0.01500,'cancel','ORIGINATOR_CANCEL',49,37,32,14,'hangup','ORIGINATOR_CANCEL',NULL),(449,'2013-11-21 02:35:17','64d051d8-5255-11e3-a885-1b5c95282229',6531578905,6531586275,6585152617,'2013-11-21 10:34:06','2013-11-21 10:34:20',0,0,0.01500,'cancel','ORIGINATOR_CANCEL',49,37,32,14,'hangup','ORIGINATOR_CANCEL',NULL),(450,'2013-11-21 02:40:53','1f736e58-5256-11e3-b38e-f30f0e86751e',6562525200,6531586275,6585152617,'2013-11-21 10:39:19','2013-11-21 10:39:56',23,60,0.01500,'completed','NORMAL_CLEARING',49,37,32,14,'hangup','NORMAL_CLEARING',NULL),(451,'2013-11-21 03:16:51','1a3cbf0c-525b-11e3-bd45-1b5c95282229',6565693270,6531586275,6585152617,'2013-11-21 11:14:58','2013-11-21 11:15:53',28,60,0.01500,'completed','NORMAL_CLEARING',49,37,32,14,'hangup','NORMAL_CLEARING',NULL),(452,'2013-11-21 03:23:29','1e6fff7a-525c-11e3-9722-1b5c95282229',0,85235009082,85266821490,'2013-11-21 11:22:15','2013-11-21 11:22:31',8,60,0.00300,'completed','NORMAL_CLEARING',12,10,14,9,'hangup','NORMAL_CLEARING',NULL),(453,'2013-11-21 03:24:05','379c4c42-525c-11e3-850c-f30f0e86751e',0,85235009082,85266821490,'2013-11-21 11:22:57','2013-11-21 11:23:07',0,0,0.00300,'cancel','ORIGINATOR_CANCEL',12,10,14,9,'hangup','ORIGINATOR_CANCEL',NULL),(454,'2013-11-21 03:24:32','36fb8cee-525c-11e3-84db-f30f0e86751e',6596509316,6531586275,6585152617,'2013-11-21 11:22:56','2013-11-21 11:23:35',21,60,0.01500,'completed','NORMAL_CLEARING',49,37,32,14,'hangup','NORMAL_CLEARING',NULL),(455,'2013-11-21 03:38:44','457c986a-525e-11e3-a48a-1b5c95282229',0,85235009082,85266821490,'2013-11-21 11:37:39','2013-11-21 11:37:47',0,0,0.00300,'cancel','ORIGINATOR_CANCEL',12,10,14,9,'hangup','ORIGINATOR_CANCEL',NULL),(456,'2013-11-21 03:41:47','a3210e74-525e-11e3-af36-1b5c95282229',6565111056,6531586275,6585152617,'2013-11-21 11:40:16','2013-11-21 11:40:49',8,60,0.01500,'completed','NORMAL_CLEARING',49,37,32,14,'hangup','NORMAL_CLEARING',NULL),(457,'2013-11-21 03:44:07','077efa8e-525f-11e3-97bd-f30f0e86751e',0,85235009082,85266821490,'2013-11-21 11:43:05','2013-11-21 11:43:10',0,0,0.00300,'cancel','ORIGINATOR_CANCEL',12,10,14,9,'hangup','ORIGINATOR_CANCEL',NULL),(458,'2013-11-21 03:48:48','aa3e5c38-525f-11e3-a3b6-f30f0e86751e',0,85235009082,85266821490,'2013-11-21 11:47:38','2013-11-21 11:47:51',5,60,0.00300,'completed','NORMAL_CLEARING',12,10,14,9,'hangup','NORMAL_CLEARING',NULL),(459,'2013-11-21 03:56:34','ac84ba40-5260-11e3-81e7-f30f0e86751e',6596739038,6531586275,6585152617,'2013-11-21 11:54:51','2013-11-21 11:55:36',21,60,0.01500,'completed','NORMAL_CLEARING',49,37,32,14,'hangup','NORMAL_CLEARING',NULL),(460,'2013-11-21 04:12:24','e54b6d9a-5262-11e3-815f-1b5c95282229',6596659920,6531586275,6585152617,'2013-11-21 12:10:45','2013-11-21 12:11:27',20,60,0.01500,'completed','NORMAL_CLEARING',49,37,32,14,'hangup','NORMAL_CLEARING',NULL),(461,'2013-11-21 04:12:59','03647006-5263-11e3-914d-f30f0e86751e',6596659920,6531586275,6585152617,'2013-11-21 12:11:36','2013-11-21 12:12:02',14,60,0.01500,'completed','NORMAL_CLEARING',49,37,32,14,'hangup','NORMAL_CLEARING',NULL),(462,'2013-11-21 04:16:24','843abd16-5263-11e3-95a2-1b5c95282229',6562877363,6531586275,6585152617,'2013-11-21 12:15:12','2013-11-21 12:15:27',9,60,0.01500,'completed','NORMAL_CLEARING',49,37,32,14,'hangup','NORMAL_CLEARING',NULL),(463,'2013-11-21 04:16:36','804f6512-5263-11e3-950b-1b5c95282229',6591121148,6531586275,6585152617,'2013-11-21 12:15:05','2013-11-21 12:15:39',9,60,0.01500,'completed','NORMAL_CLEARING',49,37,32,14,'hangup','NORMAL_CLEARING',NULL),(464,'2013-11-21 04:17:27','9938a7fa-5263-11e3-a3e9-f30f0e86751e',6591121148,6531586275,6585152617,'2013-11-21 12:15:47','2013-11-21 12:16:29',22,60,0.01500,'completed','NORMAL_CLEARING',49,37,32,14,'hangup','NORMAL_CLEARING',NULL),(465,'2013-11-21 04:31:17','8c3b4006-5265-11e3-a3aa-f30f0e86751e',6582005900,6531586275,6585152617,'2013-11-21 12:29:44','2013-11-21 12:30:19',10,60,0.01500,'completed','NORMAL_CLEARING',49,37,32,14,'hangup','NORMAL_CLEARING',NULL),(466,'2013-11-21 04:47:57','e1a3dcb8-5267-11e3-b835-1b5c95282229',6598582040,6531586275,6585152617,'2013-11-21 12:46:27','2013-11-21 12:47:00',9,60,0.01500,'completed','NORMAL_CLEARING',49,37,32,14,'hangup','NORMAL_CLEARING',NULL),(467,'2013-11-21 04:53:06','9a6d19c6-5268-11e3-8fd5-f30f0e86751e',6596213062,6531586275,6585152617,'2013-11-21 12:51:37','2013-11-21 12:52:08',15,60,0.01500,'completed','NORMAL_CLEARING',49,37,32,14,'hangup','NORMAL_CLEARING',NULL),(468,'2013-11-21 05:00:25','a43db1f8-5269-11e3-b41e-f30f0e86751e',6598443183,6531586275,6585152617,'2013-11-21 12:59:03','2013-11-21 12:59:28',12,60,0.01500,'completed','NORMAL_CLEARING',49,37,32,14,'hangup','NORMAL_CLEARING',NULL),(469,'2013-11-21 05:01:40','ce9f08de-5269-11e3-8303-1b5c95282229',6564530695,6531586275,6585152617,'2013-11-21 13:00:14','2013-11-21 13:00:43',14,60,0.01500,'completed','NORMAL_CLEARING',49,37,32,14,'hangup','NORMAL_CLEARING',NULL),(470,'2013-11-21 05:08:42','c955216e-526a-11e3-9f7b-f30f0e86751e',6598582040,6531586275,6585152617,'2013-11-21 13:07:14','2013-11-21 13:07:44',5,60,0.01500,'completed','NORMAL_CLEARING',49,37,32,14,'hangup','NORMAL_CLEARING',NULL),(471,'2013-11-21 05:13:45','76b2eba2-526b-11e3-8bba-1b5c95282229',6598582040,6531586275,6585152617,'2013-11-21 13:12:05','2013-11-21 13:12:47',28,60,0.01500,'completed','NORMAL_CLEARING',49,37,32,14,'hangup','NORMAL_CLEARING',NULL),(472,'2013-11-21 05:18:27','2b35a5b0-526c-11e3-a6bb-f30f0e86751e',6596213062,6531586275,6585152617,'2013-11-21 13:17:08','2013-11-21 13:17:30',0,0,0.01500,'cancel','ORIGINATOR_CANCEL',49,37,32,14,'hangup','ORIGINATOR_CANCEL',NULL),(473,'2013-11-21 05:36:06','92c3829a-526e-11e3-947f-1b5c95282229',6562588666,6531586275,6585152617,'2013-11-21 13:34:21','2013-11-21 13:35:09',31,60,0.01500,'completed','NORMAL_CLEARING',49,37,32,14,'hangup','NORMAL_CLEARING',NULL),(474,'2013-11-21 05:45:07','dea6c306-526f-11e3-8627-f30f0e86751e',6597655455,6531586275,6585152617,'2013-11-21 13:43:38','2013-11-21 13:44:09',14,60,0.01500,'completed','NORMAL_CLEARING',49,37,32,14,'hangup','NORMAL_CLEARING',NULL),(475,'2013-11-21 06:30:23','36d84fa8-5276-11e3-8a9f-1b5c95282229',6535431685,6531582180,85266821490,'2013-11-21 14:29:03','2013-11-21 14:29:25',11,60,0.01500,'completed','NORMAL_CLEARING',45,37,32,14,'hangup','NORMAL_CLEARING',NULL),(476,'2013-11-21 06:32:14','5d4f2332-5276-11e3-b1e1-f30f0e86751e',85266821490,6531582180,6585152058,'2013-11-21 14:30:07','2013-11-21 14:31:15',55,60,0.01500,'completed','NORMAL_CLEARING',45,37,32,14,'hangup','NORMAL_CLEARING',NULL),(477,'2013-11-21 06:37:25','201d63a6-5277-11e3-988b-f30f0e86751e',85266821490,6531582180,6585152058,'2013-11-21 14:35:34','2013-11-21 14:36:27',23,60,0.01500,'completed','NORMAL_CLEARING',45,37,32,14,'hangup','NORMAL_CLEARING',NULL),(478,'2013-11-21 06:38:10','44795ce6-5277-11e3-beaa-1b5c95282229',85266821490,6531582180,6585152058,'2013-11-21 14:36:35','2013-11-21 14:37:11',5,60,0.01500,'completed','NORMAL_CLEARING',45,37,32,14,'hangup','NORMAL_CLEARING',NULL),(479,'2013-11-21 06:39:37','6f8e7ace-5277-11e3-882d-1b5c95282229',85266821490,6531586275,6585152617,'2013-11-21 14:37:47','2013-11-21 14:38:39',22,60,0.01500,'completed','NORMAL_CLEARING',49,37,32,14,'hangup','NORMAL_CLEARING',NULL),(480,'2013-11-21 06:40:34','9882e302-5277-11e3-aea1-f30f0e86751e',0,6531586275,6585152617,'2013-11-21 14:38:56','2013-11-21 14:39:37',11,60,0.01500,'completed','NORMAL_CLEARING',49,37,32,14,'hangup','NORMAL_CLEARING',NULL),(481,'2013-11-21 07:02:38','b4e271a4-527a-11e3-bdfb-1b5c95282229',6531571282,6531586275,6585152617,'2013-11-21 15:01:12','2013-11-21 15:01:40',0,0,0.01500,'cancel','ORIGINATOR_CANCEL',49,37,32,14,'hangup','ORIGINATOR_CANCEL',NULL),(482,'2013-11-21 07:02:40','affdd76e-527a-11e3-bd67-1b5c95282229',85291473549,85235009088,85291473549,'2013-11-21 15:01:04','2013-11-21 15:01:42',34,60,0.00300,'completed','NORMAL_CLEARING',14,13,15,9,'hangup','NORMAL_CLEARING',NULL),(483,'2013-11-21 07:09:19','9be81306-527b-11e3-b6d9-f30f0e86751e',85291473549,6531582180,6585152058,'2013-11-21 15:07:40','2013-11-21 15:08:21',11,60,0.01500,'completed','NORMAL_CLEARING',45,37,32,14,'hangup','NORMAL_CLEARING',NULL),(484,'2013-11-21 07:10:42','d0146f62-527b-11e3-b2de-1b5c95282229',85291473549,6531586275,6585152617,'2013-11-21 15:09:07','2013-11-21 15:09:44',7,60,0.01500,'completed','NORMAL_CLEARING',49,37,32,14,'hangup','NORMAL_CLEARING',NULL),(485,'2013-11-21 07:12:06','0976afae-527c-11e3-8097-1b5c95282229',85291473549,85235009098,85291473549,'2013-11-21 15:10:43','2013-11-21 15:11:09',21,60,0.00300,'completed','NORMAL_CLEARING',25,15,17,9,'hangup','NORMAL_CLEARING',NULL),(486,'2013-11-21 07:13:31','49723c68-527c-11e3-8afe-1b5c95282229',85291473549,6531582180,6585152058,'2013-11-21 15:12:31','2013-11-21 15:12:33',0,0,0.01500,'completed','NORMAL_CLEARING',45,37,32,14,'hangup','NORMAL_TEMPORARY_FAILURE',NULL),(487,'2013-11-21 07:14:37','53e695e0-527c-11e3-9cb8-f30f0e86751e',85291473549,6531582180,6585152058,'2013-11-21 15:12:48','2013-11-21 15:13:38',32,60,0.01500,'completed','NORMAL_CLEARING',45,37,32,14,'hangup','NORMAL_CLEARING',NULL),(488,'2013-11-21 07:16:12','7a6c8328-527c-11e3-a3fc-f30f0e86751e',85291473549,6531586275,6585152617,'2013-11-21 15:13:53','2013-11-21 15:15:15',64,120,0.01500,'completed','NORMAL_CLEARING',49,37,32,14,'hangup','NORMAL_CLEARING',NULL),(489,'2013-11-21 07:20:52','50513c72-527d-11e3-bef2-1b5c95282229',6563396911,6531586275,6585152617,'2013-11-21 15:19:52','2013-11-21 15:19:54',0,0,0.01500,'completed','NORMAL_CLEARING',49,37,32,14,'hangup','NORMAL_TEMPORARY_FAILURE',NULL),(490,'2013-11-21 07:21:36','58d98af2-527d-11e3-810a-1b5c95282229',6563397012,6531586275,6585152617,'2013-11-21 15:20:06','2013-11-21 15:20:39',17,60,0.01500,'completed','NORMAL_CLEARING',49,37,32,14,'hangup','NORMAL_CLEARING',NULL),(491,'2013-11-21 07:56:46','30aa9648-5282-11e3-8b94-1b5c95282229',6565956289,6531586275,6585152617,'2013-11-21 15:54:46','2013-11-21 15:55:48',45,60,0.01500,'completed','NORMAL_CLEARING',49,37,32,14,'hangup','NORMAL_CLEARING',NULL),(492,'2013-11-21 07:57:55','788f0552-5282-11e3-a402-f30f0e86751e',85296654463,85235009101,85239751890,'2013-11-21 15:56:47','2013-11-21 15:56:57',0,0,0.00300,'cancel','ORIGINATOR_CANCEL',34,30,27,13,'hangup','ORIGINATOR_CANCEL',NULL),(493,'2013-11-21 08:02:12','a412e158-5282-11e3-acab-f30f0e86751e',62317347177,6531586275,6585152617,'2013-11-21 15:58:00','2013-11-21 16:01:13',174,180,0.01500,'completed','NORMAL_CLEARING',49,37,32,14,'hangup','NORMAL_CLEARING',NULL),(494,'2013-11-21 08:13:38','6702dca8-5284-11e3-8aae-f30f0e86751e',6581868801,6531586275,6585152617,'2013-11-21 16:10:36','2013-11-21 16:12:39',99,120,0.01500,'completed','NORMAL_CLEARING',49,37,32,14,'hangup','NORMAL_CLEARING',NULL),(495,'2013-11-21 08:26:29','4fa95c56-5286-11e3-bf78-1b5c95282229',6566362178,6531586275,6585152617,'2013-11-21 16:24:16','2013-11-21 16:25:32',56,60,0.01500,'completed','NORMAL_CLEARING',49,37,32,14,'hangup','NORMAL_CLEARING',NULL),(496,'2013-11-21 08:48:38','614e5b70-5289-11e3-a0e2-1b5c95282229',85290288890,85235009083,85291473549,'2013-11-21 16:46:14','2013-11-21 16:47:40',51,60,0.00300,'completed','NORMAL_CLEARING',13,10,14,9,'hangup','NORMAL_CLEARING',NULL),(497,'2013-11-21 08:49:46','a431ca9e-5289-11e3-a37a-f30f0e86751e',85290288890,85235009083,85291473549,'2013-11-21 16:48:07','2013-11-21 16:48:49',7,60,0.00300,'completed','NORMAL_CLEARING',13,10,14,9,'hangup','NORMAL_CLEARING',NULL),(498,'2013-11-21 08:59:02','e9c4df00-528a-11e3-b047-1b5c95282229',6565956612,6531586275,6585152617,'2013-11-21 16:57:13','2013-11-21 16:58:04',21,60,0.01500,'completed','NORMAL_CLEARING',49,37,32,14,'hangup','NORMAL_CLEARING',NULL),(499,'2013-11-21 08:59:26','f954c4da-528a-11e3-b623-1b5c95282229',6562124203,6531586275,6585152617,'2013-11-21 16:57:39','2013-11-21 16:58:28',20,60,0.01500,'completed','NORMAL_CLEARING',49,37,32,14,'hangup','NORMAL_CLEARING',NULL),(500,'2013-11-21 09:05:13','c949a7aa-528b-11e3-9ea4-f30f0e86751e',6597488512,6531586275,6585152617,'2013-11-21 17:03:28','2013-11-21 17:04:15',18,60,0.01500,'completed','NORMAL_CLEARING',49,37,32,14,'hangup','NORMAL_CLEARING',NULL),(501,'2013-11-21 09:07:13','0f3979f2-528c-11e3-a8f1-f30f0e86751e',0,6531586275,6585152617,'2013-11-21 17:05:25','2013-11-21 17:06:15',20,60,0.01500,'completed','NORMAL_CLEARING',49,37,32,14,'hangup','NORMAL_CLEARING',NULL),(502,'2013-11-21 09:26:15','927096e6-528e-11e3-b5b8-1b5c95282229',6594504824,6531586275,6585152617,'2013-11-21 17:23:24','2013-11-21 17:25:17',92,120,0.01500,'completed','NORMAL_CLEARING',49,37,32,14,'hangup','NORMAL_CLEARING',NULL),(503,'2013-11-21 09:29:16','189a1dd2-528f-11e3-9009-1b5c95282229',0,85235009083,85291473549,'2013-11-21 17:27:09','2013-11-21 17:28:18',54,60,0.00300,'completed','NORMAL_CLEARING',13,10,14,9,'hangup','NORMAL_CLEARING',NULL),(504,'2013-11-21 10:02:23','d8d5483e-5293-11e3-95ca-f30f0e86751e',85290288890,85235009081,85291473549,'2013-11-21 18:01:10','2013-11-21 18:01:26',7,60,0.00300,'completed','NORMAL_CLEARING',9,9,14,9,'hangup','NORMAL_CLEARING',NULL),(505,'2013-11-21 10:31:20','bc2d9936-5296-11e3-ac7b-f30f0e86751e',6563232638,6531586275,6585152617,'2013-11-21 18:21:50','2013-11-21 18:30:21',492,540,0.01500,'completed','NORMAL_CLEARING',49,37,32,14,'hangup','NORMAL_CLEARING',NULL),(506,'2013-11-21 10:32:27','037e9c8a-5298-11e3-b6fa-1b5c95282229',6591696297,6531586275,6585152617,'2013-11-21 18:30:59','2013-11-21 18:31:29',0,0,0.01500,'cancel','ORIGINATOR_CANCEL',49,37,32,14,'hangup','ORIGINATOR_CANCEL',NULL),(507,'2013-11-21 10:34:22','f428ac80-5297-11e3-b465-1b5c95282229',6590463547,6531586275,6585152617,'2013-11-21 18:30:34','2013-11-21 18:33:23',147,180,0.01500,'completed','NORMAL_CLEARING',49,37,32,14,'hangup','NORMAL_CLEARING',NULL),(508,'2013-11-21 10:35:03','68269d72-5298-11e3-bb63-f30f0e86751e',6597779030,6531586275,6585152617,'2013-11-21 18:33:48','2013-11-21 18:34:05',0,0,0.01500,'completed','NORMAL_CLEARING',49,37,32,14,'hangup','NO_USER_RESPONSE',NULL),(509,'2013-11-21 10:36:12','683ac7ac-5298-11e3-bb7b-f30f0e86751e',6583832638,6531586275,6585152617,'2013-11-21 18:33:48','2013-11-21 18:35:14',70,120,0.01500,'completed','NORMAL_CLEARING',49,37,32,14,'hangup','NORMAL_CLEARING',NULL),(510,'2013-11-21 10:39:47','e324594c-5298-11e3-a4f6-1b5c95282229',6596888718,6531586275,6585152617,'2013-11-21 18:37:15','2013-11-21 18:38:48',74,120,0.01500,'completed','NORMAL_CLEARING',49,37,32,14,'hangup','NORMAL_CLEARING',NULL),(511,'2013-11-21 11:01:18','c58e8788-529b-11e3-8270-1b5c95282229',6581832872,6531586275,6585152617,'2013-11-21 18:57:53','2013-11-21 19:00:20',131,180,0.01500,'completed','NORMAL_CLEARING',49,37,32,14,'hangup','NORMAL_CLEARING',NULL),(512,'2013-11-21 12:30:29','75195d02-52a8-11e3-876c-f30f0e86751e',6581232759,6531586275,6585152617,'2013-11-21 20:28:42','2013-11-21 20:29:31',27,60,0.01500,'completed','NORMAL_CLEARING',49,37,32,14,'hangup','NORMAL_CLEARING',NULL),(513,'2013-11-21 12:36:41','57c64ade-52a9-11e3-9f31-1b5c95282229',6584515491,6531586275,6585152617,'2013-11-21 20:35:02','2013-11-21 20:35:42',22,60,0.01500,'completed','NORMAL_CLEARING',49,37,32,14,'hangup','NORMAL_CLEARING',NULL),(514,'2013-11-21 12:51:33','0b2d0288-52ab-11e3-b350-1b5c95282229',6593881876,6531586275,6585152617,'2013-11-21 20:47:13','2013-11-21 20:50:34',183,240,0.01500,'completed','NORMAL_CLEARING',49,37,32,14,'hangup','NORMAL_CLEARING',NULL),(515,'2013-11-21 13:22:00','b8ac43d4-52af-11e3-8dfd-f30f0e86751e',6591377032,6531586275,6585152617,'2013-11-21 21:20:42','2013-11-21 21:20:58',0,0,0.01500,'cancel','ORIGINATOR_CANCEL',49,37,32,14,'hangup','ORIGINATOR_CANCEL',NULL),(516,'2013-11-21 13:22:42','d52bb350-52af-11e3-9374-f30f0e86751e',6591377032,6531586275,6585152617,'2013-11-21 21:21:30','2013-11-21 21:21:39',0,0,0.01500,'cancel','ORIGINATOR_CANCEL',49,37,32,14,'hangup','ORIGINATOR_CANCEL',NULL),(517,'2013-11-21 15:01:21','853c8104-52bd-11e3-ab99-1b5c95282229',6591770286,6531586275,6585152617,'2013-11-21 22:59:28','2013-11-21 23:00:23',0,0,0.01500,'cancel','ORIGINATOR_CANCEL',49,37,32,14,'hangup','ORIGINATOR_CANCEL',NULL),(518,'2013-11-21 15:12:13','1e413830-52bf-11e3-a719-1b5c95282229',6598387723,6531586275,6585152617,'2013-11-21 23:10:55','2013-11-21 23:11:15',0,0,0.01500,'cancel','ORIGINATOR_CANCEL',49,37,32,14,'hangup','ORIGINATOR_CANCEL',NULL),(519,'2013-11-21 15:45:19','c8cba778-52c3-11e3-9120-f30f0e86751e',6593202782,6531586275,6585152617,'2013-11-21 23:44:19','2013-11-21 23:44:21',0,0,0.01500,'completed','NORMAL_CLEARING',49,37,32,14,'hangup','NORMAL_TEMPORARY_FAILURE',NULL),(520,'2013-11-21 15:45:54','ddba8b04-52c3-11e3-99a0-1b5c95282229',6593202782,6531586275,6585152617,'2013-11-21 23:44:54','2013-11-21 23:44:56',0,0,0.01500,'completed','NORMAL_CLEARING',49,37,32,14,'hangup','NORMAL_TEMPORARY_FAILURE',NULL),(521,'2013-11-21 23:22:38','9372440c-5303-11e3-9a05-1b5c95282229',85266821490,6531586275,6585152617,'2013-11-22 07:20:57','2013-11-22 07:21:39',12,60,0.01500,'completed','NORMAL_CLEARING',49,37,32,14,'hangup','NORMAL_CLEARING',NULL),(522,'2013-11-21 23:23:25','b210b218-5303-11e3-9ef0-f30f0e86751e',85266821490,6531582180,6585152058,'2013-11-22 07:21:48','2013-11-22 07:22:26',8,60,0.01500,'completed','NORMAL_CLEARING',45,37,32,14,'hangup','NORMAL_CLEARING',NULL),(523,'2013-11-22 01:01:03','5dca3464-5311-11e3-ac79-1b5c95282229',6590463547,6531586275,6585152617,'2013-11-22 08:59:40','2013-11-22 09:00:04',7,60,0.01500,'completed','NORMAL_CLEARING',49,37,32,14,'hangup','NORMAL_CLEARING',NULL),(524,'2013-11-22 01:05:09','e2cc2b4a-5311-11e3-bb7e-f30f0e86751e',6565443017,6531586275,6585152617,'2013-11-22 09:03:23','2013-11-22 09:04:10',21,60,0.01500,'completed','NORMAL_CLEARING',49,37,32,14,'hangup','NORMAL_CLEARING',NULL),(525,'2013-11-22 01:05:58','0332f6e8-5312-11e3-b590-1b5c95282229',6565443017,6531586275,6585152617,'2013-11-22 09:04:17','2013-11-22 09:04:59',25,60,0.01500,'completed','NORMAL_CLEARING',49,37,32,14,'hangup','NORMAL_CLEARING',NULL),(526,'2013-11-22 01:20:05','133c69dc-5314-11e3-9c29-1b5c95282229',6597109349,6531586275,6585152617,'2013-11-22 09:19:03','2013-11-22 09:19:06',0,0,0.01500,'completed','NORMAL_CLEARING',49,37,32,14,'hangup','NORMAL_TEMPORARY_FAILURE',NULL),(527,'2013-11-22 01:24:31','1dc92d4a-5314-11e3-97ba-f30f0e86751e',6597109349,6531586275,6585152617,'2013-11-22 09:19:21','2013-11-22 09:23:31',234,240,0.01500,'completed','NORMAL_CLEARING',49,37,32,14,'hangup','NORMAL_CLEARING',NULL),(528,'2013-11-22 01:46:41','b1181342-5317-11e3-a315-1b5c95282229',0,6531582180,6585152058,'2013-11-22 09:44:57','2013-11-22 09:45:42',26,60,0.01500,'completed','NORMAL_CLEARING',45,37,32,14,'hangup','NORMAL_CLEARING',NULL),(529,'2013-11-22 01:47:33','d4dd231c-5317-11e3-9333-f30f0e86751e',0,6531586275,6585152617,'2013-11-22 09:45:57','2013-11-22 09:46:35',19,60,0.01500,'completed','NORMAL_CLEARING',49,37,32,14,'hangup','NORMAL_CLEARING',NULL),(530,'2013-11-22 01:50:21','481af03e-5318-11e3-b270-1b5c95282229',6531578905,6531586275,6585152617,'2013-11-22 09:49:10','2013-11-22 09:49:22',0,0,0.01500,'cancel','ORIGINATOR_CANCEL',49,37,32,14,'hangup','ORIGINATOR_CANCEL',NULL),(531,'2013-11-22 03:08:35','3b2b5034-5323-11e3-a052-f30f0e86751e',85266821490,6531582180,6585152058,'2013-11-22 11:07:33','2013-11-22 11:07:37',0,0,0.01500,'cancel','ORIGINATOR_CANCEL',45,37,32,14,'hangup','ORIGINATOR_CANCEL',NULL),(532,'2013-11-22 03:16:07','3fb75426-5324-11e3-afa6-1b5c95282229',6531578905,6531586275,6585152617,'2013-11-22 11:14:50','2013-11-22 11:15:08',0,0,0.01500,'cancel','ORIGINATOR_CANCEL',49,37,32,14,'hangup','ORIGINATOR_CANCEL',NULL),(533,'2013-11-22 03:17:01','5e2069de-5324-11e3-b768-f30f0e86751e',6531578905,6531586275,6585152617,'2013-11-22 11:15:41','2013-11-22 11:16:01',0,0,0.01500,'cancel','ORIGINATOR_CANCEL',49,37,32,14,'hangup','ORIGINATOR_CANCEL',NULL),(534,'2013-11-22 03:41:34','bb00574c-5327-11e3-9c6e-1b5c95282229',6596699960,6531586275,6585152617,'2013-11-22 11:39:45','2013-11-22 11:40:35',25,60,0.01500,'completed','NORMAL_CLEARING',49,37,32,14,'hangup','NORMAL_CLEARING',NULL),(535,'2013-11-22 03:57:53','c0d526e6-5329-11e3-9eb9-1b5c95282229',6565087555,6531586275,6585152617,'2013-11-22 11:54:14','2013-11-22 11:56:53',143,180,0.01500,'completed','NORMAL_CLEARING',49,37,32,14,'hangup','NORMAL_CLEARING',NULL),(536,'2013-11-22 04:51:23','14e352ec-5331-11e3-b750-1b5c95282229',6563007162,6531586275,6585152617,'2013-11-22 12:46:42','2013-11-22 12:50:23',200,240,0.01500,'completed','NORMAL_CLEARING',49,37,32,14,'hangup','NORMAL_CLEARING',NULL),(537,'2013-11-22 04:59:25','8791482a-5332-11e3-ae13-f30f0e86751e',0,6531586275,6585152617,'2013-11-22 12:57:03','2013-11-22 12:58:25',64,120,0.01500,'completed','NORMAL_CLEARING',49,37,32,14,'hangup','NORMAL_CLEARING',NULL),(538,'2013-11-22 05:14:13','7db0d1fc-5334-11e3-b2ed-f30f0e86751e',6591114626,6531586275,6585152617,'2013-11-22 13:11:06','2013-11-22 13:13:14',111,120,0.01500,'completed','NORMAL_CLEARING',49,37,32,14,'hangup','NORMAL_CLEARING',NULL),(539,'2013-11-22 05:26:40','26f3438e-5336-11e3-bfe1-f30f0e86751e',6565686515,6531586275,6585152617,'2013-11-22 13:22:59','2013-11-22 13:25:41',143,180,0.01500,'completed','NORMAL_CLEARING',49,37,32,14,'hangup','NORMAL_CLEARING',NULL),(540,'2013-11-22 06:15:38','1a617fc6-533d-11e3-9e77-1b5c95282229',60164462887,6531586275,6585152617,'2013-11-22 14:12:45','2013-11-22 14:14:39',96,120,0.01500,'completed','NORMAL_CLEARING',49,37,32,14,'hangup','NORMAL_CLEARING',NULL),(541,'2013-11-22 06:24:06','79905b4c-533e-11e3-a6da-f30f0e86751e',6597881548,6531586275,6585152617,'2013-11-22 14:22:34','2013-11-22 14:23:07',14,60,0.01500,'completed','NORMAL_CLEARING',49,37,32,14,'hangup','NORMAL_CLEARING',NULL),(542,'2013-11-22 06:25:37','a420916a-533e-11e3-a09b-1b5c95282229',6562359383,6531586275,6585152617,'2013-11-22 14:23:45','2013-11-22 14:24:38',35,60,0.01500,'completed','NORMAL_CLEARING',49,37,32,14,'hangup','NORMAL_CLEARING',NULL),(543,'2013-11-22 06:54:46','8e43a22a-5342-11e3-a606-f30f0e86751e',6596332668,6531586275,6585152617,'2013-11-22 14:51:47','2013-11-22 14:53:45',99,120,0.01500,'completed','NORMAL_CLEARING',49,37,32,14,'hangup','NORMAL_CLEARING',NULL),(544,'2013-11-22 07:03:25','c992956a-5343-11e3-95d6-1b5c95282229',6597999412,6531586275,6585152617,'2013-11-22 15:00:36','2013-11-22 15:02:24',90,120,0.01500,'completed','NORMAL_CLEARING',49,37,32,14,'hangup','NORMAL_CLEARING',NULL),(545,'2013-11-22 07:52:27','dfc652a2-534a-11e3-834b-1b5c95282229',85298112469,85235009081,85291473549,'2013-11-22 15:51:19','2013-11-22 15:51:27',0,0,0.00300,'cancel','ORIGINATOR_CANCEL',9,9,14,9,'hangup','ORIGINATOR_CANCEL',NULL),(546,'2013-11-22 08:15:47','1ba29cd8-534e-11e3-94a6-1b5c95282229',0,6531586275,6585152617,'2013-11-22 16:14:28','2013-11-22 16:14:47',1,60,0.01500,'completed','NORMAL_CLEARING',49,37,32,14,'hangup','NORMAL_CLEARING',NULL),(547,'2013-11-22 08:35:34','cc96fb0e-5350-11e3-9fc8-f30f0e86751e',6565087555,6531586275,6585152617,'2013-11-22 16:33:44','2013-11-22 16:34:35',33,60,0.01500,'completed','NORMAL_CLEARING',49,37,32,14,'hangup','NORMAL_CLEARING',NULL),(548,'2013-11-22 08:36:05','f6a2d5f8-5350-11e3-a705-f30f0e86751e',6590088209,6531586275,6585152617,'2013-11-22 16:34:55','2013-11-22 16:35:06',0,0,0.01500,'cancel','ORIGINATOR_CANCEL',49,37,32,14,'hangup','ORIGINATOR_CANCEL',NULL),(549,'2013-11-22 08:37:42','2ba385c2-5351-11e3-b7e9-1b5c95282229',6592972925,6531586275,6585152617,'2013-11-22 16:36:24','2013-11-22 16:36:43',0,0,0.01500,'cancel','ORIGINATOR_CANCEL',49,37,32,14,'hangup','ORIGINATOR_CANCEL',NULL),(550,'2013-11-22 08:38:16','391ff28a-5351-11e3-b625-f30f0e86751e',6596490015,6531586275,6585152617,'2013-11-22 16:36:46','2013-11-22 16:37:16',19,60,0.01500,'completed','NORMAL_CLEARING',49,37,32,14,'hangup','NORMAL_CLEARING',NULL),(551,'2013-11-22 08:39:45','368625c6-5351-11e3-b9b8-1b5c95282229',6590088209,6531586275,6585152617,'2013-11-22 16:36:42','2013-11-22 16:38:45',98,120,0.01500,'completed','NORMAL_CLEARING',49,37,32,14,'hangup','NORMAL_CLEARING',NULL),(552,'2013-11-22 08:45:57','427f54be-5352-11e3-9f6a-f30f0e86751e',6564722982,6531586275,6585152617,'2013-11-22 16:44:11','2013-11-22 16:44:58',17,60,0.01500,'completed','NORMAL_CLEARING',49,37,32,14,'hangup','NORMAL_CLEARING',NULL),(553,'2013-11-22 09:30:47','88fe1ece-5358-11e3-bd54-1b5c95282229',6569339353,6531586275,6585152617,'2013-11-22 17:29:07','2013-11-22 17:29:48',23,60,0.01500,'completed','NORMAL_CLEARING',49,37,32,14,'hangup','NORMAL_CLEARING',NULL),(554,'2013-11-22 09:56:05','1d6cf992-535c-11e3-a622-1b5c95282229',6592972925,6531586275,6585152617,'2013-11-22 17:54:44','2013-11-22 17:55:05',0,0,0.01500,'cancel','ORIGINATOR_CANCEL',49,37,32,14,'hangup','ORIGINATOR_CANCEL',NULL),(555,'2013-11-22 10:40:44','29d655d8-5362-11e3-aa5b-1b5c95282229',6566509971,6531586275,6585152617,'2013-11-22 18:38:02','2013-11-22 18:39:44',73,120,0.01500,'completed','NORMAL_CLEARING',49,37,32,14,'hangup','NORMAL_CLEARING',NULL),(556,'2013-11-22 10:46:18','02e2a70a-5363-11e3-a3fe-f30f0e86751e',6566509971,6531586275,6585152617,'2013-11-22 18:44:06','2013-11-22 18:45:18',42,60,0.01500,'completed','NORMAL_CLEARING',49,37,32,14,'hangup','NORMAL_CLEARING',NULL),(557,'2013-11-22 10:58:09','cb096740-5364-11e3-b427-f30f0e86751e',6596490015,6531586275,6585152617,'2013-11-22 18:56:51','2013-11-22 18:57:10',0,0,0.01500,'cancel','ORIGINATOR_CANCEL',49,37,32,14,'hangup','ORIGINATOR_CANCEL',NULL),(558,'2013-11-22 11:18:51','aa2b9176-5367-11e3-8b36-f30f0e86751e',6597356375,6531586275,6585152617,'2013-11-22 19:17:25','2013-11-22 19:17:51',0,0,0.01500,'cancel','ORIGINATOR_CANCEL',49,37,32,14,'hangup','ORIGINATOR_CANCEL',NULL),(559,'2013-11-22 13:07:12','c4c8dc64-5376-11e3-8d3a-1b5c95282229',6596711617,6531586275,6585152617,'2013-11-22 21:05:32','2013-11-22 21:06:12',18,60,0.01500,'completed','NORMAL_CLEARING',49,37,32,14,'hangup','NORMAL_CLEARING',NULL),(560,'2013-11-22 21:32:04','521a2a6e-53bd-11e3-9e65-f30f0e86751e',6581835056,6531586275,6585152617,'2013-11-23 05:30:34','2013-11-23 05:31:03',0,0,0.01500,'cancel','ORIGINATOR_CANCEL',49,37,32,14,'hangup','ORIGINATOR_CANCEL',NULL),(561,'2013-11-23 00:56:00','7fd2060e-53d9-11e3-a38e-1b5c95282229',6562466547,6531586275,6585152617,'2013-11-23 08:52:16','2013-11-23 08:54:59',145,180,0.01500,'completed','NORMAL_CLEARING',49,37,32,14,'hangup','NORMAL_CLEARING',NULL),(562,'2013-11-23 01:01:56','b3d73b94-53da-11e3-9abe-f30f0e86751e',6596582666,6531586275,6585152617,'2013-11-23 09:00:53','2013-11-23 09:00:56',0,0,0.01500,'completed','NORMAL_CLEARING',49,37,32,14,'hangup','NORMAL_TEMPORARY_FAILURE',NULL),(563,'2013-11-23 01:02:39','cd93f856-53da-11e3-b589-1b5c95282229',6596582666,6531586275,6585152617,'2013-11-23 09:01:36','2013-11-23 09:01:39',0,0,0.01500,'completed','NORMAL_CLEARING',49,37,32,14,'hangup','NORMAL_TEMPORARY_FAILURE',NULL),(564,'2013-11-23 02:42:09','b0eea4ae-53e8-11e3-bb87-f30f0e86751e',917827785518,6531586275,6585152617,'2013-11-23 10:41:01','2013-11-23 10:41:08',0,0,0.01500,'cancel','ORIGINATOR_CANCEL',49,37,32,14,'hangup','ORIGINATOR_CANCEL',NULL),(565,'2013-11-23 03:17:51','9e785126-53ed-11e3-b667-1b5c95282229',6567558896,6531586275,6585152617,'2013-11-23 11:16:18','2013-11-23 11:16:50',13,60,0.01500,'completed','NORMAL_CLEARING',49,37,32,14,'hangup','NORMAL_CLEARING',NULL),(566,'2013-11-23 05:37:10','06cb040e-5401-11e3-9d8c-f30f0e86751e',6590063357,6531586275,6585152617,'2013-11-23 13:35:13','2013-11-23 13:36:09',26,60,0.01500,'completed','NORMAL_CLEARING',49,37,32,14,'hangup','NORMAL_CLEARING',NULL),(567,'2013-11-23 06:14:41','43865114-5406-11e3-b9a2-f30f0e86751e',6590267667,6531586275,6585152617,'2013-11-23 14:12:43','2013-11-23 14:13:41',21,60,0.01500,'completed','NORMAL_CLEARING',49,37,32,14,'hangup','NORMAL_CLEARING',NULL),(568,'2013-11-23 07:16:07','e0a82866-540e-11e3-9312-1b5c95282229',6596676642,6531586275,6585152617,'2013-11-23 15:14:22','2013-11-23 15:15:06',14,60,0.01500,'completed','NORMAL_CLEARING',49,37,32,14,'hangup','NORMAL_CLEARING',NULL),(569,'2013-11-23 07:45:25','f0ba13aa-5412-11e3-ba20-f30f0e86751e',6598166040,6531586275,6585152617,'2013-11-23 15:43:27','2013-11-23 15:44:24',28,60,0.01500,'completed','NORMAL_CLEARING',49,37,32,14,'hangup','NORMAL_CLEARING',NULL),(570,'2013-11-23 07:53:20','0b15eeb2-5414-11e3-a9f3-1b5c95282229',6591875531,6531586275,6585152617,'2013-11-23 15:51:21','2013-11-23 15:52:20',28,60,0.01500,'completed','NORMAL_CLEARING',49,37,32,14,'hangup','NORMAL_CLEARING',NULL),(571,'2013-11-23 08:20:52','fc2ac6e4-5417-11e3-9dad-1b5c95282229',6596960416,6531586275,6585152617,'2013-11-23 16:19:34','2013-11-23 16:19:51',0,0,0.01500,'cancel','ORIGINATOR_CANCEL',49,37,32,14,'hangup','ORIGINATOR_CANCEL',NULL),(572,'2013-11-23 08:36:02','16e86930-541a-11e3-a645-f30f0e86751e',6598338696,6531586275,6585152617,'2013-11-23 16:34:38','2013-11-23 16:35:01',0,0,0.01500,'cancel','ORIGINATOR_CANCEL',49,37,32,14,'hangup','ORIGINATOR_CANCEL',NULL),(573,'2013-11-23 08:43:22','0da33e58-541b-11e3-8963-f30f0e86751e',6591114454,6531586275,6585152617,'2013-11-23 16:41:32','2013-11-23 16:42:21',19,60,0.01500,'completed','NORMAL_CLEARING',49,37,32,14,'hangup','NORMAL_CLEARING',NULL),(574,'2013-11-23 08:45:54','781c84a6-541b-11e3-aacc-1b5c95282229',6598338696,6531586275,6585152617,'2013-11-23 16:44:30','2013-11-23 16:44:53',0,0,0.01500,'cancel','ORIGINATOR_CANCEL',49,37,32,14,'hangup','ORIGINATOR_CANCEL',NULL),(575,'2013-11-23 09:23:15','ab1771cc-5420-11e3-9b3d-1b5c95282229',6594752922,6531586275,6585152617,'2013-11-23 17:21:43','2013-11-23 17:22:14',1,60,0.01500,'completed','NORMAL_CLEARING',49,37,32,14,'hangup','NORMAL_CLEARING',NULL),(576,'2013-11-23 10:10:20','3569741e-5427-11e3-b776-f30f0e86751e',6597159310,6531586275,6585152617,'2013-11-23 18:08:32','2013-11-23 18:09:18',16,60,0.01500,'completed','NORMAL_CLEARING',49,37,32,14,'hangup','NORMAL_CLEARING',NULL),(577,'2013-11-23 11:45:25','892d7da4-5434-11e3-a498-1b5c95282229',6584228772,6531586275,6585152617,'2013-11-23 19:43:56','2013-11-23 19:44:23',0,0,0.01500,'cancel','ORIGINATOR_CANCEL',49,37,32,14,'hangup','ORIGINATOR_CANCEL',NULL),(578,'2013-11-23 11:56:58','288c77b4-5436-11e3-81af-1b5c95282229',6598979628,6531586275,6585152617,'2013-11-23 19:55:33','2013-11-23 19:55:57',0,0,0.01500,'cancel','ORIGINATOR_CANCEL',49,37,32,14,'hangup','ORIGINATOR_CANCEL',NULL),(579,'2013-11-23 12:29:20','a92d07cc-543a-11e3-9f3e-f30f0e86751e',6581237776,6531586275,6585152617,'2013-11-23 20:27:47','2013-11-23 20:28:19',2,60,0.01500,'completed','NORMAL_CLEARING',49,37,32,14,'hangup','NORMAL_CLEARING',NULL),(580,'2013-11-23 12:31:56','0c809c26-543b-11e3-b7bf-1b5c95282229',6596405013,6531586275,6585152617,'2013-11-23 20:30:34','2013-11-23 20:30:55',0,0,0.01500,'cancel','ORIGINATOR_CANCEL',49,37,32,14,'hangup','ORIGINATOR_CANCEL',NULL),(581,'2013-11-23 12:39:32','189676b0-543c-11e3-b0ed-f30f0e86751e',6581718313,6531586275,6585152617,'2013-11-23 20:38:03','2013-11-23 20:38:31',0,0,0.01500,'cancel','ORIGINATOR_CANCEL',49,37,32,14,'hangup','ORIGINATOR_CANCEL',NULL),(582,'2013-11-24 02:08:15','11603784-54ad-11e3-a804-1b5c95282229',6591859011,6531586275,6585152617,'2013-11-24 10:06:44','2013-11-24 10:07:13',0,0,0.01500,'cancel','ORIGINATOR_CANCEL',49,37,32,14,'hangup','ORIGINATOR_CANCEL',NULL),(583,'2013-11-24 02:14:32','e5eb68d4-54ad-11e3-aade-f30f0e86751e',6581006328,6531586275,6585152617,'2013-11-24 10:12:41','2013-11-24 10:13:30',19,60,0.01500,'completed','NORMAL_CLEARING',49,37,32,14,'hangup','NORMAL_CLEARING',NULL),(584,'2013-11-24 02:25:34','6e85965a-54af-11e3-8f52-1b5c95282229',6581006328,6531586275,6585152617,'2013-11-24 10:23:40','2013-11-24 10:24:32',22,60,0.01500,'completed','NORMAL_CLEARING',49,37,32,14,'hangup','NORMAL_CLEARING',NULL),(585,'2013-11-24 02:49:58','df6ccd0e-54b2-11e3-ad34-f30f0e86751e',6592765966,6531586275,6585152617,'2013-11-24 10:48:18','2013-11-24 10:48:56',8,60,0.01500,'completed','NORMAL_CLEARING',49,37,32,14,'hangup','NORMAL_CLEARING',NULL),(586,'2013-11-24 03:05:46','187c6260-54b5-11e3-b946-1b5c95282229',6597458546,6531586275,6585152617,'2013-11-24 11:04:12','2013-11-24 11:04:44',1,60,0.01500,'completed','NORMAL_CLEARING',49,37,32,14,'hangup','NORMAL_CLEARING',NULL),(587,'2013-11-24 03:07:28','469aac42-54b5-11e3-8467-f30f0e86751e',6581006328,6531586275,6585152617,'2013-11-24 11:05:30','2013-11-24 11:06:26',27,60,0.01500,'completed','NORMAL_CLEARING',49,37,32,14,'hangup','NORMAL_CLEARING',NULL),(588,'2013-11-24 03:09:20','94a3688e-54b5-11e3-823e-1b5c95282229',6581006328,6531586275,6585152617,'2013-11-24 11:07:41','2013-11-24 11:08:18',6,60,0.01500,'completed','NORMAL_CLEARING',49,37,32,14,'hangup','NORMAL_CLEARING',NULL),(589,'2013-11-24 03:25:42','d924a2a0-54b7-11e3-9b97-f30f0e86751e',6596858290,6531586275,6585152617,'2013-11-24 11:23:55','2013-11-24 11:24:40',16,60,0.01500,'completed','NORMAL_CLEARING',49,37,32,14,'hangup','NORMAL_CLEARING',NULL),(590,'2013-11-24 03:57:22','482edf9a-54bc-11e3-a73d-1b5c95282229',6597788914,6531586275,6585152617,'2013-11-24 11:55:39','2013-11-24 11:56:19',9,60,0.01500,'completed','NORMAL_CLEARING',49,37,32,14,'hangup','NORMAL_CLEARING',NULL),(591,'2013-11-24 07:42:26','ba97befc-54db-11e3-a6b3-f30f0e86751e',6596729243,6531586275,6585152617,'2013-11-24 15:40:45','2013-11-24 15:41:24',9,60,0.01500,'completed','NORMAL_CLEARING',49,37,32,14,'hangup','NORMAL_CLEARING',NULL),(592,'2013-11-24 08:00:02','219160c0-54de-11e3-9648-1b5c95282229',6564567039,6531586275,6585152617,'2013-11-24 15:57:57','2013-11-24 15:58:58',32,60,0.01500,'completed','NORMAL_CLEARING',49,37,32,14,'hangup','NORMAL_CLEARING',NULL),(593,'2013-11-24 10:02:59','626a7d6e-54ef-11e3-a49d-f30f0e86751e',6591118277,6531586275,6585152617,'2013-11-24 18:01:27','2013-11-24 18:01:56',0,0,0.01500,'cancel','ORIGINATOR_CANCEL',49,37,32,14,'hangup','ORIGINATOR_CANCEL',NULL),(594,'2013-11-24 10:08:01','175a02ee-54f0-11e3-ad46-1b5c95282229',6591118277,6531586275,6585152617,'2013-11-24 18:06:31','2013-11-24 18:06:59',0,0,0.01500,'cancel','ORIGINATOR_CANCEL',49,37,32,14,'hangup','ORIGINATOR_CANCEL',NULL),(595,'2013-11-24 10:19:43','b30115ce-54f1-11e3-918a-f30f0e86751e',6566368878,6531586275,6585152617,'2013-11-24 18:18:01','2013-11-24 18:18:41',9,60,0.01500,'completed','NORMAL_CLEARING',49,37,32,14,'hangup','NORMAL_CLEARING',NULL),(596,'2013-11-24 14:11:59','f1ecb070-5511-11e3-8b36-1b5c95282229',6584228772,6531586275,6585152617,'2013-11-24 22:08:51','2013-11-24 22:10:55',88,120,0.01500,'completed','NORMAL_CLEARING',49,37,32,14,'hangup','NORMAL_CLEARING',NULL),(597,'2013-11-24 14:18:46','1102a996-5513-11e3-8cbb-1b5c95282229',6584228772,6531586275,6585152617,'2013-11-24 22:16:52','2013-11-24 22:17:43',20,60,0.01500,'completed','NORMAL_CLEARING',49,37,32,14,'hangup','NORMAL_CLEARING',NULL),(598,'2013-11-24 14:54:04','014b3ac2-5518-11e3-851f-f30f0e86751e',6594792625,6531586275,6585152617,'2013-11-24 22:52:14','2013-11-24 22:53:01',16,60,0.01500,'completed','NORMAL_CLEARING',49,37,32,14,'hangup','NORMAL_CLEARING',NULL),(599,'2013-11-25 00:08:03','706fe554-5565-11e3-a790-f30f0e86751e',6585888762,6531586275,6585152617,'2013-11-25 08:06:31','2013-11-25 08:06:59',0,0,0.01500,'cancel','ORIGINATOR_CANCEL',49,37,32,14,'hangup','ORIGINATOR_CANCEL',NULL),(600,'2013-11-25 00:30:28','92bb45d8-5568-11e3-b739-1b5c95282229',6585888762,6531586275,6585152617,'2013-11-25 08:28:57','2013-11-25 08:29:25',1,60,0.01500,'completed','NORMAL_CLEARING',49,37,32,14,'hangup','NORMAL_CLEARING',NULL),(601,'2013-11-25 00:31:28','a7be4e44-5568-11e3-88b4-f30f0e86751e',6591338501,6531586275,6585152617,'2013-11-25 08:29:33','2013-11-25 08:30:24',19,60,0.01500,'completed','NORMAL_CLEARING',49,37,32,14,'hangup','NORMAL_CLEARING',NULL),(602,'2013-11-25 00:36:02','61eee544-5569-11e3-bf57-1b5c95282229',6562927187,6531586275,6585152617,'2013-11-25 08:34:45','2013-11-25 08:34:59',0,0,0.01500,'cancel','ORIGINATOR_CANCEL',49,37,32,14,'hangup','ORIGINATOR_CANCEL',NULL),(603,'2013-11-25 01:00:42','afd9b5a6-556c-11e3-a4ee-f30f0e86751e',6563925291,6531586275,6585152617,'2013-11-25 08:58:24','2013-11-25 08:59:38',57,60,0.01500,'completed','NORMAL_CLEARING',49,37,32,14,'hangup','NORMAL_CLEARING',NULL),(604,'2013-11-25 01:11:06','facb3cc8-556d-11e3-b0f3-1b5c95282229',6567494082,6531586275,6585152617,'2013-11-25 09:07:39','2013-11-25 09:10:02',125,180,0.01500,'completed','NORMAL_CLEARING',49,37,32,14,'hangup','NORMAL_CLEARING',NULL),(605,'2013-11-25 01:40:05','1480e0ba-5572-11e3-9d32-f30f0e86751e',62215328167,6531586275,6585152617,'2013-11-25 09:37:01','2013-11-25 09:39:02',103,120,0.01500,'completed','NORMAL_CLEARING',49,37,32,14,'hangup','NORMAL_CLEARING',NULL),(606,'2013-11-25 01:56:46','3eed4ab2-5574-11e3-89b0-1b5c95282229',6565221820,6531586275,6585152617,'2013-11-25 09:52:31','2013-11-25 09:55:42',173,180,0.01500,'completed','NORMAL_CLEARING',49,37,32,14,'hangup','NORMAL_CLEARING',NULL),(607,'2013-11-25 03:21:46','8f042f14-5580-11e3-9f5c-f30f0e86751e',6563466348,6531586275,6585152617,'2013-11-25 11:20:39','2013-11-25 11:20:43',0,0,0.01500,'cancel','ORIGINATOR_CANCEL',49,37,32,14,'hangup','ORIGINATOR_CANCEL',NULL),(608,'2013-11-25 03:26:25','e29734dc-5580-11e3-867e-1b5c95282229',6564499656,6531586275,6585152617,'2013-11-25 11:22:59','2013-11-25 11:25:20',123,180,0.01500,'completed','NORMAL_CLEARING',49,37,32,14,'hangup','NORMAL_CLEARING',NULL),(609,'2013-11-25 03:32:03','e5b64daa-5581-11e3-b8f7-f30f0e86751e',6590914475,6531586275,6585152617,'2013-11-25 11:30:14','2013-11-25 11:31:00',29,60,0.01500,'completed','NORMAL_CLEARING',49,37,32,14,'hangup','NORMAL_CLEARING',NULL),(610,'2013-11-25 03:33:12','02b35696-5582-11e3-a42c-1b5c95282229',6568369986,6531586275,6585152617,'2013-11-25 11:31:03','2013-11-25 11:32:09',49,60,0.01500,'completed','NORMAL_CLEARING',49,37,32,14,'hangup','NORMAL_CLEARING',NULL),(611,'2013-11-25 03:46:49','0e82043e-5584-11e3-ac3d-f30f0e86751e',6590702323,6531586275,6585152617,'2013-11-25 11:45:41','2013-11-25 11:45:45',0,0,0.01500,'cancel','ORIGINATOR_CANCEL',49,37,32,14,'hangup','ORIGINATOR_CANCEL',NULL),(612,'2013-11-25 03:51:53','a10d30f8-5584-11e3-bb6e-f30f0e86751e',6594752922,6531586275,6585152617,'2013-11-25 11:49:47','2013-11-25 11:50:49',34,60,0.01500,'completed','NORMAL_CLEARING',49,37,32,14,'hangup','NORMAL_CLEARING',NULL),(613,'2013-11-25 03:58:51','7d1504ae-5585-11e3-8461-1b5c95282229',6582034217,6531586275,6585152617,'2013-11-25 11:55:56','2013-11-25 11:57:47',93,120,0.01500,'completed','NORMAL_CLEARING',49,37,32,14,'hangup','NORMAL_CLEARING',NULL),(614,'2013-11-25 04:05:24','1848262c-5586-11e3-9f3b-f30f0e86751e',6594752922,6531586275,6585152617,'2013-11-25 12:00:17','2013-11-25 12:04:19',227,240,0.01500,'completed','NORMAL_CLEARING',49,37,32,14,'hangup','NORMAL_CLEARING',NULL),(615,'2013-11-25 05:25:30','c981b4a2-5591-11e3-af7d-1b5c95282229',6585004676,6531586275,6585152617,'2013-11-25 13:23:59','2013-11-25 13:24:26',0,0,0.01500,'cancel','ORIGINATOR_CANCEL',49,37,32,14,'hangup','ORIGINATOR_CANCEL',NULL),(616,'2013-11-25 05:25:48','cd41efe4-5591-11e3-af2f-f30f0e86751e',6598166040,6531586275,6585152617,'2013-11-25 13:24:05','2013-11-25 13:24:44',28,60,0.01500,'completed','NORMAL_CLEARING',49,37,32,14,'hangup','NORMAL_CLEARING',NULL),(617,'2013-11-25 05:26:57','f542b852-5591-11e3-b4f0-f30f0e86751e',6585004676,6531586275,6585152617,'2013-11-25 13:25:12','2013-11-25 13:25:53',12,60,0.01500,'completed','NORMAL_CLEARING',49,37,32,14,'hangup','NORMAL_CLEARING',NULL),(618,'2013-11-25 05:43:19','247e6a88-5594-11e3-8521-1b5c95282229',6567574595,6531586275,6585152617,'2013-11-25 13:40:50','2013-11-25 13:42:15',70,120,0.01500,'completed','NORMAL_CLEARING',49,37,32,14,'hangup','NORMAL_CLEARING',NULL),(619,'2013-11-25 06:06:43','7d4cf65e-5597-11e3-a6fc-f30f0e86751e',6564013630,6531586275,6585152617,'2013-11-25 14:04:48','2013-11-25 14:05:39',33,60,0.01500,'completed','NORMAL_CLEARING',49,37,32,14,'hangup','NORMAL_CLEARING',NULL),(620,'2013-11-25 06:17:03','916e9c04-5598-11e3-b07e-1b5c95282229',6598768159,6531586275,6585152617,'2013-11-25 14:12:31','2013-11-25 14:15:59',187,240,0.01500,'completed','NORMAL_CLEARING',49,37,32,14,'hangup','NORMAL_CLEARING',NULL),(621,'2013-11-25 06:28:47','9d123000-559a-11e3-91f8-f30f0e86751e',6567868701,6531586275,6585152617,'2013-11-25 14:27:09','2013-11-25 14:27:43',22,60,0.01500,'completed','NORMAL_CLEARING',49,37,32,14,'hangup','NORMAL_CLEARING',NULL),(622,'2013-11-25 07:24:52','2d028d98-55a2-11e3-a434-f30f0e86751e',6596468899,6531586275,6585152617,'2013-11-25 15:21:17','2013-11-25 15:23:47',130,180,0.01500,'completed','NORMAL_CLEARING',49,37,32,14,'hangup','NORMAL_CLEARING',NULL),(623,'2013-11-25 07:42:40','d0b92e0e-55a4-11e3-83b7-1b5c95282229',6594478579,6531586275,6585152617,'2013-11-25 15:40:11','2013-11-25 15:41:35',63,120,0.01500,'completed','NORMAL_CLEARING',49,37,32,14,'hangup','NORMAL_CLEARING',NULL),(624,'2013-11-25 08:45:16','b867ef6c-55ad-11e3-8d85-1b5c95282229',6531578905,6531586275,6585152617,'2013-11-25 16:43:56','2013-11-25 16:44:12',0,0,0.01500,'cancel','ORIGINATOR_CANCEL',49,37,32,14,'hangup','ORIGINATOR_CANCEL',NULL),(625,'2013-11-25 09:12:10','3388aa08-55b1-11e3-b4f0-1b5c95282229',6586869701,6531586275,6585152617,'2013-11-25 17:08:51','2013-11-25 17:11:06',120,120,0.01500,'completed','NORMAL_CLEARING',49,37,32,14,'hangup','NORMAL_CLEARING',NULL),(626,'2013-11-25 09:16:52','1f950dc4-55b2-11e3-aad8-f30f0e86751e',6584996044,6531586275,6585152617,'2013-11-25 17:15:27','2013-11-25 17:15:48',2,60,0.01500,'completed','NORMAL_CLEARING',49,37,32,14,'hangup','NORMAL_CLEARING',NULL),(627,'2013-11-25 09:46:25','f3c4eb66-55b5-11e3-92d8-f30f0e86751e',0,6531586275,6585152617,'2013-11-25 17:42:51','2013-11-25 17:45:21',129,180,0.01500,'completed','NORMAL_CLEARING',49,37,32,14,'hangup','NORMAL_CLEARING',NULL),(628,'2013-11-25 10:04:17','7b370438-55b8-11e3-bab2-1b5c95282229',6566353568,6531586275,6585152617,'2013-11-25 18:00:58','2013-11-25 18:03:12',112,120,0.01500,'completed','NORMAL_CLEARING',49,37,32,14,'hangup','NORMAL_CLEARING',NULL),(629,'2013-11-25 10:40:00','af9af6c6-55bd-11e3-a09d-f30f0e86751e',6567315139,6531586275,6585152617,'2013-11-25 18:38:13','2013-11-25 18:38:56',17,60,0.01500,'completed','NORMAL_CLEARING',49,37,32,14,'hangup','NORMAL_CLEARING',NULL),(630,'2013-11-25 18:50:38','5327dbee-5602-11e3-bbab-1b5c95282229',0,85235009082,85266821490,'2013-11-26 02:49:33','2013-11-26 02:49:44',2,60,0.00300,'completed','NORMAL_CLEARING',12,10,14,9,'hangup','NORMAL_CLEARING',NULL),(631,'2013-11-25 19:59:26','efb546aa-560b-11e3-9a35-f30f0e86751e',0,85235009082,85266821490,'2013-11-26 03:58:21','2013-11-26 03:58:28',0,0,0.00300,'cancel','ORIGINATOR_CANCEL',12,10,14,9,'hangup','ORIGINATOR_CANCEL',NULL),(632,'2013-11-25 20:00:12','0b09531a-560c-11e3-ad33-1b5c95282229',0,85235009082,85266821490,'2013-11-26 03:59:07','2013-11-26 04:00:03',19,60,0.00300,'completed','NORMAL_CLEARING',12,10,14,9,'hangup','NORMAL_CLEARING',NULL),(633,'2013-11-25 20:05:56','d886dc2c-560c-11e3-a855-f30f0e86751e',0,85235009082,85266821490,'2013-11-26 04:04:52','2013-11-26 04:04:59',0,0,0.00300,'cancel','ORIGINATOR_CANCEL',12,10,14,9,'hangup','ORIGINATOR_CANCEL',NULL),(634,'2013-11-25 20:09:23','53aa231e-560d-11e3-b1cf-f30f0e86751e',0,85235009082,85266821490,'2013-11-26 04:08:18','2013-11-26 04:09:09',15,60,0.00300,'completed','NORMAL_CLEARING',12,10,14,9,'hangup','NORMAL_CLEARING',NULL),(635,'2013-11-25 20:22:52','362a62b6-560f-11e3-ae82-1b5c95282229',0,85235009082,85266821490,'2013-11-26 04:21:48','2013-11-26 04:22:36',11,60,0.00300,'completed','NORMAL_CLEARING',12,10,14,9,'hangup','NORMAL_CLEARING','http://s3.amazonaws.com/recordings_2013/36eef6bc-560f-11e3-8eb1-0026b945b52b.mp3'),(636,'2013-11-25 20:32:13','8438c4f6-5610-11e3-a718-f30f0e86751e',0,85235009082,85266821490,'2013-11-26 04:31:08','2013-11-26 04:31:26',9,60,0.00300,'completed','NORMAL_CLEARING',12,10,14,9,'hangup','NORMAL_CLEARING','http://s3.amazonaws.com/recordings_2013/85073c46-5610-11e3-9e7b-0026b92f9684.mp3'),(637,'2013-11-25 22:23:30','10152802-5620-11e3-b20f-1b5c95282229',85266821490,85235009082,85266821490,'2013-11-26 06:22:26','2013-11-26 06:22:47',18,60,0.00300,'completed','NORMAL_CLEARING',12,10,14,9,'hangup','NORMAL_CLEARING','http://s3.amazonaws.com/recordings_2013/10d9c400-5620-11e3-8eb1-0026b945b52b.mp3'),(638,'2013-11-25 23:10:30','a11fe124-5626-11e3-a825-1b5c95282229',6583484424,6531586275,6585152617,'2013-11-26 07:09:26','2013-11-26 07:10:15',20,60,0.01500,'completed','NORMAL_CLEARING',49,37,32,14,'hangup','NORMAL_CLEARING',NULL),(639,'2013-11-25 23:28:55','33299766-5629-11e3-8360-f30f0e86751e',6591244794,6531586275,6585152617,'2013-11-26 07:27:50','2013-11-26 07:28:00',0,0,0.01500,'cancel','ORIGINATOR_CANCEL',49,37,32,14,'hangup','ORIGINATOR_CANCEL',NULL),(640,'2013-11-26 00:41:28','55f78564-5633-11e3-a202-1b5c95282229',85266821490,6531586275,6585152617,'2013-11-26 08:40:23','2013-11-26 08:41:02',9,60,0.01500,'completed','NORMAL_CLEARING',49,37,32,14,'hangup','NORMAL_CLEARING','http://s3.amazonaws.com/recordings_2013/56bf33ac-5633-11e3-8eb1-0026b945b52b.mp3'),(641,'2013-11-26 00:55:15','42b7ba3a-5635-11e3-b8b9-1b5c95282229',6586123478,6531586275,6585152617,'2013-11-26 08:54:10','2013-11-26 08:56:31',121,180,0.01500,'completed','NORMAL_CLEARING',49,37,32,14,'hangup','NORMAL_CLEARING','http://s3.amazonaws.com/recordings_2013/43850620-5635-11e3-8eb1-0026b945b52b.mp3'),(642,'2013-11-26 01:44:20','1dfdd3da-563c-11e3-9d17-f30f0e86751e',6563960813,6531586275,6585152617,'2013-11-26 09:43:15','2013-11-26 09:43:59',21,60,0.01500,'completed','NORMAL_CLEARING',49,37,32,14,'hangup','NORMAL_CLEARING','http://s3.amazonaws.com/recordings_2013/1ec6d4b0-563c-11e3-9e7b-0026b92f9684.mp3'),(643,'2013-11-26 01:50:30','fa8f650c-563c-11e3-9ee5-1b5c95282229',6531578905,6531586275,6585152617,'2013-11-26 09:49:25','2013-11-26 09:49:49',0,0,0.01500,'cancel','ORIGINATOR_CANCEL',49,37,32,14,'hangup','ORIGINATOR_CANCEL','http://s3.amazonaws.com/recordings_2013/fb648c32-563c-11e3-8eb1-0026b945b52b.mp3'),(644,'2013-11-26 01:54:36','8d2a9846-563d-11e3-b1aa-f30f0e86751e',6594236181,6531586275,6585152617,'2013-11-26 09:53:31','2013-11-26 09:54:08',20,60,0.01500,'completed','NORMAL_CLEARING',49,37,32,14,'hangup','NORMAL_CLEARING','http://s3.amazonaws.com/recordings_2013/8dfe7198-563d-11e3-9e7b-0026b92f9684.mp3'),(645,'2013-11-26 02:03:23','c7380acc-563e-11e3-8775-f30f0e86751e',6596256575,6531586275,6585152617,'2013-11-26 10:02:18','2013-11-26 10:04:12',96,120,0.01500,'completed','NORMAL_CLEARING',49,37,32,14,'hangup','NORMAL_CLEARING','http://s3.amazonaws.com/recordings_2013/c81359d8-563e-11e3-9e7b-0026b92f9684.mp3'),(646,'2013-11-26 02:37:12','80c6e54a-5643-11e3-9d57-1b5c95282229',6563941380,6531586275,6585152617,'2013-11-26 10:36:07','2013-11-26 10:37:43',80,120,0.01500,'completed','NORMAL_CLEARING',49,37,32,14,'hangup','NORMAL_CLEARING','http://s3.amazonaws.com/recordings_2013/8199c0b4-5643-11e3-8eb1-0026b945b52b.mp3'),(647,'2013-11-26 03:27:57','97ecf01e-564a-11e3-bfd4-f30f0e86751e',6565421175,6531586275,6585152617,'2013-11-26 11:26:52','2013-11-26 11:27:49',38,60,0.01500,'completed','NORMAL_CLEARING',49,37,32,14,'hangup','NORMAL_CLEARING','http://s3.amazonaws.com/recordings_2013/98d537a2-564a-11e3-9e7b-0026b92f9684.mp3'),(648,'2013-11-26 03:29:15','c66e4096-564a-11e3-8d53-1b5c95282229',6565421175,6531586275,6585152617,'2013-11-26 11:28:10','2013-11-26 11:30:06',97,120,0.01500,'completed','NORMAL_CLEARING',49,37,32,14,'hangup','NORMAL_CLEARING','http://s3.amazonaws.com/recordings_2013/c73657fc-564a-11e3-8eb1-0026b945b52b.mp3'),(649,'2013-11-26 03:42:08','92b704fc-564c-11e3-bb80-f30f0e86751e',6567830692,6531586275,6585152617,'2013-11-26 11:41:03','2013-11-26 11:41:22',0,0,0.01500,'cancel','ORIGINATOR_CANCEL',49,37,32,14,'hangup','ORIGINATOR_CANCEL','http://s3.amazonaws.com/recordings_2013/939039d4-564c-11e3-9e7b-0026b92f9684.mp3'),(650,'2013-11-26 03:46:44','37b60c96-564d-11e3-9e4c-1b5c95282229',6593201959,6531586275,6585152617,'2013-11-26 11:45:39','2013-11-26 11:47:43',106,120,0.01500,'completed','NORMAL_CLEARING',49,37,32,14,'hangup','NORMAL_CLEARING','http://s3.amazonaws.com/recordings_2013/3887c68c-564d-11e3-8eb1-0026b945b52b.mp3'),(651,'2013-11-26 03:59:00','ee339910-564e-11e3-8ca7-f30f0e86751e',85266821490,85235009092,85223681111,'2013-11-26 11:57:55','2013-11-26 11:58:20',13,60,0.00300,'completed','NORMAL_CLEARING',51,41,35,20,'hangup','NORMAL_CLEARING','http://s3.amazonaws.com/recordings_2013/eefed3aa-564e-11e3-9e7b-0026b92f9684.mp3'),(652,'2013-11-26 04:00:03','13848f30-564f-11e3-9f5f-1b5c95282229',85266821490,85235009092,85223681111,'2013-11-26 11:58:58','2013-11-26 11:59:00',0,0,0.00300,'cancel','ORIGINATOR_CANCEL',51,41,35,20,'hangup','ORIGINATOR_CANCEL','http://s3.amazonaws.com/recordings_2013/14467c80-564f-11e3-8eb1-0026b945b52b.mp3'),(653,'2013-11-26 04:08:33','4397c696-5650-11e3-b46e-f30f0e86751e',85266821490,85235009117,85223681111,'2013-11-26 12:07:28','2013-11-26 12:07:54',17,60,0.00300,'completed','NORMAL_CLEARING',52,41,35,20,'hangup','NORMAL_CLEARING',NULL),(654,'2013-11-26 04:34:42','eaeeaaf6-5653-11e3-ac2f-f30f0e86751e',6564849949,6531586275,6585152617,'2013-11-26 12:33:37','2013-11-26 12:34:17',11,60,0.01500,'completed','NORMAL_CLEARING',49,37,32,14,'hangup','NORMAL_CLEARING','http://s3.amazonaws.com/recordings_2013/ebb7790e-5653-11e3-9e7b-0026b92f9684.mp3'),(655,'2013-11-26 04:35:46','10d8497a-5654-11e3-90b4-1b5c95282229',6564849949,6531586275,6585152617,'2013-11-26 12:34:41','2013-11-26 12:35:31',21,60,0.01500,'completed','NORMAL_CLEARING',49,37,32,14,'hangup','NORMAL_CLEARING','http://s3.amazonaws.com/recordings_2013/11ad3a90-5654-11e3-8eb1-0026b945b52b.mp3'),(656,'2013-11-26 04:36:59','3c6c4ac8-5654-11e3-9442-1b5c95282229',85223155627,85235009083,85291473549,'2013-11-26 12:35:54','2013-11-26 12:36:56',38,60,0.00300,'completed','NORMAL_CLEARING',13,10,14,9,'hangup','NORMAL_CLEARING',NULL),(657,'2013-11-26 04:47:13','aa584338-5655-11e3-aeae-f30f0e86751e',6565333560,6531586275,6585152617,'2013-11-26 12:46:08','2013-11-26 12:46:34',0,0,0.01500,'cancel','ORIGINATOR_CANCEL',49,37,32,14,'hangup','ORIGINATOR_CANCEL','http://s3.amazonaws.com/recordings_2013/ab1f9140-5655-11e3-9e7b-0026b92f9684.mp3'),(658,'2013-11-26 05:13:06','4875fc92-5659-11e3-9727-1b5c95282229',6565543472,6531586275,6585152617,'2013-11-26 13:12:01','2013-11-26 13:12:35',26,60,0.01500,'completed','NORMAL_CLEARING',49,37,32,14,'hangup','NORMAL_CLEARING','http://s3.amazonaws.com/recordings_2013/494816fa-5659-11e3-8eb1-0026b945b52b.mp3'),(659,'2013-11-26 05:21:50','809c878e-565a-11e3-a6ac-f30f0e86751e',6594516920,6531586275,6585152617,'2013-11-26 13:20:45','2013-11-26 13:21:59',56,60,0.01500,'completed','NORMAL_CLEARING',49,37,32,14,'hangup','NORMAL_CLEARING','http://s3.amazonaws.com/recordings_2013/81622d18-565a-11e3-9e7b-0026b92f9684.mp3'),(660,'2013-11-26 05:34:26','43057a50-565c-11e3-8dc6-1b5c95282229',6594896321,6531586275,6585152617,'2013-11-26 13:33:21','2013-11-26 13:34:09',16,60,0.01500,'completed','NORMAL_CLEARING',49,37,32,14,'hangup','NORMAL_CLEARING','http://s3.amazonaws.com/recordings_2013/43c991ce-565c-11e3-8eb1-0026b945b52b.mp3'),(661,'2013-11-26 05:43:51','93e72a58-565d-11e3-9c1e-f30f0e86751e',6584289351,6531586275,6585152617,'2013-11-26 13:42:46','2013-11-26 13:46:29',205,240,0.01500,'completed','NORMAL_CLEARING',49,37,32,14,'hangup','NORMAL_CLEARING','http://s3.amazonaws.com/recordings_2013/94a96dfc-565d-11e3-9e7b-0026b92f9684.mp3'),(662,'2013-11-26 05:55:45','3d4428b6-565f-11e3-8074-1b5c95282229',6597432337,6531586275,6585152617,'2013-11-26 13:54:40','2013-11-26 13:57:50',174,180,0.01500,'completed','NORMAL_CLEARING',49,37,32,14,'hangup','NORMAL_CLEARING','http://s3.amazonaws.com/recordings_2013/3e12c5cc-565f-11e3-8eb1-0026b945b52b.mp3'),(663,'2013-11-26 06:01:38','0fd92236-5660-11e3-a2df-1b5c95282229',0,6531586275,6585152617,'2013-11-26 14:00:33','2013-11-26 14:01:56',66,120,0.01500,'completed','NORMAL_CLEARING',49,37,32,14,'hangup','NORMAL_CLEARING','http://s3.amazonaws.com/recordings_2013/10a2c55a-5660-11e3-8eb1-0026b945b52b.mp3'),(664,'2013-11-26 06:02:25','2bcddcac-5660-11e3-be54-f30f0e86751e',6597432337,6531586275,6585152617,'2013-11-26 14:01:20','2013-11-26 14:02:20',33,60,0.01500,'completed','NORMAL_UNSPECIFIED',49,37,32,14,'hangup','NORMAL_CLEARING','http://s3.amazonaws.com/recordings_2013/2c9c754e-5660-11e3-9e7b-0026b92f9684.mp3'),(665,'2013-11-26 06:44:03','fc846992-5665-11e3-b5ad-f30f0e86751e',6598338696,6531586275,6585152617,'2013-11-26 14:42:57','2013-11-26 14:44:12',49,60,0.01500,'completed','NORMAL_CLEARING',49,37,32,14,'hangup','NORMAL_CLEARING','http://s3.amazonaws.com/recordings_2013/fd4f6354-5665-11e3-9e7b-0026b92f9684.mp3'),(666,'2013-11-26 06:44:37','11079bf0-5666-11e3-be6d-1b5c95282229',6531571282,6531586275,6585152617,'2013-11-26 14:43:32','2013-11-26 14:44:07',8,60,0.01500,'completed','NORMAL_CLEARING',49,37,32,14,'hangup','NORMAL_CLEARING','http://s3.amazonaws.com/recordings_2013/11d3f5e2-5666-11e3-8eb1-0026b945b52b.mp3'),(667,'2013-11-26 06:52:52','37cc50cc-5667-11e3-aaf9-f30f0e86751e',6586060479,6531586275,6585152617,'2013-11-26 14:51:46','2013-11-26 14:55:14',188,240,0.01500,'completed','NORMAL_CLEARING',49,37,32,14,'hangup','NORMAL_CLEARING','http://s3.amazonaws.com/recordings_2013/38a76bbc-5667-11e3-9e7b-0026b92f9684.mp3'),(668,'2013-11-26 07:01:59','7dc64a28-5668-11e3-9f12-1b5c95282229',6565097230,6531586275,6585152617,'2013-11-26 15:00:53','2013-11-26 15:02:19',69,120,0.01500,'completed','NORMAL_CLEARING',49,37,32,14,'hangup','NORMAL_CLEARING','http://s3.amazonaws.com/recordings_2013/7ea0cf54-5668-11e3-8eb1-0026b945b52b.mp3'),(669,'2013-11-26 08:03:44','1e6a9d6e-5671-11e3-a5aa-f30f0e86751e',6566675517,6531586275,6585152617,'2013-11-26 16:02:39','2013-11-26 16:09:55',416,420,0.01500,'completed','NORMAL_CLEARING',49,37,32,14,'hangup','NORMAL_CLEARING','http://s3.amazonaws.com/recordings_2013/1f4e352e-5671-11e3-9e7b-0026b92f9684.mp3'),(670,'2013-11-26 08:11:34','365e3f6a-5672-11e3-b5cc-1b5c95282229',6567487106,6531586275,6585152617,'2013-11-26 16:10:28','2013-11-26 16:13:20',151,180,0.01500,'completed','NORMAL_CLEARING',49,37,32,14,'hangup','NORMAL_CLEARING','http://s3.amazonaws.com/recordings_2013/372bae00-5672-11e3-8eb1-0026b945b52b.mp3'),(671,'2013-11-26 08:12:18','50912be0-5672-11e3-b8a9-1b5c95282229',6566675517,6531586275,6585152617,'2013-11-26 16:11:12','2013-11-26 16:12:18',38,60,0.01500,'completed','NORMAL_CLEARING',49,37,32,14,'hangup','NORMAL_CLEARING','http://s3.amazonaws.com/recordings_2013/5168f8ae-5672-11e3-8eb1-0026b945b52b.mp3'),(672,'2013-11-26 08:13:50','87c78f46-5672-11e3-a77b-f30f0e86751e',6566675517,6531586275,6585152617,'2013-11-26 16:12:45','2013-11-26 16:13:19',6,60,0.01500,'completed','NORMAL_CLEARING',49,37,32,14,'hangup','NORMAL_CLEARING','http://s3.amazonaws.com/recordings_2013/88943a64-5672-11e3-9e7b-0026b92f9684.mp3'),(673,'2013-11-26 08:22:55','cc497c6e-5673-11e3-baf9-1b5c95282229',6562105816,6531586275,6585152617,'2013-11-26 16:21:50','2013-11-26 16:22:10',3,60,0.01500,'completed','NORMAL_CLEARING',49,37,32,14,'hangup','NORMAL_CLEARING','http://s3.amazonaws.com/recordings_2013/cd1a8f2a-5673-11e3-8eb1-0026b945b52b.mp3'),(674,'2013-11-26 08:36:17','aa92e004-5675-11e3-80eb-f30f0e86751e',6566675517,6531586275,6585152617,'2013-11-26 16:35:12','2013-11-26 16:36:16',47,60,0.01500,'completed','NORMAL_CLEARING',49,37,32,14,'hangup','NORMAL_CLEARING','http://s3.amazonaws.com/recordings_2013/ab58b022-5675-11e3-9e7b-0026b92f9684.mp3'),(675,'2013-11-26 08:40:18','39f88f78-5676-11e3-9561-f30f0e86751e',6590487447,6531586275,6585152617,'2013-11-26 16:39:13','2013-11-26 16:41:19',110,120,0.01500,'completed','NORMAL_CLEARING',49,37,32,14,'hangup','NORMAL_CLEARING','http://s3.amazonaws.com/recordings_2013/3acfb58e-5676-11e3-9e7b-0026b92f9684.mp3'),(676,'2013-11-26 08:40:36','44b02c00-5676-11e3-9fa6-1b5c95282229',6563633129,6531586275,6585152617,'2013-11-26 16:39:30','2013-11-26 16:40:38',40,60,0.01500,'completed','NORMAL_CLEARING',49,37,32,14,'hangup','NORMAL_CLEARING','http://s3.amazonaws.com/recordings_2013/4589c488-5676-11e3-8eb1-0026b945b52b.mp3'),(677,'2013-11-26 08:42:03','7881db5a-5676-11e3-a939-1b5c95282229',6590686140,6531586275,6585152617,'2013-11-26 16:40:57','2013-11-26 16:41:21',3,60,0.01500,'completed','NORMAL_CLEARING',49,37,32,14,'hangup','NORMAL_CLEARING','http://s3.amazonaws.com/recordings_2013/79529bf0-5676-11e3-8eb1-0026b945b52b.mp3'),(678,'2013-11-26 08:49:45','8c4f639a-5677-11e3-9aa3-f30f0e86751e',6567387219,6531586275,6585152617,'2013-11-26 16:48:40','2013-11-26 16:48:42',0,0,0.01500,'cancel','ORIGINATOR_CANCEL',49,37,32,14,NULL,NULL,'http://s3.amazonaws.com/recordings_2013/8d263c6c-5677-11e3-9e7b-0026b92f9684.mp3'),(679,'2013-11-26 08:50:45','afba563c-5677-11e3-a001-f30f0e86751e',6567386329,6531586275,6585152617,'2013-11-26 16:49:40','2013-11-26 16:49:57',6,60,0.01500,'completed','NORMAL_CLEARING',49,37,32,14,'hangup','NORMAL_CLEARING','http://s3.amazonaws.com/recordings_2013/b08c4714-5677-11e3-9e7b-0026b92f9684.mp3'),(680,'2013-11-26 09:26:10','a23a34c8-567c-11e3-8111-1b5c95282229',6584884547,6531586275,6585152617,'2013-11-26 17:25:04','2013-11-26 17:26:16',55,60,0.01500,'completed','NORMAL_CLEARING',49,37,32,14,'hangup','NORMAL_CLEARING','http://s3.amazonaws.com/recordings_2013/a314239a-567c-11e3-8eb1-0026b945b52b.mp3'),(681,'2013-11-26 10:13:22','3a6fc0e0-5683-11e3-aa0e-f30f0e86751e',6597285535,6531586275,6585152617,'2013-11-26 18:12:17','2013-11-26 18:12:35',0,0,0.01500,'cancel','ORIGINATOR_CANCEL',49,37,32,14,'hangup','ORIGINATOR_CANCEL','http://s3.amazonaws.com/recordings_2013/3b47d534-5683-11e3-9e7b-0026b92f9684.mp3'),(682,'2013-11-26 10:19:29','14e017a2-5684-11e3-ba46-1b5c95282229',6597285535,6531586275,6585152617,'2013-11-26 18:18:23','2013-11-26 18:18:39',0,0,0.01500,'cancel','ORIGINATOR_CANCEL',49,37,32,14,'hangup','ORIGINATOR_CANCEL','http://s3.amazonaws.com/recordings_2013/15b5756e-5684-11e3-8eb1-0026b945b52b.mp3'),(683,'2013-11-26 10:22:33','82984210-5684-11e3-a4e8-f30f0e86751e',85266821490,85235009092,85291887562,'2013-11-26 18:21:27','2013-11-26 18:21:44',7,60,0.00300,'completed','NORMAL_CLEARING',51,41,35,20,'hangup','NORMAL_CLEARING','http://s3.amazonaws.com/recordings_2013/835ccd88-5684-11e3-9e7b-0026b92f9684.mp3'),(684,'2013-11-26 11:55:52','8c0d6d40-5691-11e3-9aee-1b5c95282229',6563503470,6531586275,6585152617,'2013-11-26 19:54:47','2013-11-26 19:55:05',0,0,0.01500,'cancel','ORIGINATOR_CANCEL',49,37,32,14,'hangup','ORIGINATOR_CANCEL','http://s3.amazonaws.com/recordings_2013/8cfc19d6-5691-11e3-8eb1-0026b945b52b.mp3'),(685,'2013-11-26 14:37:25','1d6117cc-56a8-11e3-8487-f30f0e86751e',6598799473,6531586275,6585152617,'2013-11-26 22:36:19','2013-11-26 22:36:57',0,0,0.01500,'cancel','ORIGINATOR_CANCEL',49,37,32,14,'hangup','ORIGINATOR_CANCEL','http://s3.amazonaws.com/recordings_2013/1e2c158a-56a8-11e3-9e7b-0026b92f9684.mp3'),(686,'2013-11-26 19:42:13','b17c876e-56d2-11e3-9c0f-f30f0e86751e',14046308328,6531586275,6585152617,'2013-11-27 03:41:07','2013-11-27 03:41:27',0,0,0.01500,'cancel','ORIGINATOR_CANCEL',49,37,32,14,'hangup','ORIGINATOR_CANCEL','http://s3.amazonaws.com/recordings_2013/b2627d64-56d2-11e3-9e7b-0026b92f9684.mp3'),(687,'2013-11-26 19:45:09','1ab714ba-56d3-11e3-8f06-1b5c95282229',14046308328,6531586275,6585152617,'2013-11-27 03:44:03','2013-11-27 03:45:03',0,0,0.01500,'cancel','ORIGINATOR_CANCEL',49,37,32,14,'hangup','ORIGINATOR_CANCEL','http://s3.amazonaws.com/recordings_2013/1b81298a-56d3-11e3-8eb1-0026b945b52b.mp3'),(688,'2013-11-27 00:23:16','f4b6e00c-56f9-11e3-b484-f30f0e86751e',85266821490,85235009092,85222328888,'2013-11-27 08:22:10','2013-11-27 08:23:02',40,60,0.00300,'completed','NORMAL_CLEARING',51,41,35,20,'hangup','NORMAL_CLEARING','http://s3.amazonaws.com/recordings_2013/f57d9120-56f9-11e3-9e7b-0026b92f9684.mp3'),(689,'2013-11-27 00:29:42','dac635a2-56fa-11e3-bb5d-1b5c95282229',6562148230,6531586275,6585152617,'2013-11-27 08:28:36','2013-11-27 08:29:03',0,0,0.01500,'cancel','ORIGINATOR_CANCEL',49,37,32,14,'hangup','ORIGINATOR_CANCEL','http://s3.amazonaws.com/recordings_2013/dbb217ce-56fa-11e3-8eb1-0026b945b52b.mp3'),(690,'2013-11-27 00:42:55','b37ae018-56fc-11e3-8a8a-f30f0e86751e',6591068560,6531586275,6585152617,'2013-11-27 08:41:49','2013-11-27 08:44:14',127,180,0.01500,'completed','NORMAL_CLEARING',49,37,32,14,'hangup','NORMAL_CLEARING','http://s3.amazonaws.com/recordings_2013/b447c042-56fc-11e3-9e7b-0026b92f9684.mp3'),(691,'2013-11-27 00:44:42','f305f97a-56fc-11e3-9476-1b5c95282229',6597285535,6531586275,6585152617,'2013-11-27 08:43:36','2013-11-27 08:43:56',0,0,0.01500,'cancel','ORIGINATOR_CANCEL',49,37,32,14,'hangup','ORIGINATOR_CANCEL','http://s3.amazonaws.com/recordings_2013/f3d3afd2-56fc-11e3-8eb1-0026b945b52b.mp3'),(692,'2013-11-27 01:03:38','980424e0-56ff-11e3-b9ac-1b5c95282229',6581391161,6531586275,6585152617,'2013-11-27 09:02:31','2013-11-27 09:05:54',184,240,0.01500,'completed','NORMAL_CLEARING',49,37,32,14,'hangup','NORMAL_CLEARING','http://s3.amazonaws.com/recordings_2013/98d92fe6-56ff-11e3-8eb1-0026b945b52b.mp3'),(693,'2013-11-27 01:07:18','1b8fb306-5700-11e3-acc6-f30f0e86751e',6562148230,6531586275,6585152617,'2013-11-27 09:06:12','2013-11-27 09:08:09',100,120,0.01500,'completed','NORMAL_CLEARING',49,37,32,14,'hangup','NORMAL_CLEARING','http://s3.amazonaws.com/recordings_2013/1c5c87d2-5700-11e3-9e7b-0026b92f9684.mp3'),(694,'2013-11-27 02:19:21','2c30d56e-570a-11e3-9d0b-f30f0e86751e',6562566670,6531586275,6585152617,'2013-11-27 10:18:15','2013-11-27 10:18:17',0,0,0.01500,'completed','NORMAL_CLEARING',49,37,32,14,'hangup','NORMAL_TEMPORARY_FAILURE','http://s3.amazonaws.com/recordings_2013/2d03f64c-570a-11e3-9e7b-0026b92f9684.mp3'),(695,'2013-11-27 02:20:01','43e21f60-570a-11e3-bbfd-1b5c95282229',6562566670,6531586275,6585152617,'2013-11-27 10:18:55','2013-11-27 10:20:40',89,120,0.01500,'completed','NORMAL_CLEARING',49,37,32,14,'hangup','NORMAL_CLEARING','http://s3.amazonaws.com/recordings_2013/44b70676-570a-11e3-8eb1-0026b945b52b.mp3'),(696,'2013-11-27 02:36:33','930cc340-570c-11e3-94f4-f30f0e86751e',6564567039,6531586275,6585152617,'2013-11-27 10:35:26','2013-11-27 10:37:53',131,180,0.01500,'completed','NORMAL_CLEARING',49,37,32,14,'hangup','NORMAL_CLEARING','http://s3.amazonaws.com/recordings_2013/93d7ffe2-570c-11e3-9e7b-0026b92f9684.mp3'),(697,'2013-11-27 02:57:24','7c9c2df0-570f-11e3-afcb-1b5c95282229',6568765524,6531586275,6585152617,'2013-11-27 10:56:17','2013-11-27 10:56:25',0,0,0.01500,'cancel','ORIGINATOR_CANCEL',49,37,32,14,'hangup','ORIGINATOR_CANCEL','http://s3.amazonaws.com/recordings_2013/7d6bfcba-570f-11e3-8eb1-0026b945b52b.mp3'),(698,'2013-11-27 03:20:03','a6f19088-5712-11e3-bd3c-1b5c95282229',653000019,6531586275,6585152617,'2013-11-27 11:18:57','2013-11-27 11:18:59',0,0,0.01500,'completed','NORMAL_CLEARING',49,37,32,14,'hangup','NORMAL_TEMPORARY_FAILURE','http://s3.amazonaws.com/recordings_2013/a7c427be-5712-11e3-8eb1-0026b945b52b.mp3'),(699,'2013-11-27 03:20:11','aba76990-5712-11e3-988f-f30f0e86751e',653000019,6531586275,6585152617,'2013-11-27 11:19:05','2013-11-27 11:19:43',18,60,0.01500,'completed','NORMAL_CLEARING',49,37,32,14,'hangup','NORMAL_CLEARING','http://s3.amazonaws.com/recordings_2013/ac771b36-5712-11e3-9e7b-0026b92f9684.mp3'),(700,'2013-11-27 03:20:56','c6315406-5712-11e3-bfbb-1b5c95282229',653000019,6531586275,6585152617,'2013-11-27 11:19:49','2013-11-27 11:20:16',0,0,0.01500,'cancel','ORIGINATOR_CANCEL',49,37,32,14,'hangup','ORIGINATOR_CANCEL','http://s3.amazonaws.com/recordings_2013/c702fd12-5712-11e3-8eb1-0026b945b52b.mp3'),(701,'2013-11-27 03:30:19','16150b06-5714-11e3-beda-f30f0e86751e',6592384229,6531586275,6585152617,'2013-11-27 11:29:13','2013-11-27 11:31:46',139,180,0.01500,'completed','NORMAL_CLEARING',49,37,32,14,'hangup','NORMAL_CLEARING','http://s3.amazonaws.com/recordings_2013/16dae344-5714-11e3-9e7b-0026b92f9684.mp3'),(702,'2013-11-27 03:40:36','85889b64-5715-11e3-a5e1-f30f0e86751e',6592201869,6531586275,6585152617,'2013-11-27 11:39:29','2013-11-27 11:42:26',156,180,0.01500,'completed','NORMAL_CLEARING',49,37,32,14,'hangup','NORMAL_CLEARING','http://s3.amazonaws.com/recordings_2013/8655ebaa-5715-11e3-9e7b-0026b92f9684.mp3'),(703,'2013-11-27 04:37:18','714010b2-571d-11e3-8822-f30f0e86751e',6596752013,6531586275,6585152617,'2013-11-27 12:36:11','2013-11-27 12:43:25',411,420,0.01500,'completed','NORMAL_CLEARING',49,37,32,14,'hangup','NORMAL_CLEARING','http://s3.amazonaws.com/recordings_2013/72136b7e-571d-11e3-9e7b-0026b92f9684.mp3'),(704,'2013-11-27 05:25:14','234bdaa6-5724-11e3-8275-f30f0e86751e',6563633129,6531586275,6585152617,'2013-11-27 13:24:07','2013-11-27 13:25:07',31,60,0.01500,'completed','NORMAL_CLEARING',49,37,32,14,'hangup','NORMAL_CLEARING','http://s3.amazonaws.com/recordings_2013/241c893a-5724-11e3-9e7b-0026b92f9684.mp3'),(705,'2013-11-27 05:28:26','9648b5ce-5724-11e3-8ea1-f30f0e86751e',6594232324,6531586275,6585152617,'2013-11-27 13:27:20','2013-11-27 13:27:20',0,0,0.01500,'cancel','ORIGINATOR_CANCEL',49,37,32,14,NULL,NULL,NULL),(706,'2013-11-27 05:38:05','ef0859b6-5725-11e3-95d8-1b5c95282229',6564450633,6531586275,6585152617,'2013-11-27 13:36:58','2013-11-27 13:37:54',26,60,0.01500,'completed','NORMAL_CLEARING',49,37,32,14,'hangup','NORMAL_CLEARING','http://s3.amazonaws.com/recordings_2013/efe0f442-5725-11e3-8eb1-0026b945b52b.mp3'),(707,'2013-11-27 06:04:00','8dc2b986-5729-11e3-9648-1b5c95282229',6598509458,6531586275,6585152617,'2013-11-27 14:02:53','2013-11-27 14:05:54',162,180,0.01500,'completed','NORMAL_CLEARING',49,37,32,14,'hangup','NORMAL_CLEARING','http://s3.amazonaws.com/recordings_2013/8e8b9608-5729-11e3-8eb1-0026b945b52b.mp3'),(708,'2013-11-27 06:06:02','d6f5bcf2-5729-11e3-bb7b-f30f0e86751e',6566748096,6531586275,6585152617,'2013-11-27 14:04:56','2013-11-27 14:05:43',20,60,0.01500,'completed','NORMAL_CLEARING',49,37,32,14,'hangup','NORMAL_CLEARING','http://s3.amazonaws.com/recordings_2013/d7bdaa5a-5729-11e3-9e7b-0026b92f9684.mp3'),(709,'2013-11-27 06:07:36','0ebeded4-572a-11e3-a258-1b5c95282229',6567484981,6531586275,6585152617,'2013-11-27 14:06:29','2013-11-27 14:06:54',9,60,0.01500,'completed','NORMAL_CLEARING',49,37,32,14,'hangup','NORMAL_CLEARING','http://s3.amazonaws.com/recordings_2013/0f891456-572a-11e3-8eb1-0026b945b52b.mp3'),(710,'2013-11-27 06:09:00','411db0da-572a-11e3-880c-f30f0e86751e',6567483869,6531586275,6585152617,'2013-11-27 14:07:54','2013-11-27 14:10:19',130,180,0.01500,'completed','NORMAL_CLEARING',49,37,32,14,'hangup','NORMAL_CLEARING','http://s3.amazonaws.com/recordings_2013/41e0e384-572a-11e3-9e7b-0026b92f9684.mp3'),(711,'2013-11-27 06:19:49','c3db4e1e-572b-11e3-bd8f-f30f0e86751e',6597245753,6531586275,6585152617,'2013-11-27 14:18:43','2013-11-27 14:21:31',147,180,0.01500,'completed','NORMAL_CLEARING',49,37,32,14,'hangup','NORMAL_CLEARING','http://s3.amazonaws.com/recordings_2013/c49bd620-572b-11e3-9e7b-0026b92f9684.mp3'),(712,'2013-11-27 06:25:07','80f083d4-572c-11e3-bc6e-1b5c95282229',6567727814,6531586275,6585152617,'2013-11-27 14:24:00','2013-11-27 14:25:25',67,120,0.01500,'completed','NORMAL_CLEARING',49,37,32,14,'hangup','NORMAL_CLEARING','http://s3.amazonaws.com/recordings_2013/81b57c34-572c-11e3-8eb1-0026b945b52b.mp3'),(713,'2013-11-27 06:35:11','e943a6f4-572d-11e3-aa6b-1b5c95282229',6597649749,6531586275,6585152617,'2013-11-27 14:34:05','2013-11-27 14:34:55',30,60,0.01500,'completed','NORMAL_CLEARING',49,37,32,14,'hangup','NORMAL_CLEARING','http://s3.amazonaws.com/recordings_2013/ea12c2f4-572d-11e3-8eb1-0026b945b52b.mp3'),(714,'2013-11-27 06:53:36','7b5cae26-5730-11e3-9892-f30f0e86751e',6581127833,6531586275,6585152617,'2013-11-27 14:52:29','2013-11-27 14:53:19',33,60,0.01500,'completed','NORMAL_CLEARING',49,37,32,14,'hangup','NORMAL_CLEARING','http://s3.amazonaws.com/recordings_2013/7c58951a-5730-11e3-9e7b-0026b92f9684.mp3'),(715,'2013-11-27 06:56:54','f1c8b5d2-5730-11e3-93f0-1b5c95282229',6591168551,6531586275,6585152617,'2013-11-27 14:55:47','2013-11-27 14:56:12',0,0,0.01500,'cancel','ORIGINATOR_CANCEL',49,37,32,14,'hangup','ORIGINATOR_CANCEL','http://s3.amazonaws.com/recordings_2013/f2bfafd6-5730-11e3-8eb1-0026b945b52b.mp3'),(716,'2013-11-27 07:17:55','e144748c-5733-11e3-ae70-1b5c95282229',6581571518,6531586275,6585152617,'2013-11-27 15:16:48','2013-11-27 15:18:35',91,120,0.01500,'completed','NORMAL_CLEARING',49,37,32,14,'hangup','NORMAL_CLEARING','http://s3.amazonaws.com/recordings_2013/e2182142-5733-11e3-8eb1-0026b945b52b.mp3'),(717,'2013-11-27 07:23:07','9b630e0a-5734-11e3-9a56-f30f0e86751e',6563191662,6531586275,6585152617,'2013-11-27 15:22:00','2013-11-27 15:23:38',79,120,0.01500,'completed','NORMAL_CLEARING',49,37,32,14,'hangup','NORMAL_CLEARING','http://s3.amazonaws.com/recordings_2013/9c3cd8ba-5734-11e3-9e7b-0026b92f9684.mp3'),(718,'2013-11-27 07:27:29','376397ca-5735-11e3-acd8-f30f0e86751e',85298615359,85235009080,85266821490,'2013-11-27 15:26:22','2013-11-27 15:28:04',86,120,0.00300,'completed','NORMAL_CLEARING',8,9,14,9,'hangup','NORMAL_CLEARING',NULL),(719,'2013-11-27 07:46:56','ef2be3d8-5737-11e3-869e-1b5c95282229',6584322155,6531586275,6585152617,'2013-11-27 15:45:49','2013-11-27 15:48:21',134,180,0.01500,'completed','NORMAL_CLEARING',49,37,32,14,'hangup','NORMAL_CLEARING','http://s3.amazonaws.com/recordings_2013/effff376-5737-11e3-8eb1-0026b945b52b.mp3'),(720,'2013-11-27 08:59:19','0bd5bdd8-5742-11e3-b223-f30f0e86751e',6598366796,6531586275,6585152617,'2013-11-27 16:58:12','2013-11-27 17:00:38',127,180,0.01500,'completed','NORMAL_CLEARING',49,37,32,14,'hangup','NORMAL_CLEARING','http://s3.amazonaws.com/recordings_2013/0ca4662e-5742-11e3-9e7b-0026b92f9684.mp3'),(721,'2013-11-27 09:44:59','6ce2ee10-5748-11e3-9ac4-1b5c95282229',6567524424,6531586275,6585152617,'2013-11-27 17:43:52','2013-11-27 17:47:25',187,240,0.01500,'completed','NORMAL_CLEARING',49,37,32,14,'hangup','NORMAL_CLEARING','http://s3.amazonaws.com/recordings_2013/6dba5e18-5748-11e3-8eb1-0026b945b52b.mp3'),(722,'2013-11-27 10:43:14','90337c4c-5750-11e3-acc4-1b5c95282229',6597420325,6531586275,6585152617,'2013-11-27 18:42:07','2013-11-27 18:42:47',22,60,0.01500,'completed','NORMAL_CLEARING',49,37,32,14,'hangup','NORMAL_CLEARING','http://s3.amazonaws.com/recordings_2013/910025c6-5750-11e3-8eb1-0026b945b52b.mp3'),(723,'2013-11-27 11:18:31','7d7e087e-5755-11e3-9a3e-f30f0e86751e',6590678555,6531586275,6585152617,'2013-11-27 19:17:24','2013-11-27 19:17:42',1,60,0.01500,'completed','NORMAL_CLEARING',49,37,32,14,'hangup','NORMAL_CLEARING','http://s3.amazonaws.com/recordings_2013/7e4c50e4-5755-11e3-9e7b-0026b92f9684.mp3'),(724,'2013-11-27 11:44:46','28a38b90-5759-11e3-a120-1b5c95282229',6594243045,6531586275,6585152617,'2013-11-27 19:43:39','2013-11-27 19:44:46',51,60,0.01500,'completed','NORMAL_CLEARING',49,37,32,14,'hangup','NORMAL_CLEARING','http://s3.amazonaws.com/recordings_2013/296b0c9c-5759-11e3-8eb1-0026b945b52b.mp3'),(725,'2013-11-27 13:08:26','d8a4ab5e-5764-11e3-8469-f30f0e86751e',6590504693,6531586275,6585152617,'2013-11-27 21:07:19','2013-11-27 21:11:24',225,240,0.01500,'completed','NORMAL_CLEARING',49,37,32,14,'hangup','NORMAL_CLEARING','http://s3.amazonaws.com/recordings_2013/d96e03e6-5764-11e3-9e7b-0026b92f9684.mp3'),(726,'2013-11-27 22:08:55','59452400-57b0-11e3-b102-f30f0e86751e',0,85235009082,85266821490,'2013-11-28 06:07:47','2013-11-28 06:08:12',18,60,0.00300,'completed','NORMAL_CLEARING',12,10,14,9,'hangup','NORMAL_CLEARING','http://s3.amazonaws.com/recordings_2013/5a0d6ef6-57b0-11e3-9e7b-0026b92f9684.mp3'),(727,'2013-11-27 22:10:55','a100e1ee-57b0-11e3-b585-f30f0e86751e',0,85235009082,85266821490,'2013-11-28 06:09:47','2013-11-28 06:10:10',22,60,0.00300,'completed','NORMAL_CLEARING',12,10,14,9,'hangup','NORMAL_CLEARING','http://s3.amazonaws.com/recordings_2013/a3f553a8-57b0-11e3-9e7b-0026b92f9684.mp3'),(728,'2013-11-27 22:16:49','74195a7a-57b1-11e3-b21b-1b5c95282229',0,85235009082,85266821490,'2013-11-28 06:15:42','2013-11-28 06:15:49',7,60,0.00300,'completed','NORMAL_CLEARING',12,10,14,9,'hangup','ORIGINATOR_CANCEL','http://s3.amazonaws.com/recordings_2013/7731c094-57b1-11e3-8eb1-0026b945b52b.mp3'),(729,'2013-11-27 22:17:30','8c44010e-57b1-11e3-b356-1b5c95282229',0,85235009082,85266821490,'2013-11-28 06:16:22','2013-11-28 06:16:28',5,60,0.00300,'completed','NORMAL_CLEARING',12,10,14,9,'hangup','ORIGINATOR_CANCEL','http://s3.amazonaws.com/recordings_2013/8ec28a7c-57b1-11e3-8eb1-0026b945b52b.mp3'),(730,'2013-11-27 22:22:04','2f8b2c7a-57b2-11e3-87d4-f30f0e86751e',0,85235009082,85266821490,'2013-11-28 06:20:56','2013-11-28 06:21:08',11,60,0.00300,'completed','NORMAL_CLEARING',12,10,14,9,'hangup','ORIGINATOR_CANCEL','http://s3.amazonaws.com/recordings_2013/31ef212e-57b2-11e3-9e7b-0026b92f9684.mp3'),(731,'2013-11-27 22:49:54','132013e4-57b6-11e3-9e50-1b5c95282229',85235431685,85235009082,85266821490,'2013-11-28 06:48:46','2013-11-28 06:49:02',15,60,0.00300,'completed','NORMAL_CLEARING',12,10,14,9,'hangup','NORMAL_CLEARING','http://s3.amazonaws.com/recordings_2013/15882e46-57b6-11e3-8eb1-0026b945b52b.mp3'),(732,'2013-11-27 22:50:49','33d938cc-57b6-11e3-b474-f30f0e86751e',85235431685,85235009082,85266821490,'2013-11-28 06:49:41','2013-11-28 06:49:54',0,0,0.00300,'cancel','ORIGINATOR_CANCEL',12,10,14,9,'hangup','ORIGINATOR_CANCEL','http://s3.amazonaws.com/recordings_2013/3499eb76-57b6-11e3-9e7b-0026b92f9684.mp3'),(733,'2013-11-27 22:53:06','855af7b2-57b6-11e3-b791-f30f0e86751e',85266821490,85235009082,85235431685,'2013-11-28 06:51:58','2013-11-28 06:52:32',0,0,0.00300,'completed','NORMAL_CLEARING',12,10,14,9,'hangup','USER_BUSY','http://s3.amazonaws.com/recordings_2013/8628bf26-57b6-11e3-9e7b-0026b92f9684.mp3'),(734,'2013-11-27 22:54:34','ba22c60a-57b6-11e3-a5a5-1b5c95282229',85266821490,85235009082,85235431685,'2013-11-28 06:53:26','2013-11-28 06:54:02',35,60,0.00300,'completed','NORMAL_CLEARING',12,10,14,9,'hangup','USER_BUSY','http://s3.amazonaws.com/recordings_2013/bc3bd8e6-57b6-11e3-8eb1-0026b945b52b.mp3'),(735,'2013-11-27 22:57:58','336b2e62-57b7-11e3-bbc5-f30f0e86751e',85266821490,6531586275,6585152617,'2013-11-28 06:56:50','2013-11-28 06:57:09',19,60,0.01500,'completed','NORMAL_CLEARING',49,37,32,14,'hangup','ORIGINATOR_CANCEL','http://s3.amazonaws.com/recordings_2013/38924254-57b7-11e3-9e7b-0026b92f9684.mp3'),(736,'2013-11-28 01:06:55','375ef2da-57c9-11e3-ae20-1b5c95282229',6591814740,6531586275,6585152617,'2013-11-28 09:05:48','2013-11-28 09:08:24',156,180,0.01500,'completed','NORMAL_CLEARING',49,37,32,14,'hangup','NORMAL_CLEARING','http://s3.amazonaws.com/recordings_2013/3c7d48fc-57c9-11e3-8eb1-0026b945b52b.mp3'),(737,'2013-11-28 01:15:50','75e65e70-57ca-11e3-b91f-f30f0e86751e',6585904716,6531586275,6585152617,'2013-11-28 09:14:42','2013-11-28 09:17:59',196,240,0.01500,'completed','NORMAL_CLEARING',49,37,32,14,'hangup','NORMAL_CLEARING','http://s3.amazonaws.com/recordings_2013/7a0dad96-57ca-11e3-9e7b-0026b92f9684.mp3'),(738,'2013-11-28 01:33:52','fae6f3da-57cc-11e3-9ceb-f30f0e86751e',6598512040,6531586275,6585152617,'2013-11-28 09:32:44','2013-11-28 09:33:11',26,60,0.01500,'completed','NORMAL_CLEARING',49,37,32,14,'hangup','NORMAL_CLEARING','http://s3.amazonaws.com/recordings_2013/ff2839ae-57cc-11e3-9e7b-0026b92f9684.mp3'),(739,'2013-11-28 01:48:55','14ed0bd2-57cf-11e3-94c5-1b5c95282229',633225415733,6531586275,6585152617,'2013-11-28 09:47:47','2013-11-28 09:52:19',271,300,0.01500,'completed','NORMAL_CLEARING',49,37,32,14,'hangup','NORMAL_CLEARING','http://s3.amazonaws.com/recordings_2013/191872f0-57cf-11e3-8eb1-0026b945b52b.mp3'),(740,'2013-11-28 01:53:24','b596abce-57cf-11e3-89b8-f30f0e86751e',6598338696,6531586275,6585152617,'2013-11-28 09:52:16','2013-11-28 09:52:27',10,60,0.01500,'completed','NORMAL_CLEARING',49,37,32,14,'hangup','ORIGINATOR_CANCEL','http://s3.amazonaws.com/recordings_2013/b9c9edb4-57cf-11e3-9e7b-0026b92f9684.mp3'),(741,'2013-11-28 02:04:07','34e802dc-57d1-11e3-bc26-1b5c95282229',6593388456,6531586275,6585152617,'2013-11-28 10:02:59','2013-11-28 10:04:37',97,120,0.01500,'completed','NORMAL_CLEARING',49,37,32,14,'hangup','NORMAL_CLEARING','http://s3.amazonaws.com/recordings_2013/39205386-57d1-11e3-8eb1-0026b945b52b.mp3'),(742,'2013-11-28 02:48:08','5ae5d486-57d7-11e3-bd4b-f30f0e86751e',6581638584,6531586275,6585152617,'2013-11-28 10:47:00','2013-11-28 10:47:56',55,60,0.01500,'completed','NORMAL_CLEARING',49,37,32,14,'hangup','NORMAL_CLEARING','http://s3.amazonaws.com/recordings_2013/5f134188-57d7-11e3-9e7b-0026b92f9684.mp3'),(743,'2013-11-28 03:10:14','713e8dc4-57da-11e3-8d9f-1b5c95282229',6564578054,6531586275,6585152617,'2013-11-28 11:09:06','2013-11-28 11:10:47',100,120,0.01500,'completed','NORMAL_CLEARING',49,37,32,14,'hangup','NORMAL_CLEARING','http://s3.amazonaws.com/recordings_2013/756d8f44-57da-11e3-8eb1-0026b945b52b.mp3'),(744,'2013-11-28 03:31:01','584399c4-57dd-11e3-84d1-f30f0e86751e',653000019,6531586275,6585152617,'2013-11-28 11:29:53','2013-11-28 11:31:24',91,120,0.01500,'completed','NORMAL_CLEARING',49,37,32,14,'hangup','NORMAL_CLEARING','http://s3.amazonaws.com/recordings_2013/5c7b62ce-57dd-11e3-9e7b-0026b92f9684.mp3'),(745,'2013-11-28 04:15:15','86760178-57e3-11e3-948b-1b5c95282229',6585904716,6531586275,6585152617,'2013-11-28 12:14:07','2013-11-28 12:16:21',133,180,0.01500,'completed','NORMAL_CLEARING',49,37,32,14,'hangup','NORMAL_CLEARING','http://s3.amazonaws.com/recordings_2013/8ab04dca-57e3-11e3-8eb1-0026b945b52b.mp3'),(746,'2013-11-28 04:48:32','2c6a143a-57e8-11e3-81a7-1b5c95282229',6564776891,6531586275,6585152617,'2013-11-28 12:47:24','2013-11-28 12:47:43',18,60,0.01500,'completed','NORMAL_CLEARING',49,37,32,14,'hangup','ORIGINATOR_CANCEL','http://s3.amazonaws.com/recordings_2013/309ef282-57e8-11e3-8eb1-0026b945b52b.mp3'),(747,'2013-11-28 04:49:44','57969458-57e8-11e3-9406-f30f0e86751e',6564776891,6531586275,6585152617,'2013-11-28 12:48:36','2013-11-28 12:50:27',110,120,0.01500,'completed','NORMAL_CLEARING',49,37,32,14,'hangup','NORMAL_CLEARING','http://s3.amazonaws.com/recordings_2013/5bce018c-57e8-11e3-9e7b-0026b92f9684.mp3'),(748,'2013-11-28 05:17:48','434b1f56-57ec-11e3-9a0b-f30f0e86751e',6566013089,6531586275,6585152617,'2013-11-28 13:16:40','2013-11-28 13:16:52',11,60,0.01500,'completed','NORMAL_CLEARING',49,37,32,14,'hangup','ORIGINATOR_CANCEL','http://s3.amazonaws.com/recordings_2013/4783a048-57ec-11e3-9e7b-0026b92f9684.mp3'),(749,'2013-11-28 05:28:33','c3711ae0-57ed-11e3-854b-1b5c95282229',6567724672,6531586275,6585152617,'2013-11-28 13:27:24','2013-11-28 13:27:33',8,60,0.01500,'completed','NORMAL_CLEARING',49,37,32,14,'hangup','ORIGINATOR_CANCEL','http://s3.amazonaws.com/recordings_2013/c7affe32-57ed-11e3-8eb1-0026b945b52b.mp3'),(750,'2013-11-28 05:31:33','2ec9b6f8-57ee-11e3-9840-1b5c95282229',6591479687,6531586275,6585152617,'2013-11-28 13:30:25','2013-11-28 13:31:57',92,120,0.01500,'completed','NORMAL_CLEARING',49,37,32,14,'hangup','NORMAL_CLEARING','http://s3.amazonaws.com/recordings_2013/32f71ec8-57ee-11e3-8eb1-0026b945b52b.mp3'),(751,'2013-11-28 05:38:41','2df1abe0-57ef-11e3-8dd3-f30f0e86751e',6583329149,6531586275,6585152617,'2013-11-28 13:37:33','2013-11-28 13:39:48',134,180,0.01500,'completed','NORMAL_CLEARING',49,37,32,14,'hangup','NORMAL_CLEARING','http://s3.amazonaws.com/recordings_2013/32263924-57ef-11e3-9e7b-0026b92f9684.mp3'),(752,'2013-11-28 06:22:17','45778fa4-57f5-11e3-87ac-1b5c95282229',6583329149,6531586275,6585152617,'2013-11-28 14:21:09','2013-11-28 14:23:56',166,180,0.01500,'completed','NORMAL_CLEARING',49,37,32,14,'hangup','NORMAL_CLEARING','http://s3.amazonaws.com/recordings_2013/49a6874c-57f5-11e3-8eb1-0026b945b52b.mp3'),(753,'2013-11-28 06:31:03','7e98a9b6-57f6-11e3-a984-f30f0e86751e',6591889340,6531586275,6585152617,'2013-11-28 14:29:54','2013-11-28 14:30:56',60,60,0.01500,'completed','NORMAL_CLEARING',49,37,32,14,'hangup','NORMAL_CLEARING','http://s3.amazonaws.com/recordings_2013/82dcddda-57f6-11e3-9e7b-0026b92f9684.mp3'),(754,'2013-11-28 06:31:23','8a8fe752-57f6-11e3-abf2-f30f0e86751e',6594511546,6531586275,6585152617,'2013-11-28 14:30:14','2013-11-28 14:33:13',178,180,0.01500,'completed','NORMAL_CLEARING',49,37,32,14,'hangup','NORMAL_CLEARING','http://s3.amazonaws.com/recordings_2013/8ed813b6-57f6-11e3-9e7b-0026b92f9684.mp3'),(755,'2013-11-28 06:35:05','0f50d262-57f7-11e3-8bf1-1b5c95282229',6567331352,6531586275,6585152617,'2013-11-28 14:33:57','2013-11-28 14:36:16',138,180,0.01500,'completed','NORMAL_CLEARING',49,37,32,14,'hangup','NORMAL_CLEARING','http://s3.amazonaws.com/recordings_2013/1395c0f8-57f7-11e3-8eb1-0026b945b52b.mp3'),(756,'2013-11-28 06:37:05','568e91aa-57f7-11e3-87df-f30f0e86751e',6598166040,6531586275,6585152617,'2013-11-28 14:35:57','2013-11-28 14:38:12',135,180,0.01500,'completed','NORMAL_CLEARING',49,37,32,14,'hangup','NORMAL_CLEARING','http://s3.amazonaws.com/recordings_2013/5ab7a0f0-57f7-11e3-9e7b-0026b92f9684.mp3'),(757,'2013-11-28 06:45:13','79a8c79a-57f8-11e3-8a67-1b5c95282229',6591252516,6531586275,6585152617,'2013-11-28 14:44:05','2013-11-28 14:46:18',132,180,0.01500,'completed','NORMAL_CLEARING',49,37,32,14,'hangup','NORMAL_CLEARING','http://s3.amazonaws.com/recordings_2013/7dd79ada-57f8-11e3-8eb1-0026b945b52b.mp3'),(758,'2013-11-28 06:51:43','619a352a-57f9-11e3-9927-f30f0e86751e',6564979771,6531586275,6585152617,'2013-11-28 14:50:34','2013-11-28 14:52:12',97,120,0.01500,'completed','NORMAL_CLEARING',49,37,32,14,'hangup','NORMAL_CLEARING','http://s3.amazonaws.com/recordings_2013/65d46f5c-57f9-11e3-9e7b-0026b92f9684.mp3'),(759,'2013-11-28 07:28:31','8632f7c8-57fe-11e3-a339-1b5c95282229',653000019,6531586275,6585152617,'2013-11-28 15:27:23','2013-11-28 15:28:18',54,60,0.01500,'completed','NORMAL_CLEARING',49,37,32,14,'hangup','NORMAL_CLEARING','http://s3.amazonaws.com/recordings_2013/8a621a0e-57fe-11e3-8eb1-0026b945b52b.mp3'),(760,'2013-11-28 07:48:56','602ee57a-5801-11e3-983a-1b5c95282229',6583583346,6531586275,6585152617,'2013-11-28 15:47:48','2013-11-28 15:51:12',203,240,0.01500,'completed','NORMAL_CLEARING',49,37,32,14,'hangup','NORMAL_CLEARING','http://s3.amazonaws.com/recordings_2013/6451c71c-5801-11e3-8eb1-0026b945b52b.mp3'),(761,'2013-11-28 08:31:00','405632fc-5807-11e3-b22c-f30f0e86751e',6592348228,6531586275,6585152617,'2013-11-28 16:29:51','2013-11-28 16:30:20',28,60,0.01500,'completed','NORMAL_CLEARING',49,37,32,14,'hangup','ORIGINATOR_CANCEL','http://s3.amazonaws.com/recordings_2013/4483df78-5807-11e3-9e7b-0026b92f9684.mp3'),(762,'2013-11-28 08:54:54','976f0aa2-580a-11e3-baac-f30f0e86751e',6581889066,6531586275,6585152617,'2013-11-28 16:53:46','2013-11-28 16:54:31',44,60,0.01500,'completed','NORMAL_CLEARING',49,37,32,14,'hangup','NORMAL_CLEARING','http://s3.amazonaws.com/recordings_2013/9bb6afa2-580a-11e3-9e7b-0026b92f9684.mp3'),(763,'2013-11-28 09:19:09','fa741842-580d-11e3-890d-1b5c95282229',6566459677,6531586275,6585152617,'2013-11-28 17:18:01','2013-11-28 17:18:34',33,60,0.01500,'completed','NORMAL_CLEARING',49,37,32,14,'hangup','NORMAL_CLEARING','http://s3.amazonaws.com/recordings_2013/febec1fe-580d-11e3-8eb1-0026b945b52b.mp3'),(764,'2013-11-28 09:19:30','06c67400-580e-11e3-8c46-1b5c95282229',6566459677,6531586275,6585152617,'2013-11-28 17:18:21','2013-11-28 17:18:44',22,60,0.01500,'completed','NORMAL_CLEARING',49,37,32,14,'hangup','ORIGINATOR_CANCEL','http://s3.amazonaws.com/recordings_2013/0af14b90-580e-11e3-8eb1-0026b945b52b.mp3'),(765,'2013-11-28 10:01:01','d3f1a5e4-5813-11e3-8a77-f30f0e86751e',6596827947,6531586275,6585152617,'2013-11-28 17:59:53','2013-11-28 18:03:44',230,240,0.01500,'completed','NORMAL_CLEARING',49,37,32,14,'hangup','NORMAL_CLEARING','http://s3.amazonaws.com/recordings_2013/d82bb690-5813-11e3-9e7b-0026b92f9684.mp3'),(766,'2013-11-28 10:05:48','7e895af6-5814-11e3-baa8-1b5c95282229',6531578905,6531586275,6585152617,'2013-11-28 18:04:39','2013-11-28 18:04:59',19,60,0.01500,'completed','NORMAL_CLEARING',49,37,32,14,'hangup','USER_BUSY','http://s3.amazonaws.com/recordings_2013/82bdb388-5814-11e3-8eb1-0026b945b52b.mp3'),(767,'2013-11-28 10:25:02','2e61eb3a-5817-11e3-b15e-f30f0e86751e',6596746699,6531586275,6585152617,'2013-11-28 18:23:53','2013-11-28 18:26:14',140,180,0.01500,'completed','NORMAL_CLEARING',49,37,32,14,'hangup','NORMAL_CLEARING','http://s3.amazonaws.com/recordings_2013/3297b9dc-5817-11e3-9e7b-0026b92f9684.mp3'),(768,'2013-11-28 10:41:46','84feae9a-5819-11e3-873c-1b5c95282229',6590917007,6531586275,6585152617,'2013-11-28 18:40:38','2013-11-28 18:43:20',162,180,0.01500,'completed','NORMAL_CLEARING',49,37,32,14,'hangup','NORMAL_CLEARING','http://s3.amazonaws.com/recordings_2013/892cf4fe-5819-11e3-8eb1-0026b945b52b.mp3'),(769,'2013-11-28 11:23:04','4a0595d2-581f-11e3-b2f0-1b5c95282229',6597427148,6531586275,6585152617,'2013-11-28 19:21:56','2013-11-28 19:22:00',3,60,0.01500,'completed','NORMAL_CLEARING',49,37,32,14,NULL,NULL,NULL),(770,'2013-11-28 11:23:26','57280dc6-581f-11e3-9a63-f30f0e86751e',6597427148,6531586275,6585152617,'2013-11-28 19:22:18','2013-11-28 19:22:26',8,60,0.01500,'completed','NORMAL_CLEARING',49,37,32,14,'hangup','ORIGINATOR_CANCEL','http://s3.amazonaws.com/recordings_2013/5b5acb9a-581f-11e3-9e7b-0026b92f9684.mp3'),(771,'2013-11-28 11:41:39','e2578b7c-5821-11e3-a572-f30f0e86751e',6581809409,6531586275,6585152617,'2013-11-28 19:40:30','2013-11-28 19:45:21',290,300,0.01500,'completed','NORMAL_CLEARING',49,37,32,14,'hangup','NORMAL_CLEARING','http://s3.amazonaws.com/recordings_2013/e686aaa2-5821-11e3-9e7b-0026b92f9684.mp3'),(772,'2013-11-28 12:02:59','dd953438-5824-11e3-8b45-1b5c95282229',6583132667,6531586275,6585152617,'2013-11-28 20:01:51','2013-11-28 20:04:14',143,180,0.01500,'completed','NORMAL_CLEARING',49,37,32,14,'hangup','NORMAL_CLEARING','http://s3.amazonaws.com/recordings_2013/e1c71896-5824-11e3-8eb1-0026b945b52b.mp3'),(773,'2013-11-28 12:44:03','9a5de646-582a-11e3-be7d-f30f0e86751e',6583132667,6531586275,6585152617,'2013-11-28 20:42:55','2013-11-28 20:46:45',229,240,0.01500,'completed','NORMAL_CLEARING',49,37,32,14,'hangup','NORMAL_CLEARING','http://s3.amazonaws.com/recordings_2013/9e8d95a4-582a-11e3-9e7b-0026b92f9684.mp3'),(774,'2013-11-28 23:47:45','517171c0-5887-11e3-8aba-1b5c95282229',6562420292,6531586275,6585152617,'2013-11-29 07:46:36','2013-11-29 07:50:31',235,240,0.01500,'completed','NORMAL_CLEARING',49,37,32,14,'hangup','NORMAL_CLEARING','http://s3.amazonaws.com/recordings_2013/5594f628-5887-11e3-8eb1-0026b945b52b.mp3'),(775,'2013-11-29 00:13:19','e385e4c6-588a-11e3-9ffe-f30f0e86751e',6594601899,6531586275,6585152617,'2013-11-29 08:12:09','2013-11-29 08:12:31',21,60,0.01500,'completed','NORMAL_CLEARING',49,37,32,14,'hangup','ORIGINATOR_CANCEL','http://s3.amazonaws.com/recordings_2013/e8a4da02-588a-11e3-9e7b-0026b92f9684.mp3'),(776,'2013-11-29 00:45:22','5dd93878-588f-11e3-b4b2-1b5c95282229',6567374558,6531586275,6585152617,'2013-11-29 08:44:12','2013-11-29 08:45:22',68,120,0.01500,'completed','NORMAL_CLEARING',49,37,32,14,'hangup','NORMAL_CLEARING','http://s3.amazonaws.com/recordings_2013/62175028-588f-11e3-8eb1-0026b945b52b.mp3'),(777,'2013-11-29 00:45:42','6a1f2aac-588f-11e3-9fbb-f30f0e86751e',0,6531586275,6585152617,'2013-11-29 08:44:33','2013-11-29 08:45:02',28,60,0.01500,'completed','NORMAL_CLEARING',49,37,32,14,'hangup','NORMAL_CLEARING','http://s3.amazonaws.com/recordings_2013/6e500240-588f-11e3-9e7b-0026b92f9684.mp3'),(778,'2013-11-29 01:05:50','39ecdc8c-5892-11e3-820b-f30f0e86751e',6567374558,6531586275,6585152617,'2013-11-29 09:04:41','2013-11-29 09:07:54',193,240,0.01500,'completed','NORMAL_CLEARING',49,37,32,14,'hangup','NORMAL_CLEARING','http://s3.amazonaws.com/recordings_2013/3e1c22e0-5892-11e3-9e7b-0026b92f9684.mp3'),(779,'2013-11-29 01:35:39','646f7a06-5896-11e3-acac-1b5c95282229',6598561055,6531586275,6585152617,'2013-11-29 09:34:30','2013-11-29 09:37:53',202,240,0.01500,'completed','NORMAL_CLEARING',49,37,32,14,'hangup','NORMAL_CLEARING','http://s3.amazonaws.com/recordings_2013/68a61c06-5896-11e3-8eb1-0026b945b52b.mp3'),(780,'2013-11-29 01:43:36','805fcefe-5897-11e3-8536-1b5c95282229',0,6531586275,6585152617,'2013-11-29 09:42:26','2013-11-29 09:45:48',201,240,0.01500,'completed','NORMAL_CLEARING',49,37,32,14,'hangup','NORMAL_CLEARING','http://s3.amazonaws.com/recordings_2013/848e69cc-5897-11e3-8eb1-0026b945b52b.mp3'),(781,'2013-11-29 02:16:50','2520b774-589c-11e3-894e-f30f0e86751e',6590666595,6531586275,6585152617,'2013-11-29 10:15:41','2013-11-29 10:20:08',267,300,0.01500,'completed','NORMAL_CLEARING',49,37,32,14,'hangup','NORMAL_CLEARING','http://s3.amazonaws.com/recordings_2013/2945789e-589c-11e3-9e7b-0026b92f9684.mp3'),(782,'2013-11-29 02:53:00','327c672e-58a1-11e3-b473-1b5c95282229',6590853992,6531586275,6585152617,'2013-11-29 10:51:51','2013-11-29 10:51:59',7,60,0.01500,'completed','NORMAL_CLEARING',49,37,32,14,'hangup','NORMAL_TEMPORARY_FAILURE','http://s3.amazonaws.com/recordings_2013/36aff522-58a1-11e3-8eb1-0026b945b52b.mp3'),(783,'2013-11-29 02:53:22','3f851268-58a1-11e3-834c-f30f0e86751e',6590853992,6531586275,6585152617,'2013-11-29 10:52:13','2013-11-29 10:52:21',7,60,0.01500,'completed','NORMAL_CLEARING',49,37,32,14,'hangup','NORMAL_TEMPORARY_FAILURE','http://s3.amazonaws.com/recordings_2013/43ba36b0-58a1-11e3-9e7b-0026b92f9684.mp3'),(784,'2013-11-29 03:11:21','c26cdb5a-58a3-11e3-bb79-1b5c95282229',6590469833,6531586275,6585152617,'2013-11-29 11:10:11','2013-11-29 11:11:07',55,60,0.01500,'completed','NORMAL_CLEARING',49,37,32,14,'hangup','NORMAL_CLEARING','http://s3.amazonaws.com/recordings_2013/c69b2a10-58a3-11e3-8eb1-0026b945b52b.mp3'),(785,'2013-11-29 03:30:24','6c320cda-58a6-11e3-9406-1b5c95282229',6590853992,6531586275,6585152617,'2013-11-29 11:29:15','2013-11-29 11:32:39',204,240,0.01500,'completed','NORMAL_CLEARING',49,37,32,14,'hangup','NORMAL_CLEARING','http://s3.amazonaws.com/recordings_2013/7063af66-58a6-11e3-8eb1-0026b945b52b.mp3'),(786,'2013-11-29 03:34:08','f14aa828-58a6-11e3-bcdc-f30f0e86751e',653000019,6531586275,6585152617,'2013-11-29 11:32:58','2013-11-29 11:33:06',7,60,0.01500,'completed','NORMAL_CLEARING',49,37,32,14,'hangup','NORMAL_TEMPORARY_FAILURE','http://s3.amazonaws.com/recordings_2013/f57ab8d4-58a6-11e3-9e7b-0026b92f9684.mp3'),(787,'2013-11-29 03:34:29','fd920a0e-58a6-11e3-a7f0-1b5c95282229',653000019,6531586275,6585152617,'2013-11-29 11:33:19','2013-11-29 11:33:27',7,60,0.01500,'completed','NORMAL_CLEARING',49,37,32,14,'hangup','NORMAL_TEMPORARY_FAILURE','http://s3.amazonaws.com/recordings_2013/01db4314-58a7-11e3-8eb1-0026b945b52b.mp3'),(788,'2013-11-29 03:34:43','061b8ae2-58a7-11e3-bfdf-f30f0e86751e',653000019,6531586275,6585152617,'2013-11-29 11:33:33','2013-11-29 11:33:57',23,60,0.01500,'completed','NORMAL_CLEARING',49,37,32,14,'hangup','NORMAL_CLEARING','http://s3.amazonaws.com/recordings_2013/0a4d1388-58a7-11e3-9e7b-0026b92f9684.mp3'),(789,'2013-11-29 03:36:46','4f46dd70-58a7-11e3-899e-f30f0e86751e',6596672967,6531586275,6585152617,'2013-11-29 11:35:36','2013-11-29 11:38:12',155,180,0.01500,'completed','NORMAL_CLEARING',49,37,32,14,'hangup','NORMAL_CLEARING','http://s3.amazonaws.com/recordings_2013/537c25e4-58a7-11e3-9e7b-0026b92f9684.mp3'),(790,'2013-11-29 04:10:20','fff3f92e-58ab-11e3-b754-f30f0e86751e',6591818826,6531586275,6585152617,'2013-11-29 12:09:10','2013-11-29 12:09:55',44,60,0.01500,'completed','NORMAL_CLEARING',49,37,32,14,'hangup','NORMAL_CLEARING','http://s3.amazonaws.com/recordings_2013/042edf22-58ac-11e3-9e7b-0026b92f9684.mp3'),(791,'2013-11-29 04:15:02','a7fe2770-58ac-11e3-96f7-f30f0e86751e',6565237236,6531586275,6585152617,'2013-11-29 12:13:52','2013-11-29 12:14:54',60,60,0.01500,'completed','NORMAL_CLEARING',49,37,32,14,'hangup','NORMAL_CLEARING','http://s3.amazonaws.com/recordings_2013/ac4c883a-58ac-11e3-9e7b-0026b92f9684.mp3'),(792,'2013-11-29 05:35:17','de2c11d0-58b7-11e3-8d00-1b5c95282229',6583382513,6531586275,6585152617,'2013-11-29 13:34:08','2013-11-29 13:36:36',148,180,0.01500,'completed','NORMAL_CLEARING',49,37,32,14,'hangup','NORMAL_CLEARING','http://s3.amazonaws.com/recordings_2013/e25a5640-58b7-11e3-8eb1-0026b945b52b.mp3'),(793,'2013-11-29 05:38:17','493a3754-58b8-11e3-9f91-1b5c95282229',6593225657,6531586275,6585152617,'2013-11-29 13:37:07','2013-11-29 13:39:28',140,180,0.01500,'completed','NORMAL_CLEARING',49,37,32,14,'hangup','NORMAL_CLEARING','http://s3.amazonaws.com/recordings_2013/4d63d3b2-58b8-11e3-8eb1-0026b945b52b.mp3'),(794,'2013-11-29 06:39:46','dfdb8ebc-58c0-11e3-82cc-f30f0e86751e',6583785292,6531586275,6585152617,'2013-11-29 14:38:36','2013-11-29 14:40:24',108,120,0.01500,'completed','NORMAL_CLEARING',49,37,32,14,'hangup','NORMAL_CLEARING','http://s3.amazonaws.com/recordings_2013/e412773e-58c0-11e3-9e7b-0026b92f9684.mp3'),(795,'2013-11-29 06:52:49','b26a8f44-58c2-11e3-b6e0-1b5c95282229',653000019,6531586275,6585152617,'2013-11-29 14:51:39','2013-11-29 14:53:30',110,120,0.01500,'completed','NORMAL_CLEARING',49,37,32,14,'hangup','NORMAL_CLEARING','http://s3.amazonaws.com/recordings_2013/b7b1439e-58c2-11e3-8eb1-0026b945b52b.mp3'),(796,'2013-11-29 07:27:10','7eec83f2-58c7-11e3-8470-f30f0e86751e',6562828733,6531586275,6585152617,'2013-11-29 15:26:00','2013-11-29 15:30:57',296,300,0.01500,'completed','NORMAL_CLEARING',49,37,32,14,'hangup','NORMAL_CLEARING','http://s3.amazonaws.com/recordings_2013/831a81ae-58c7-11e3-9e7b-0026b92f9684.mp3'),(797,'2013-11-29 07:34:33','872e3bea-58c8-11e3-aeea-f30f0e86751e',6584481314,6531586275,6585152617,'2013-11-29 15:33:23','2013-11-29 15:33:34',10,60,0.01500,'completed','NORMAL_CLEARING',49,37,32,14,'hangup','ORIGINATOR_CANCEL','http://s3.amazonaws.com/recordings_2013/8b5f9da8-58c8-11e3-9e7b-0026b92f9684.mp3'),(798,'2013-11-29 07:35:08','9c1ee37e-58c8-11e3-bb4b-1b5c95282229',6584481314,6531586275,6585152617,'2013-11-29 15:33:58','2013-11-29 15:36:52',173,180,0.01500,'completed','NORMAL_CLEARING',49,37,32,14,'hangup','NORMAL_CLEARING','http://s3.amazonaws.com/recordings_2013/a04ecf22-58c8-11e3-8eb1-0026b945b52b.mp3'),(799,'2013-11-29 07:37:40','f678a6f2-58c8-11e3-8075-f30f0e86751e',6593378003,6531586275,6585152617,'2013-11-29 15:36:30','2013-11-29 15:37:08',38,60,0.01500,'completed','NORMAL_CLEARING',49,37,32,14,'hangup','NORMAL_CLEARING','http://s3.amazonaws.com/recordings_2013/faabe20c-58c8-11e3-9e7b-0026b92f9684.mp3'),(800,'2013-11-29 08:07:26','1f302396-58cd-11e3-8c01-1b5c95282229',6598719260,6531586275,6585152617,'2013-11-29 16:06:16','2013-11-29 16:06:23',6,60,0.01500,'completed','NORMAL_CLEARING',49,37,32,14,NULL,NULL,NULL),(801,'2013-11-29 08:13:10','ec1264be-58cd-11e3-b9bf-1b5c95282229',6582929378,6531586275,6585152617,'2013-11-29 16:12:00','2013-11-29 16:12:43',42,60,0.01500,'completed','NORMAL_CLEARING',49,37,32,14,'hangup','NORMAL_CLEARING','http://s3.amazonaws.com/recordings_2013/f042c6e6-58cd-11e3-8eb1-0026b945b52b.mp3'),(802,'2013-11-29 08:14:29','1b9a39dc-58ce-11e3-a98d-f30f0e86751e',6582929378,6531586275,6585152617,'2013-11-29 16:13:20','2013-11-29 16:15:48',148,180,0.01500,'completed','NORMAL_CLEARING',49,37,32,14,'hangup','NORMAL_CLEARING','http://s3.amazonaws.com/recordings_2013/1fcf46a0-58ce-11e3-9e7b-0026b92f9684.mp3'),(803,'2013-11-29 08:24:19','7afdf566-58cf-11e3-842a-1b5c95282229',6563251491,6531586275,6585152617,'2013-11-29 16:23:09','2013-11-29 16:23:17',7,60,0.01500,'completed','NORMAL_CLEARING',49,37,32,14,'hangup','NORMAL_TEMPORARY_FAILURE','http://s3.amazonaws.com/recordings_2013/7f2e8af6-58cf-11e3-8eb1-0026b945b52b.mp3'),(804,'2013-11-29 08:26:33','caccf3f8-58cf-11e3-91dd-1b5c95282229',6563251491,6531586275,6585152617,'2013-11-29 16:25:23','2013-11-29 16:28:15',171,180,0.01500,'completed','NORMAL_CLEARING',49,37,32,14,'hangup','NORMAL_CLEARING','http://s3.amazonaws.com/recordings_2013/cf054a06-58cf-11e3-8eb1-0026b945b52b.mp3'),(805,'2013-11-29 08:29:16','2c1ff4de-58d0-11e3-8ab5-f30f0e86751e',6563640981,6531586275,6585152617,'2013-11-29 16:28:06','2013-11-29 16:32:08',240,240,0.01500,'completed','NORMAL_CLEARING',49,37,32,14,'hangup','NORMAL_CLEARING','http://s3.amazonaws.com/recordings_2013/3058df0c-58d0-11e3-9e7b-0026b92f9684.mp3'),(806,'2013-11-29 08:49:23','fb8f5c80-58d2-11e3-b618-1b5c95282229',6593889973,6531586275,6585152617,'2013-11-29 16:48:13','2013-11-29 16:48:36',22,60,0.01500,'completed','NORMAL_CLEARING',49,37,32,14,'hangup','ORIGINATOR_CANCEL','http://s3.amazonaws.com/recordings_2013/ffc808ba-58d2-11e3-8eb1-0026b945b52b.mp3'),(807,'2013-11-29 09:50:30','8551aac4-58db-11e3-ad27-f30f0e86751e',6563693629,6531586275,6585152617,'2013-11-29 17:49:20','2013-11-29 17:51:38',137,180,0.01500,'completed','NORMAL_CLEARING',49,37,32,14,'hangup','NORMAL_CLEARING','http://s3.amazonaws.com/recordings_2013/89843e2c-58db-11e3-9e7b-0026b92f9684.mp3'),(808,'2013-11-29 10:04:02','68c75b90-58dd-11e3-8818-f30f0e86751e',6531571283,6531586275,6585152617,'2013-11-29 18:02:52','2013-11-29 18:03:17',24,60,0.01500,'completed','NORMAL_CLEARING',49,37,32,14,'hangup','ORIGINATOR_CANCEL','http://s3.amazonaws.com/recordings_2013/6cf99228-58dd-11e3-9e7b-0026b92f9684.mp3'),(809,'2013-11-29 10:21:18','d28f37ee-58df-11e3-862e-f30f0e86751e',6590889556,6531586275,6585152617,'2013-11-29 18:20:08','2013-11-29 18:23:54',226,240,0.01500,'completed','NORMAL_CLEARING',49,37,32,14,'hangup','NORMAL_CLEARING','http://s3.amazonaws.com/recordings_2013/d6bc598c-58df-11e3-9e7b-0026b92f9684.mp3'),(810,'2013-11-29 10:31:01','2de854c6-58e1-11e3-8f2c-1b5c95282229',6531571283,6531586275,6585152617,'2013-11-29 18:29:51','2013-11-29 18:30:18',27,60,0.01500,'completed','NORMAL_CLEARING',49,37,32,14,'hangup','NORMAL_CLEARING','http://s3.amazonaws.com/recordings_2013/32160d68-58e1-11e3-8eb1-0026b945b52b.mp3'),(811,'2013-11-29 10:37:03','05890ace-58e2-11e3-82a8-f30f0e86751e',6597870368,6531586275,6585152617,'2013-11-29 18:35:53','2013-11-29 18:40:26',272,300,0.01500,'completed','NORMAL_CLEARING',49,37,32,14,'hangup','NORMAL_CLEARING','http://s3.amazonaws.com/recordings_2013/09c1c248-58e2-11e3-9e7b-0026b92f9684.mp3'),(812,'2013-11-29 12:32:16','1e3a770a-58f2-11e3-9119-f30f0e86751e',0,6531586275,6585152617,'2013-11-29 20:31:06','2013-11-29 20:37:08',361,420,0.01500,'completed','NORMAL_CLEARING',49,37,32,14,'hangup','NORMAL_CLEARING','http://s3.amazonaws.com/recordings_2013/226c616c-58f2-11e3-9e7b-0026b92f9684.mp3'),(813,'2013-11-29 12:47:44','470f3ac4-58f4-11e3-8731-1b5c95282229',6590274451,6531586275,6585152617,'2013-11-29 20:46:33','2013-11-29 20:50:53',259,300,0.01500,'completed','NORMAL_CLEARING',49,37,32,14,'hangup','NORMAL_CLEARING','http://s3.amazonaws.com/recordings_2013/4b4bedee-58f4-11e3-8eb1-0026b945b52b.mp3'),(814,'2013-11-29 14:47:50','0e15d406-5905-11e3-a77e-1b5c95282229',6596444460,6531586275,6585152617,'2013-11-29 22:46:39','2013-11-29 22:46:52',12,60,0.01500,'completed','NORMAL_CLEARING',49,37,32,14,'hangup','ORIGINATOR_CANCEL','http://s3.amazonaws.com/recordings_2013/1257c1aa-5905-11e3-8eb1-0026b945b52b.mp3'),(815,'2013-11-29 17:12:53','51abddf0-5919-11e3-9013-f30f0e86751e',6590294813,6531586275,6585152617,'2013-11-30 01:11:43','2013-11-30 01:12:35',52,60,0.01500,'completed','NORMAL_CLEARING',49,37,32,14,'hangup','NORMAL_CLEARING','http://s3.amazonaws.com/recordings_2013/55d20198-5919-11e3-9e7b-0026b92f9684.mp3'),(816,'2013-11-30 01:23:26','d8e81268-595d-11e3-a1d7-f30f0e86751e',6597519324,6531586275,6585152617,'2013-11-30 09:22:15','2013-11-30 09:25:08',172,180,0.01500,'completed','NORMAL_CLEARING',49,37,32,14,'hangup','NORMAL_CLEARING','http://s3.amazonaws.com/recordings_2013/de06bc90-595d-11e3-9e7b-0026b92f9684.mp3'),(817,'2013-11-30 01:31:37','fd654812-595e-11e3-88b4-1b5c95282229',6563192303,6531586275,6585152617,'2013-11-30 09:30:26','2013-11-30 09:30:34',7,60,0.01500,'completed','NORMAL_CLEARING',49,37,32,14,'hangup','NORMAL_TEMPORARY_FAILURE','http://s3.amazonaws.com/recordings_2013/019079de-595f-11e3-8eb1-0026b945b52b.mp3'),(818,'2013-11-30 01:32:09','1057ef38-595f-11e3-8a5a-1b5c95282229',6563192303,6531586275,6585152617,'2013-11-30 09:30:58','2013-11-30 09:31:04',6,60,0.01500,'completed','NORMAL_CLEARING',49,37,32,14,NULL,NULL,NULL),(819,'2013-11-30 01:44:35','cd451110-5960-11e3-96aa-f30f0e86751e',6586067052,6531586275,6585152617,'2013-11-30 09:43:24','2013-11-30 09:46:42',197,240,0.01500,'completed','NORMAL_CLEARING',49,37,32,14,'hangup','NORMAL_CLEARING','http://s3.amazonaws.com/recordings_2013/d17435fe-5960-11e3-9e7b-0026b92f9684.mp3'),(820,'2013-11-30 01:47:59','46c624ac-5961-11e3-b114-1b5c95282229',6591016985,6531586275,6585152617,'2013-11-30 09:46:48','2013-11-30 09:48:31',103,120,0.01500,'completed','NORMAL_CLEARING',49,37,32,14,'hangup','NORMAL_CLEARING','http://s3.amazonaws.com/recordings_2013/4aefabc0-5961-11e3-8eb1-0026b945b52b.mp3'),(821,'2013-11-30 02:43:49','13995092-5969-11e3-9296-f30f0e86751e',6566993369,6531586275,6585152617,'2013-11-30 10:42:38','2013-11-30 10:45:38',179,180,0.01500,'completed','NORMAL_CLEARING',49,37,32,14,'hangup','NORMAL_CLEARING','http://s3.amazonaws.com/recordings_2013/17c9ca0c-5969-11e3-9e7b-0026b92f9684.mp3'),(822,'2013-11-30 03:29:22','70689070-596f-11e3-8cf4-1b5c95282229',6598556818,6531586275,6585152617,'2013-11-30 11:28:11','2013-11-30 11:30:21',129,180,0.01500,'completed','NORMAL_CLEARING',49,37,32,14,'hangup','NORMAL_CLEARING','http://s3.amazonaws.com/recordings_2013/74a41b78-596f-11e3-8eb1-0026b945b52b.mp3'),(823,'2013-11-30 03:45:37','b57aa7c8-5971-11e3-99d1-f30f0e86751e',6590091951,6531586275,6585152617,'2013-11-30 11:44:26','2013-11-30 11:46:12',106,120,0.01500,'completed','NORMAL_CLEARING',49,37,32,14,'hangup','NORMAL_CLEARING','http://s3.amazonaws.com/recordings_2013/b9b08e02-5971-11e3-9e7b-0026b92f9684.mp3'),(824,'2013-11-30 03:52:34','ae4ccc28-5972-11e3-b8ab-f30f0e86751e',6585895178,6531586275,6585152617,'2013-11-30 11:51:23','2013-11-30 11:52:20',56,60,0.01500,'completed','NORMAL_CLEARING',49,37,32,14,'hangup','NORMAL_CLEARING','http://s3.amazonaws.com/recordings_2013/b2855706-5972-11e3-9e7b-0026b92f9684.mp3'),(825,'2013-11-30 04:06:28','9f0a9248-5974-11e3-993c-1b5c95282229',6594551651,6531586275,6585152617,'2013-11-30 12:05:17','2013-11-30 12:06:14',57,60,0.01500,'completed','NORMAL_CLEARING',49,37,32,14,'hangup','NORMAL_CLEARING','http://s3.amazonaws.com/recordings_2013/a35bef7c-5974-11e3-8eb1-0026b945b52b.mp3'),(826,'2013-11-30 04:40:14','56a979ec-5979-11e3-a7fc-f30f0e86751e',6563100579,6531586275,6585152617,'2013-11-30 12:39:03','2013-11-30 12:40:01',57,60,0.01500,'completed','NORMAL_CLEARING',49,37,32,14,'hangup','NORMAL_CLEARING','http://s3.amazonaws.com/recordings_2013/5ad8a114-5979-11e3-9e7b-0026b92f9684.mp3'),(827,'2013-11-30 05:16:39','6d568d10-597e-11e3-a40e-1b5c95282229',6584319680,6531586275,6585152617,'2013-11-30 13:15:28','2013-11-30 13:16:22',53,60,0.01500,'completed','NORMAL_CLEARING',49,37,32,14,'hangup','NORMAL_CLEARING','http://s3.amazonaws.com/recordings_2013/718e9db4-597e-11e3-8eb1-0026b945b52b.mp3'),(828,'2013-11-30 05:56:48','08bb877e-5984-11e3-bf1b-f30f0e86751e',6596326215,6531586275,6585152617,'2013-11-30 13:55:36','2013-11-30 13:56:07',30,60,0.01500,'completed','NORMAL_CLEARING',49,37,32,14,'hangup','ORIGINATOR_CANCEL','http://s3.amazonaws.com/recordings_2013/0cf5caf2-5984-11e3-9e7b-0026b92f9684.mp3'),(829,'2013-11-30 06:06:35','6718b5d4-5985-11e3-b8dc-1b5c95282229',6590058500,6531586275,6585152617,'2013-11-30 14:05:24','2013-11-30 14:06:21',56,60,0.01500,'completed','NORMAL_CLEARING',49,37,32,14,'hangup','NORMAL_CLEARING','http://s3.amazonaws.com/recordings_2013/6b4aaaae-5985-11e3-8eb1-0026b945b52b.mp3'),(830,'2013-11-30 06:12:56','49d5966c-5986-11e3-9dc0-f30f0e86751e',6590058500,6531586275,6585152617,'2013-11-30 14:11:45','2013-11-30 14:11:54',9,60,0.01500,'completed','NORMAL_CLEARING',49,37,32,14,'hangup','ORIGINATOR_CANCEL','http://s3.amazonaws.com/recordings_2013/4e0ac2a2-5986-11e3-9e7b-0026b92f9684.mp3'),(831,'2013-11-30 07:38:38','42dda5aa-5992-11e3-b2ec-1b5c95282229',6581883285,6531586275,6585152617,'2013-11-30 15:37:27','2013-11-30 15:37:58',30,60,0.01500,'completed','NORMAL_CLEARING',49,37,32,14,'hangup','ORIGINATOR_CANCEL','http://s3.amazonaws.com/recordings_2013/47f2c912-5992-11e3-8eb1-0026b945b52b.mp3'),(832,'2013-11-30 07:39:24','5ddf4ef8-5992-11e3-baf1-f30f0e86751e',6581883285,6531586275,6585152617,'2013-11-30 15:38:12','2013-11-30 15:39:05',52,60,0.01500,'completed','NORMAL_CLEARING',49,37,32,14,'hangup','NORMAL_CLEARING','http://s3.amazonaws.com/recordings_2013/62144564-5992-11e3-9e7b-0026b92f9684.mp3'),(833,'2013-11-30 07:58:54','1758d618-5995-11e3-a332-1b5c95282229',6597962905,6531586275,6585152617,'2013-11-30 15:57:42','2013-11-30 15:58:14',30,60,0.01500,'completed','NORMAL_CLEARING',49,37,32,14,'hangup','ORIGINATOR_CANCEL','http://s3.amazonaws.com/recordings_2013/1b88d6d4-5995-11e3-8eb1-0026b945b52b.mp3'),(834,'2013-11-30 10:54:03','8f294cdc-59ad-11e3-b023-f30f0e86751e',6597262847,6531586275,6585152617,'2013-11-30 18:52:51','2013-11-30 18:53:32',40,60,0.01500,'completed','NORMAL_CLEARING',49,37,32,14,'hangup','NORMAL_CLEARING','http://s3.amazonaws.com/recordings_2013/935f9900-59ad-11e3-9e7b-0026b92f9684.mp3'),(835,'2013-11-30 11:02:25','bac51b86-59ae-11e3-969a-1b5c95282229',6597364941,6531586275,6585152617,'2013-11-30 19:01:14','2013-11-30 19:01:42',28,60,0.01500,'completed','NORMAL_CLEARING',49,37,32,14,'hangup','ORIGINATOR_CANCEL','http://s3.amazonaws.com/recordings_2013/beed8554-59ae-11e3-8eb1-0026b945b52b.mp3'),(836,'2013-11-30 12:25:26','537261bc-59ba-11e3-972c-f30f0e86751e',6568469244,6531586275,6585152617,'2013-11-30 20:24:15','2013-11-30 20:25:09',54,60,0.01500,'completed','NORMAL_CLEARING',49,37,32,14,'hangup','NORMAL_CLEARING','http://s3.amazonaws.com/recordings_2013/57a4ee30-59ba-11e3-9e7b-0026b92f9684.mp3'),(837,'2013-11-30 14:25:06','0ab96a54-59cb-11e3-8271-f30f0e86751e',6563546354,6531586275,6585152617,'2013-11-30 22:23:54','2013-11-30 22:24:24',29,60,0.01500,'completed','NORMAL_CLEARING',49,37,32,14,'hangup','ORIGINATOR_CANCEL','http://s3.amazonaws.com/recordings_2013/0f00cbde-59cb-11e3-9e7b-0026b92f9684.mp3'),(838,'2013-11-30 15:08:38','1f7679c2-59d1-11e3-9ab4-1b5c95282229',6597218843,6531586275,6585152617,'2013-11-30 23:07:26','2013-11-30 23:08:16',49,60,0.01500,'completed','NORMAL_CLEARING',49,37,32,14,'hangup','NORMAL_CLEARING','http://s3.amazonaws.com/recordings_2013/23ac0278-59d1-11e3-8eb1-0026b945b52b.mp3'),(839,'2013-11-30 15:41:29','b6b61bf4-59d5-11e3-8c6f-f30f0e86751e',6597776222,6531586275,6585152617,'2013-11-30 23:40:17','2013-11-30 23:41:11',53,60,0.01500,'completed','NORMAL_CLEARING',49,37,32,14,'hangup','NORMAL_CLEARING','http://s3.amazonaws.com/recordings_2013/baef61a8-59d5-11e3-9e7b-0026b92f9684.mp3'),(840,'2013-12-01 01:15:23','e24efc18-5a25-11e3-abe1-1b5c95282229',6593796623,6531586275,6585152617,'2013-12-01 09:14:10','2013-12-01 09:14:44',33,60,0.01500,'completed','NORMAL_CLEARING',49,37,32,14,'hangup','ORIGINATOR_CANCEL','http://s3.amazonaws.com/recordings_2013/e678ca12-5a25-11e3-8eb1-0026b945b52b.mp3'),(841,'2013-12-01 01:17:27','2c1f99e2-5a26-11e3-bf18-f30f0e86751e',6564680686,6531586275,6585152617,'2013-12-01 09:16:14','2013-12-01 09:16:50',35,60,0.01500,'completed','NORMAL_CLEARING',49,37,32,14,'hangup','NORMAL_CLEARING','http://s3.amazonaws.com/recordings_2013/3049ad3c-5a26-11e3-9e7b-0026b92f9684.mp3'),(842,'2013-12-01 01:52:17','09c42016-5a2b-11e3-91a8-1b5c95282229',0,6531586275,6585152617,'2013-12-01 09:51:04','2013-12-01 09:51:26',21,60,0.01500,'completed','NORMAL_CLEARING',49,37,32,14,'hangup','NORMAL_CLEARING','http://s3.amazonaws.com/recordings_2013/0df124e0-5a2b-11e3-8eb1-0026b945b52b.mp3'),(843,'2013-12-01 02:51:08','425eac9a-5a33-11e3-b27b-1b5c95282229',6594247932,6531586275,6585152617,'2013-12-01 10:49:55','2013-12-01 10:50:32',37,60,0.01500,'completed','NORMAL_CLEARING',49,37,32,14,'hangup','NORMAL_CLEARING','http://s3.amazonaws.com/recordings_2013/468a0cba-5a33-11e3-8eb1-0026b945b52b.mp3'),(844,'2013-12-01 02:58:31','4aa37e98-5a34-11e3-92ba-f30f0e86751e',6581589577,6531586275,6585152617,'2013-12-01 10:57:18','2013-12-01 10:57:45',25,60,0.01500,'completed','NORMAL_CLEARING',49,37,32,14,'hangup','NORMAL_CLEARING','http://s3.amazonaws.com/recordings_2013/4ed6effe-5a34-11e3-9e7b-0026b92f9684.mp3'),(845,'2013-12-01 04:20:36','c2481b24-5a3f-11e3-82e0-f30f0e86751e',6597502895,6531586275,6585152617,'2013-12-01 12:19:24','2013-12-01 12:19:56',32,60,0.01500,'completed','NORMAL_CLEARING',49,37,32,14,'hangup','NORMAL_CLEARING','http://s3.amazonaws.com/recordings_2013/c6834b32-5a3f-11e3-9e7b-0026b92f9684.mp3'),(846,'2013-12-01 05:49:38','31fed550-5a4c-11e3-b162-1b5c95282229',6562601479,6531586275,6585152617,'2013-12-01 13:48:25','2013-12-01 13:49:02',37,60,0.01500,'completed','NORMAL_CLEARING',49,37,32,14,'hangup','NORMAL_CLEARING','http://s3.amazonaws.com/recordings_2013/36418afe-5a4c-11e3-8eb1-0026b945b52b.mp3'),(847,'2013-12-01 06:40:39','52cc55c6-5a53-11e3-a7c6-1b5c95282229',6581685619,6531586275,6585152617,'2013-12-01 14:39:26','2013-12-01 14:39:53',26,60,0.01500,'completed','NORMAL_CLEARING',49,37,32,14,'hangup','NORMAL_CLEARING','http://s3.amazonaws.com/recordings_2013/56fa08e6-5a53-11e3-8eb1-0026b945b52b.mp3'),(848,'2013-12-01 06:45:09','f344b1b0-5a53-11e3-a249-f30f0e86751e',6591453230,6531586275,6585152617,'2013-12-01 14:43:56','2013-12-01 14:44:32',35,60,0.01500,'completed','NORMAL_CLEARING',49,37,32,14,'hangup','NORMAL_CLEARING','http://s3.amazonaws.com/recordings_2013/f7736240-5a53-11e3-9e7b-0026b92f9684.mp3'),(849,'2013-12-01 09:37:51','13db8148-5a6c-11e3-a0dd-f30f0e86751e',6590187824,6531586275,6585152617,'2013-12-01 17:36:38','2013-12-01 17:37:15',36,60,0.01500,'completed','NORMAL_CLEARING',49,37,32,14,'hangup','NORMAL_CLEARING','http://s3.amazonaws.com/recordings_2013/18fb1d0a-5a6c-11e3-9e7b-0026b92f9684.mp3'),(850,'2013-12-01 09:55:15','822264a8-5a6e-11e3-914c-1b5c95282229',6590025333,6531586275,6585152617,'2013-12-01 17:54:02','2013-12-01 17:54:17',14,60,0.01500,'completed','NORMAL_CLEARING',49,37,32,14,'hangup','ORIGINATOR_CANCEL','http://s3.amazonaws.com/recordings_2013/87431fae-5a6e-11e3-8eb1-0026b945b52b.mp3'),(851,'2013-12-01 10:28:00','155b6a18-5a73-11e3-94d7-f30f0e86751e',6564680890,6531586275,6585152617,'2013-12-01 18:26:47','2013-12-01 18:27:32',43,60,0.01500,'completed','NORMAL_CLEARING',49,37,32,14,'hangup','NORMAL_CLEARING','http://s3.amazonaws.com/recordings_2013/198de4a8-5a73-11e3-9e7b-0026b92f9684.mp3'),(852,'2013-12-01 10:43:53','4d0a9068-5a75-11e3-ace6-1b5c95282229',6598381728,6531586275,6585152617,'2013-12-01 18:42:40','2013-12-01 18:43:14',34,60,0.01500,'completed','NORMAL_CLEARING',49,37,32,14,'hangup','NORMAL_CLEARING','http://s3.amazonaws.com/recordings_2013/5151e2ca-5a75-11e3-8eb1-0026b945b52b.mp3'),(853,'2013-12-01 10:55:47','f69af694-5a76-11e3-a733-1b5c95282229',6597874825,6531586275,6585152617,'2013-12-01 18:54:34','2013-12-01 18:54:45',10,60,0.01500,'completed','NORMAL_CLEARING',49,37,32,14,'hangup','ORIGINATOR_CANCEL','http://s3.amazonaws.com/recordings_2013/fad794b0-5a76-11e3-8eb1-0026b945b52b.mp3'),(854,'2013-12-02 00:49:17','66c62b7c-5aeb-11e3-b294-1b5c95282229',6583328003,6531586275,6585152617,'2013-12-02 08:48:03','2013-12-02 08:50:47',163,180,0.01500,'completed','NORMAL_CLEARING',49,37,32,14,'hangup','NORMAL_CLEARING','http://s3.amazonaws.com/recordings_2013/6af5542a-5aeb-11e3-8eb1-0026b945b52b.mp3'),(855,'2013-12-02 01:42:02','c4fa99a6-5af2-11e3-9404-f30f0e86751e',6586479918,6531586275,6585152617,'2013-12-02 09:40:48','2013-12-02 09:42:03',75,120,0.01500,'completed','NORMAL_CLEARING',49,37,32,14,'hangup','NORMAL_CLEARING','http://s3.amazonaws.com/recordings_2013/c9269fd4-5af2-11e3-9e7b-0026b92f9684.mp3'),(856,'2013-12-02 01:52:50','46e63b36-5af4-11e3-96c8-1b5c95282229',6585711518,6531586275,6585152617,'2013-12-02 09:51:35','2013-12-02 09:51:44',7,60,0.01500,'completed','NORMAL_CLEARING',49,37,32,14,'hangup','NORMAL_TEMPORARY_FAILURE','http://s3.amazonaws.com/recordings_2013/4b1a6380-5af4-11e3-8eb1-0026b945b52b.mp3'),(857,'2013-12-02 01:53:24','5b6f9ec6-5af4-11e3-abf0-f30f0e86751e',6585711518,6531586275,6585152617,'2013-12-02 09:52:10','2013-12-02 09:53:02',51,60,0.01500,'completed','NORMAL_CLEARING',49,37,32,14,'hangup','NORMAL_CLEARING','http://s3.amazonaws.com/recordings_2013/5fa63892-5af4-11e3-9e7b-0026b92f9684.mp3'),(858,'2013-12-02 01:53:28','5d9128f0-5af4-11e3-ac0b-f30f0e86751e',0,6531586275,6585152617,'2013-12-02 09:52:13','2013-12-02 09:52:54',39,60,0.01500,'completed','NORMAL_CLEARING',49,37,32,14,'hangup','NORMAL_CLEARING','http://s3.amazonaws.com/recordings_2013/61bba950-5af4-11e3-9e7b-0026b92f9684.mp3'),(859,'2013-12-02 01:54:36','860ab814-5af4-11e3-9f49-1b5c95282229',0,6531586275,6585152617,'2013-12-02 09:53:21','2013-12-02 09:55:32',129,180,0.01500,'completed','NORMAL_CLEARING',49,37,32,14,'hangup','NORMAL_CLEARING','http://s3.amazonaws.com/recordings_2013/8a5bfe64-5af4-11e3-8eb1-0026b945b52b.mp3'),(860,'2013-12-02 02:46:00','b4bf49fc-5afb-11e3-95e6-1b5c95282229',6591195838,6531586275,6585152617,'2013-12-02 10:44:46','2013-12-02 10:44:47',0,0,0.01500,'cancel','ORIGINATOR_CANCEL',49,37,32,14,NULL,NULL,NULL),(861,'2013-12-02 03:03:22','21785af0-5afe-11e3-92ae-f30f0e86751e',6591195838,6531586275,6585152617,'2013-12-02 11:02:08','2013-12-02 11:06:03',235,240,0.01500,'completed','NORMAL_CLEARING',49,37,32,14,'hangup','NORMAL_CLEARING','http://s3.amazonaws.com/recordings_2013/25aeb754-5afe-11e3-9e7b-0026b92f9684.mp3'),(862,'2013-12-02 03:10:00','0e94d660-5aff-11e3-83cc-1b5c95282229',6591195838,6531586275,6585152617,'2013-12-02 11:08:45','2013-12-02 11:10:44',118,120,0.01500,'completed','NORMAL_CLEARING',49,37,32,14,'hangup','NORMAL_CLEARING','http://s3.amazonaws.com/recordings_2013/12c9f21a-5aff-11e3-8eb1-0026b945b52b.mp3'),(863,'2013-12-02 03:17:30','1b332af6-5b00-11e3-8cbb-f30f0e86751e',6568504586,6531586275,6585152617,'2013-12-02 11:16:16','2013-12-02 11:20:01',224,240,0.01500,'completed','NORMAL_CLEARING',49,37,32,14,'hangup','NORMAL_CLEARING','http://s3.amazonaws.com/recordings_2013/1f70b214-5b00-11e3-9e7b-0026b92f9684.mp3'),(864,'2013-12-02 03:39:03','1db85a28-5b03-11e3-be95-1b5c95282229',6562233462,6531586275,6585152617,'2013-12-02 11:37:49','2013-12-02 11:40:23',153,180,0.01500,'completed','NORMAL_CLEARING',49,37,32,14,'hangup','NORMAL_CLEARING','http://s3.amazonaws.com/recordings_2013/2200cef8-5b03-11e3-8eb1-0026b945b52b.mp3'),(865,'2013-12-02 04:06:06','e4e0f800-5b06-11e3-b58d-1b5c95282229',653000019,6531586275,6585152617,'2013-12-02 12:04:51','2013-12-02 12:05:57',64,120,0.01500,'completed','NORMAL_CLEARING',49,37,32,14,'hangup','NORMAL_CLEARING','http://s3.amazonaws.com/recordings_2013/e91bae2e-5b06-11e3-8eb1-0026b945b52b.mp3'),(866,'2013-12-02 04:06:26','f0fac9cc-5b06-11e3-9947-f30f0e86751e',6567335342,6531586275,6585152617,'2013-12-02 12:05:12','2013-12-02 12:05:19',7,60,0.01500,'completed','NORMAL_CLEARING',49,37,32,14,NULL,NULL,'http://s3.amazonaws.com/recordings_2013/f53121e4-5b06-11e3-9e7b-0026b92f9684.mp3'),(867,'2013-12-02 04:45:58','76de601c-5b0c-11e3-bf37-1b5c95282229',6590076978,6531586275,6585152617,'2013-12-02 12:44:44','2013-12-02 12:46:42',117,120,0.01500,'completed','NORMAL_CLEARING',49,37,32,14,'hangup','NORMAL_CLEARING','http://s3.amazonaws.com/recordings_2013/7b149930-5b0c-11e3-8eb1-0026b945b52b.mp3'),(868,'2013-12-02 04:53:19','7d5b2b90-5b0d-11e3-aa60-1b5c95282229',6562912774,6531586275,6585152617,'2013-12-02 12:52:04','2013-12-02 12:52:14',9,60,0.01500,'completed','NORMAL_CLEARING',49,37,32,14,'hangup','ORIGINATOR_CANCEL','http://s3.amazonaws.com/recordings_2013/818bb8d8-5b0d-11e3-8eb1-0026b945b52b.mp3'),(869,'2013-12-02 05:12:31','2c17fbde-5b10-11e3-a11e-f30f0e86751e',6596409569,6531586275,6585152617,'2013-12-02 13:11:16','2013-12-02 13:11:39',22,60,0.01500,'completed','NORMAL_CLEARING',49,37,32,14,'hangup','NORMAL_CLEARING','http://s3.amazonaws.com/recordings_2013/3049658a-5b10-11e3-9e7b-0026b92f9684.mp3'),(870,'2013-12-02 05:37:02','99086bf4-5b13-11e3-9ee6-1b5c95282229',6598381728,6531586275,6585152617,'2013-12-02 13:35:48','2013-12-02 13:38:06',137,180,0.01500,'completed','NORMAL_CLEARING',49,37,32,14,'hangup','NORMAL_CLEARING','http://s3.amazonaws.com/recordings_2013/9d346ed0-5b13-11e3-8eb1-0026b945b52b.mp3'),(871,'2013-12-02 06:25:09','51f52296-5b1a-11e3-9a2d-f30f0e86751e',0,6531586275,6585152617,'2013-12-02 14:23:55','2013-12-02 14:26:55',180,180,0.01500,'completed','NORMAL_CLEARING',49,37,32,14,'hangup','NORMAL_CLEARING','http://s3.amazonaws.com/recordings_2013/562f661e-5b1a-11e3-9e7b-0026b92f9684.mp3'),(872,'2013-12-02 07:50:46','47e9daf6-5b26-11e3-83bb-1b5c95282229',85223197285,85235009081,85291473549,'2013-12-02 15:49:32','2013-12-02 15:51:13',92,120,0.00300,'completed','NORMAL_CLEARING',9,9,14,9,'hangup','NORMAL_CLEARING',NULL),(873,'2013-12-02 09:13:01','c4d4fca2-5b31-11e3-b32c-f30f0e86751e',85298615359,85235009082,85266821490,'2013-12-02 17:11:46','2013-12-02 17:11:59',4,60,0.00300,'completed','NORMAL_CLEARING',12,10,14,9,'hangup','NORMAL_CLEARING','http://s3.amazonaws.com/recordings_2013/c5adde8c-5b31-11e3-9e7b-0026b92f9684.mp3'),(874,'2013-12-02 10:06:36','41932712-5b39-11e3-a578-c7a22946c980',6594563229,6531586172,6563172050,'2013-12-02 18:05:22','2013-12-02 18:05:34',4,60,0.01500,'completed','NORMAL_CLEARING',50,40,34,19,'hangup','NORMAL_CLEARING','http://s3.amazonaws.com/recordings_2013/422c8858-5b39-11e3-94e6-842b2b16384f.mp3'),(875,'2013-12-02 12:18:43','b5dde7a8-5b4b-11e3-a65a-1b5c95282229',0,6531586275,6585152617,'2013-12-02 20:17:28','2013-12-02 20:18:28',60,60,0.01500,'completed','NORMAL_CLEARING',49,37,32,14,'hangup','NORMAL_CLEARING','http://s3.amazonaws.com/recordings_2013/baf8d482-5b4b-11e3-8eb1-0026b945b52b.mp3'),(876,'2013-12-03 01:52:07','5723f384-5bbd-11e3-8c24-1b5c95282229',6531578905,6531586275,6585152617,'2013-12-03 09:50:52','2013-12-03 09:51:16',23,60,0.01500,'completed','NORMAL_CLEARING',49,37,32,14,'hangup','ORIGINATOR_CANCEL','http://s3.amazonaws.com/recordings_2013/5b6001ea-5bbd-11e3-8eb1-0026b945b52b.mp3'),(877,'2013-12-03 01:53:51','94ea41e6-5bbd-11e3-be93-f30f0e86751e',6596784098,6531586275,6585152617,'2013-12-03 09:52:35','2013-12-03 09:54:51',135,180,0.01500,'completed','NORMAL_CLEARING',49,37,32,14,'hangup','NORMAL_CLEARING','http://s3.amazonaws.com/recordings_2013/9a07402a-5bbd-11e3-9e7b-0026b92f9684.mp3'),(878,'2013-12-03 02:50:41','859309e6-5bc5-11e3-9587-1b5c95282229',6581841693,6531586275,6585152617,'2013-12-03 10:49:25','2013-12-03 10:52:10',164,180,0.01500,'completed','NORMAL_CLEARING',49,37,32,14,'hangup','NORMAL_CLEARING','http://s3.amazonaws.com/recordings_2013/89d08d44-5bc5-11e3-8eb1-0026b945b52b.mp3'),(879,'2013-12-03 02:56:43','5d71b5b0-5bc6-11e3-97ad-f30f0e86751e',0,85235009105,85225252833,'2013-12-03 10:55:28','2013-12-03 11:02:09',390,420,0.00300,'completed','NORMAL_CLEARING',54,43,36,17,'hangup','NORMAL_CLEARING','http://s3.amazonaws.com/recordings_2013/5e33913a-5bc6-11e3-9e7b-0026b92f9684.mp3'),(880,'2013-12-03 03:14:18','d227106a-5bc8-11e3-bfcf-1b5c95282229',653016,6531586275,6585152617,'2013-12-03 11:13:02','2013-12-03 11:15:43',159,180,0.01500,'completed','NORMAL_CLEARING',49,37,32,14,'hangup','NORMAL_CLEARING','http://s3.amazonaws.com/recordings_2013/d6568d0a-5bc8-11e3-8eb1-0026b945b52b.mp3'),(881,'2013-12-03 03:33:10','74866fac-5bcb-11e3-8a81-1b5c95282229',85291473549,85235009099,85291473549,'2013-12-03 11:31:54','2013-12-03 11:32:18',19,60,0.00300,'completed','NORMAL_CLEARING',28,26,14,9,'hangup','NORMAL_CLEARING',NULL),(882,'2013-12-03 03:41:13','94726d88-5bcc-11e3-8cc6-f30f0e86751e',85291473549,85235009088,85291473549,'2013-12-03 11:39:57','2013-12-03 11:40:12',10,60,0.00300,'completed','NORMAL_CLEARING',14,13,15,9,'hangup','NORMAL_CLEARING',NULL),(883,'2013-12-03 03:41:50','aab60c62-5bcc-11e3-b423-1b5c95282229',85291473549,85235009088,85291473549,'2013-12-03 11:40:34','2013-12-03 11:41:19',41,60,0.00300,'completed','NORMAL_CLEARING',14,13,15,9,'hangup','NORMAL_CLEARING',NULL),(884,'2013-12-03 03:44:44','12707996-5bcd-11e3-96d8-f30f0e86751e',85235431685,85235009082,85266821490,'2013-12-03 11:43:28','2013-12-03 11:43:40',4,60,0.00300,'completed','NORMAL_CLEARING',12,10,14,9,'hangup','NORMAL_CLEARING','http://s3.amazonaws.com/recordings_2013/133cf17e-5bcd-11e3-9e7b-0026b92f9684.mp3'),(885,'2013-12-03 03:45:52','3a981636-5bcd-11e3-9b1d-f30f0e86751e',6565821971,6531586275,6585152617,'2013-12-03 11:44:36','2013-12-03 11:49:33',296,300,0.01500,'completed','NORMAL_CLEARING',49,37,32,14,'hangup','NORMAL_CLEARING','http://s3.amazonaws.com/recordings_2013/3ef896ce-5bcd-11e3-9e7b-0026b92f9684.mp3'),(886,'2013-12-03 03:52:14','1e73da8e-5bce-11e3-a6de-1b5c95282229',85291473549,85235009098,85291473549,'2013-12-03 11:50:58','2013-12-03 11:51:26',23,60,0.00300,'completed','NORMAL_CLEARING',25,15,17,9,'hangup','NORMAL_CLEARING',NULL),(887,'2013-12-03 03:54:33','71999e4c-5bce-11e3-8306-f30f0e86751e',0,85235009082,85266821490,'2013-12-03 11:53:17','2013-12-03 11:53:33',9,60,0.00300,'completed','NORMAL_CLEARING',12,10,14,9,'hangup','NORMAL_CLEARING','http://s3.amazonaws.com/recordings_2013/7275ff18-5bce-11e3-9e7b-0026b92f9684.mp3'),(888,'2013-12-03 03:58:38','03704514-5bcf-11e3-8039-1b5c95282229',85291473549,85235009098,85291473549,'2013-12-03 11:57:22','2013-12-03 11:57:36',10,60,0.00300,'completed','NORMAL_CLEARING',25,15,17,9,'hangup','NORMAL_CLEARING',NULL),(889,'2013-12-03 03:59:03','125139c6-5bcf-11e3-993c-f30f0e86751e',85291473549,85235009099,85291473549,'2013-12-03 11:57:47','2013-12-03 11:58:00',9,60,0.00300,'completed','NORMAL_CLEARING',28,26,14,9,'hangup','NORMAL_CLEARING',NULL),(890,'2013-12-03 03:59:45','2b4713ec-5bcf-11e3-8472-1b5c95282229',6566988610,6531586275,6585152617,'2013-12-03 11:58:29','2013-12-03 12:00:35',126,180,0.01500,'completed','NORMAL_CLEARING',49,37,32,14,'hangup','NORMAL_CLEARING','http://s3.amazonaws.com/recordings_2013/2f72c5ec-5bcf-11e3-8eb1-0026b945b52b.mp3'),(891,'2013-12-03 04:01:05','5b4085d8-5bcf-11e3-86a3-1b5c95282229',85235431685,85235009082,85266821490,'2013-12-03 11:59:49','2013-12-03 11:59:54',0,0,0.00300,'cancel','ORIGINATOR_CANCEL',12,10,14,9,'hangup','ORIGINATOR_CANCEL','http://s3.amazonaws.com/recordings_2013/5c050552-5bcf-11e3-8eb1-0026b945b52b.mp3'),(892,'2013-12-03 04:02:44','960d6528-5bcf-11e3-8c6b-1b5c95282229',85291473549,85235009099,85291473549,'2013-12-03 12:01:28','2013-12-03 12:01:44',12,60,0.00300,'completed','NORMAL_CLEARING',28,26,14,9,'hangup','NORMAL_CLEARING',NULL),(893,'2013-12-03 04:07:52','4db54c54-5bd0-11e3-b79b-f30f0e86751e',85291473549,85235009081,85291473549,'2013-12-03 12:06:36','2013-12-03 12:06:47',7,60,0.00300,'completed','NORMAL_CLEARING',9,9,14,9,'hangup','NORMAL_CLEARING','http://s3.amazonaws.com/recordings_2013/4e76a002-5bd0-11e3-9e7b-0026b92f9684.mp3'),(894,'2013-12-03 04:54:43','d9836ec2-5bd6-11e3-a83d-f30f0e86751e',6565949710,6531586275,6585152617,'2013-12-03 12:53:28','2013-12-03 12:53:36',8,60,0.01500,'completed','NORMAL_CLEARING',49,37,32,14,'hangup','ORIGINATOR_CANCEL','http://s3.amazonaws.com/recordings_2013/ddaa9fb6-5bd6-11e3-9e7b-0026b92f9684.mp3'),(895,'2013-12-03 05:11:30','315d76ae-5bd9-11e3-bc14-f30f0e86751e',6590666595,6531586275,6585152617,'2013-12-03 13:10:14','2013-12-03 13:12:16',121,180,0.01500,'completed','NORMAL_CLEARING',49,37,32,14,'hangup','NORMAL_CLEARING','http://s3.amazonaws.com/recordings_2013/35896008-5bd9-11e3-9e7b-0026b92f9684.mp3'),(896,'2013-12-03 05:40:35','41be80fc-5bdd-11e3-98c1-f30f0e86751e',6593626739,6531586275,6585152617,'2013-12-03 13:39:20','2013-12-03 13:39:29',8,60,0.01500,'completed','NORMAL_CLEARING',49,37,32,14,'hangup','ORIGINATOR_CANCEL','http://s3.amazonaws.com/recordings_2013/45f1479a-5bdd-11e3-9e7b-0026b92f9684.mp3'),(897,'2013-12-03 05:56:39','80461856-5bdf-11e3-bf9d-153da50cdabe',919445550021,6531582180,6585152058,'2013-12-03 13:55:23','2013-12-03 13:55:52',0,0,0.01500,'cancel','ORIGINATOR_CANCEL',45,37,32,14,'hangup','ORIGINATOR_CANCEL','http://s3.amazonaws.com/recordings_2013/8115894c-5bdf-11e3-9003-12314000f867.mp3'),(898,'2013-12-03 08:02:18','0ddf0ee6-5bf1-11e3-a613-f30f0e86751e',0,85235009105,85225252833,'2013-12-03 16:01:02','2013-12-03 16:02:31',78,120,0.00300,'completed','NORMAL_CLEARING',54,43,36,17,'hangup','NORMAL_CLEARING','http://s3.amazonaws.com/recordings_2013/0ea5137a-5bf1-11e3-9e7b-0026b92f9684.mp3'),(899,'2013-12-03 08:07:28','c635d326-5bf1-11e3-b477-153da50cdabe',6590046977,6531586275,6585152617,'2013-12-03 16:06:12','2013-12-03 16:06:50',37,60,0.01500,'completed','NORMAL_CLEARING',49,37,32,14,'hangup','NORMAL_CLEARING','http://s3.amazonaws.com/recordings_2013/cb0e3b4a-5bf1-11e3-9003-12314000f867.mp3'),(900,'2013-12-03 09:37:33','5c02928e-5bfe-11e3-8c3d-153da50cdabe',6567333588,6531586275,6585152617,'2013-12-03 17:36:17','2013-12-03 17:36:49',31,60,0.01500,'completed','NORMAL_CLEARING',49,37,32,14,'hangup','NORMAL_CLEARING','http://s3.amazonaws.com/recordings_2013/603e557c-5bfe-11e3-9003-12314000f867.mp3'),(901,'2013-12-03 17:31:39','96fafde4-5c40-11e3-b637-f30f0e86751e',0,85235009082,85266821490,'2013-12-04 01:30:23','2013-12-04 01:30:40',9,60,0.00300,'completed','NORMAL_CLEARING',12,10,14,9,'hangup','NORMAL_CLEARING','http://s3.amazonaws.com/recordings_2013/97c7070e-5c40-11e3-9e7b-0026b92f9684.mp3'),(902,'2013-12-03 17:32:52','c22ab482-5c40-11e3-812b-f30f0e86751e',0,85235009082,85266821490,'2013-12-04 01:31:35','2013-12-04 01:32:20',8,60,0.00300,'completed','NORMAL_CLEARING',12,10,14,9,'hangup','NORMAL_CLEARING','http://s3.amazonaws.com/recordings_2013/c2fab3c6-5c40-11e3-9e7b-0026b92f9684.mp3'),(903,'2013-12-03 17:38:48','96b515ee-5c41-11e3-a858-1b5c95282229',0,85235009082,85266821490,'2013-12-04 01:37:32','2013-12-04 01:37:53',4,60,0.00300,'completed','NORMAL_CLEARING',12,10,14,9,'hangup','NORMAL_CLEARING','http://s3.amazonaws.com/recordings_2013/977ea4ea-5c41-11e3-8eb1-0026b945b52b.mp3'),(904,'2013-12-03 23:17:44','ef28adce-5c70-11e3-a8da-9f5d80a77606',6591114454,6531586275,6585152617,'2013-12-04 07:16:26','2013-12-04 07:16:51',24,60,0.01500,'completed','NORMAL_CLEARING',49,37,32,14,'hangup','ORIGINATOR_CANCEL','http://s3.amazonaws.com/recordings_2013/f4495aec-5c70-11e3-bce3-123140050d6c.mp3'),(905,'2013-12-04 00:20:26','b16081c0-5c79-11e3-a93a-9f5d80a77606',6566498582,6531586275,6585152617,'2013-12-04 08:19:08','2013-12-04 08:19:26',16,60,0.01500,'completed','NORMAL_CLEARING',49,37,32,14,'hangup','ORIGINATOR_CANCEL','http://s3.amazonaws.com/recordings_2013/b5bead8c-5c79-11e3-bce3-123140050d6c.mp3'),(906,'2013-12-04 00:23:25','1c0e6960-5c7a-11e3-a96a-9f5d80a77606',6582837188,6531586275,6585152617,'2013-12-04 08:22:07','2013-12-04 08:22:57',49,60,0.01500,'completed','NORMAL_CLEARING',49,37,32,14,'hangup','NORMAL_CLEARING','http://s3.amazonaws.com/recordings_2013/205851c0-5c7a-11e3-bce3-123140050d6c.mp3'),(907,'2013-12-04 00:25:09','5a5b9954-5c7a-11e3-a99b-9f5d80a77606',6569663688,6531586275,6585152617,'2013-12-04 08:23:52','2013-12-04 08:25:55',122,180,0.01500,'completed','NORMAL_CLEARING',49,37,32,14,'hangup','NORMAL_CLEARING','http://s3.amazonaws.com/recordings_2013/5e99ccde-5c7a-11e3-bce3-123140050d6c.mp3'),(908,'2013-12-04 00:49:55','d05aca46-5c7d-11e3-a9cf-9f5d80a77606',6563453002,6531586275,6585152617,'2013-12-04 08:48:38','2013-12-04 08:50:03',84,120,0.01500,'completed','NORMAL_CLEARING',49,37,32,14,'hangup','NORMAL_CLEARING','http://s3.amazonaws.com/recordings_2013/d4a0819a-5c7d-11e3-bce3-123140050d6c.mp3'),(909,'2013-12-04 00:51:41','0f8c1788-5c7e-11e3-aa00-9f5d80a77606',6563453002,6531586275,6585152617,'2013-12-04 08:50:24','2013-12-04 08:51:35',70,120,0.01500,'completed','NORMAL_CLEARING',49,37,32,14,'hangup','NORMAL_CLEARING','http://s3.amazonaws.com/recordings_2013/13c3d91c-5c7e-11e3-bce3-123140050d6c.mp3'),(910,'2013-12-04 00:54:00','623ca66e-5c7e-11e3-aa31-9f5d80a77606',6563453002,6531586275,6585152617,'2013-12-04 08:52:43','2013-12-04 08:53:34',50,60,0.01500,'completed','NORMAL_CLEARING',49,37,32,14,'hangup','NORMAL_CLEARING','http://s3.amazonaws.com/recordings_2013/667d2de8-5c7e-11e3-bce3-123140050d6c.mp3'),(911,'2013-12-04 01:10:48','baab48c6-5c80-11e3-aa62-9f5d80a77606',6569663688,6531586275,6585152617,'2013-12-04 09:09:30','2013-12-04 09:10:23',51,60,0.01500,'completed','NORMAL_CLEARING',49,37,32,14,'hangup','NORMAL_CLEARING','http://s3.amazonaws.com/recordings_2013/bee9edc0-5c80-11e3-bce3-123140050d6c.mp3'),(912,'2013-12-04 01:11:12','c8fc8f70-5c80-11e3-aa92-9f5d80a77606',6566596916,6531586275,6585152617,'2013-12-04 09:09:54','2013-12-04 09:10:41',46,60,0.01500,'completed','NORMAL_CLEARING',49,37,32,14,'hangup','NORMAL_CLEARING','http://s3.amazonaws.com/recordings_2013/cd2b9884-5c80-11e3-bce3-123140050d6c.mp3'),(913,'2013-12-04 01:16:51','9332ca48-5c81-11e3-aac7-9f5d80a77606',6566596916,6531586275,6585152617,'2013-12-04 09:15:34','2013-12-04 09:16:38',64,120,0.01500,'completed','NORMAL_CLEARING',49,37,32,14,'hangup','NORMAL_CLEARING','http://s3.amazonaws.com/recordings_2013/977d8eb2-5c81-11e3-bce3-123140050d6c.mp3'),(914,'2013-12-04 01:19:25','ef17d4ac-5c81-11e3-aafb-9f5d80a77606',6566596916,6531586275,6585152617,'2013-12-04 09:18:08','2013-12-04 09:18:16',7,60,0.01500,'completed','NORMAL_CLEARING',49,37,32,14,'hangup','NORMAL_TEMPORARY_FAILURE','http://s3.amazonaws.com/recordings_2013/f34d64f6-5c81-11e3-bce3-123140050d6c.mp3'),(915,'2013-12-04 01:44:57','8015222c-5c85-11e3-ab2f-9f5d80a77606',6564019077,6531586275,6585152617,'2013-12-04 09:43:40','2013-12-04 09:44:23',42,60,0.01500,'completed','NORMAL_CLEARING',49,37,32,14,'hangup','NORMAL_CLEARING','http://s3.amazonaws.com/recordings_2013/84553908-5c85-11e3-bce3-123140050d6c.mp3'),(916,'2013-12-04 01:45:12','8949f84a-5c85-11e3-ab5f-9f5d80a77606',6569663688,6531586275,6585152617,'2013-12-04 09:43:55','2013-12-04 09:44:30',34,60,0.01500,'completed','NORMAL_CLEARING',49,37,32,14,'hangup','NORMAL_CLEARING','http://s3.amazonaws.com/recordings_2013/8d7b37da-5c85-11e3-bce3-123140050d6c.mp3'),(917,'2013-12-04 01:46:33','b9a591b6-5c85-11e3-ab91-9f5d80a77606',6563453002,6531586275,6585152617,'2013-12-04 09:45:16','2013-12-04 09:45:59',42,60,0.01500,'completed','NORMAL_CLEARING',49,37,32,14,'hangup','NORMAL_CLEARING','http://s3.amazonaws.com/recordings_2013/bdd78712-5c85-11e3-bce3-123140050d6c.mp3'),(918,'2013-12-04 01:47:38','e055e40a-5c85-11e3-abc5-9f5d80a77606',6563453002,6531586275,6585152617,'2013-12-04 09:46:21','2013-12-04 09:48:05',103,120,0.01500,'completed','NORMAL_CLEARING',49,37,32,14,'hangup','NORMAL_CLEARING','http://s3.amazonaws.com/recordings_2013/e4a05612-5c85-11e3-bce3-123140050d6c.mp3'),(919,'2013-12-04 01:48:49','0a859eb4-5c86-11e3-abf6-9f5d80a77606',6563397012,6531586275,6585152617,'2013-12-04 09:47:32','2013-12-04 09:48:04',31,60,0.01500,'completed','NORMAL_CLEARING',49,37,32,14,'hangup','NORMAL_CLEARING','http://s3.amazonaws.com/recordings_2013/0ec892ce-5c86-11e3-bce3-123140050d6c.mp3'),(920,'2013-12-04 01:53:59','c36b8592-5c86-11e3-ac2a-9f5d80a77606',6531578905,6531586275,6585152617,'2013-12-04 09:52:42','2013-12-04 09:53:24',41,60,0.01500,'completed','NORMAL_CLEARING',49,37,32,14,'hangup','NORMAL_CLEARING','http://s3.amazonaws.com/recordings_2013/c7a72ba2-5c86-11e3-bce3-123140050d6c.mp3'),(921,'2013-12-04 01:55:28','f80855b4-5c86-11e3-ac5b-9f5d80a77606',6563453002,6531586275,6585152617,'2013-12-04 09:54:10','2013-12-04 09:54:48',37,60,0.01500,'completed','NORMAL_CLEARING',49,37,32,14,'hangup','NORMAL_CLEARING','http://s3.amazonaws.com/recordings_2013/fc4baa0e-5c86-11e3-bce3-123140050d6c.mp3'),(922,'2013-12-04 01:56:22','188ed600-5c87-11e3-ac8c-9f5d80a77606',6531571282,6531586275,6585152617,'2013-12-04 09:55:05','2013-12-04 09:55:40',34,60,0.01500,'completed','NORMAL_CLEARING',49,37,32,14,'hangup','NORMAL_CLEARING','http://s3.amazonaws.com/recordings_2013/1ccdebf2-5c87-11e3-bce3-123140050d6c.mp3'),(923,'2013-12-04 01:57:56','50496cfe-5c87-11e3-acbd-9f5d80a77606',6563396911,6531586275,6585152617,'2013-12-04 09:56:38','2013-12-04 09:57:10',31,60,0.01500,'completed','NORMAL_CLEARING',49,37,32,14,'hangup','NORMAL_CLEARING','http://s3.amazonaws.com/recordings_2013/5498cf84-5c87-11e3-bce3-123140050d6c.mp3'),(924,'2013-12-04 01:57:58','51f62d9e-5c87-11e3-acd8-9f5d80a77606',6531571282,6531586275,6585152617,'2013-12-04 09:56:41','2013-12-04 09:56:50',8,60,0.01500,'completed','NORMAL_CLEARING',49,37,32,14,'hangup','NORMAL_TEMPORARY_FAILURE','http://s3.amazonaws.com/recordings_2013/56261e56-5c87-11e3-bce3-123140050d6c.mp3'),(925,'2013-12-04 01:58:19','5e3e2c0a-5c87-11e3-ad21-9f5d80a77606',6531571282,6531586275,6585152617,'2013-12-04 09:57:02','2013-12-04 09:57:34',32,60,0.01500,'completed','NORMAL_CLEARING',49,37,32,14,'hangup','NORMAL_CLEARING','http://s3.amazonaws.com/recordings_2013/62723974-5c87-11e3-bce3-123140050d6c.mp3'),(926,'2013-12-04 02:03:47','21c2d2e8-5c88-11e3-ad53-9f5d80a77606',6592728476,6531586275,6585152617,'2013-12-04 10:02:30','2013-12-04 10:03:07',37,60,0.01500,'completed','NORMAL_CLEARING',49,37,32,14,'hangup','NORMAL_CLEARING','http://s3.amazonaws.com/recordings_2013/25f6e944-5c88-11e3-bce3-123140050d6c.mp3'),(927,'2013-12-04 02:04:36','3f22b84e-5c88-11e3-ad87-9f5d80a77606',6592728476,6531586275,6585152617,'2013-12-04 10:03:19','2013-12-04 10:04:43',83,120,0.01500,'completed','NORMAL_CLEARING',49,37,32,14,'hangup','NORMAL_CLEARING','http://s3.amazonaws.com/recordings_2013/435e89c4-5c88-11e3-bce3-123140050d6c.mp3'),(928,'2013-12-04 02:06:12','7869fcc0-5c88-11e3-adb8-9f5d80a77606',6592728476,6531586275,6585152617,'2013-12-04 10:04:55','2013-12-04 10:05:33',37,60,0.01500,'completed','NORMAL_CLEARING',49,37,32,14,'hangup','NORMAL_CLEARING','http://s3.amazonaws.com/recordings_2013/7c9cbad0-5c88-11e3-bce3-123140050d6c.mp3'),(929,'2013-12-04 02:07:08','99b47338-5c88-11e3-aded-9f5d80a77606',6592728476,6531586275,6585152617,'2013-12-04 10:05:51','2013-12-04 10:06:43',51,60,0.01500,'completed','NORMAL_CLEARING',49,37,32,14,'hangup','NORMAL_CLEARING','http://s3.amazonaws.com/recordings_2013/9debf89a-5c88-11e3-bce3-123140050d6c.mp3'),(930,'2013-12-04 02:31:51','0d380240-5c8c-11e3-868a-f30f0e86751e',85228268688,85235009105,85225252833,'2013-12-04 10:30:33','2013-12-04 10:31:20',34,60,0.00300,'completed','NORMAL_CLEARING',54,43,36,17,'hangup','NORMAL_CLEARING','http://s3.amazonaws.com/recordings_2013/0e0522fc-5c8c-11e3-9e7b-0026b92f9684.mp3'),(931,'2013-12-04 02:42:11','7ec8efb8-5c8d-11e3-ae1e-9f5d80a77606',6581110890,6531586275,6585152617,'2013-12-04 10:40:53','2013-12-04 10:41:19',25,60,0.01500,'completed','NORMAL_CLEARING',49,37,32,14,'hangup','NORMAL_CLEARING','http://s3.amazonaws.com/recordings_2013/8306569c-5c8d-11e3-bce3-123140050d6c.mp3'),(932,'2013-12-04 02:42:27','88cf2c70-5c8d-11e3-ae4e-9f5d80a77606',6567312509,6531586275,6585152617,'2013-12-04 10:41:10','2013-12-04 10:41:49',38,60,0.01500,'completed','NORMAL_CLEARING',49,37,32,14,'hangup','NORMAL_CLEARING','http://s3.amazonaws.com/recordings_2013/8d059f68-5c8d-11e3-bce3-123140050d6c.mp3'),(933,'2013-12-04 02:43:17','a6330048-5c8d-11e3-ae83-9f5d80a77606',6567312509,6531586275,6585152617,'2013-12-04 10:41:59','2013-12-04 10:42:34',34,60,0.01500,'completed','NORMAL_CLEARING',49,37,32,14,'hangup','NORMAL_CLEARING','http://s3.amazonaws.com/recordings_2013/aa6d765c-5c8d-11e3-bce3-123140050d6c.mp3'),(934,'2013-12-04 03:06:19','ddb7d1b2-5c90-11e3-aeb4-9f5d80a77606',6569663688,6531586275,6585152617,'2013-12-04 11:05:01','2013-12-04 11:05:35',33,60,0.01500,'completed','NORMAL_CLEARING',49,37,32,14,'hangup','NORMAL_CLEARING','http://s3.amazonaws.com/recordings_2013/e20a3ee4-5c90-11e3-bce3-123140050d6c.mp3'),(935,'2013-12-04 03:12:00','a93cc2b6-5c91-11e3-aee8-9f5d80a77606',6597489126,6531586275,6585152617,'2013-12-04 11:10:43','2013-12-04 11:11:18',35,60,0.01500,'completed','NORMAL_CLEARING',49,37,32,14,'hangup','NORMAL_CLEARING','http://s3.amazonaws.com/recordings_2013/ad793260-5c91-11e3-bce3-123140050d6c.mp3'),(936,'2013-12-04 03:17:21','68731b80-5c92-11e3-af19-9f5d80a77606',6569663688,6531586275,6585152617,'2013-12-04 11:16:03','2013-12-04 11:16:41',37,60,0.01500,'completed','NORMAL_CLEARING',49,37,32,14,'hangup','NORMAL_CLEARING','http://s3.amazonaws.com/recordings_2013/6ca6f190-5c92-11e3-bce3-123140050d6c.mp3'),(937,'2013-12-04 03:38:22','5855768c-5c95-11e3-af4d-9f5d80a77606',6565280785,6531586275,6585152617,'2013-12-04 11:37:05','2013-12-04 11:37:41',35,60,0.01500,'completed','NORMAL_CLEARING',49,37,32,14,'hangup','NORMAL_CLEARING','http://s3.amazonaws.com/recordings_2013/5c924450-5c95-11e3-bce3-123140050d6c.mp3'),(938,'2013-12-04 03:50:41','10f35aaa-5c97-11e3-af81-9f5d80a77606',6592966934,6531586275,6585152617,'2013-12-04 11:49:24','2013-12-04 11:49:58',33,60,0.01500,'completed','NORMAL_CLEARING',49,37,32,14,'hangup','NORMAL_CLEARING','http://s3.amazonaws.com/recordings_2013/152acd74-5c97-11e3-bce3-123140050d6c.mp3'),(939,'2013-12-04 03:51:25','2af3da38-5c97-11e3-afb5-9f5d80a77606',6592966934,6531586275,6585152617,'2013-12-04 11:50:08','2013-12-04 11:50:21',13,60,0.01500,'completed','NORMAL_CLEARING',49,37,32,14,'hangup','ORIGINATOR_CANCEL','http://s3.amazonaws.com/recordings_2013/2f264b04-5c97-11e3-bce3-123140050d6c.mp3'),(940,'2013-12-04 03:59:33','4de39136-5c98-11e3-afe5-9f5d80a77606',6565280785,6531586275,6585152617,'2013-12-04 11:58:16','2013-12-04 11:58:52',35,60,0.01500,'completed','NORMAL_CLEARING',49,37,32,14,'hangup','NORMAL_CLEARING','http://s3.amazonaws.com/recordings_2013/521dcdb6-5c98-11e3-bce3-123140050d6c.mp3'),(941,'2013-12-04 04:10:02','c4bfb05e-5c99-11e3-a91b-1b5c95282229',85222100820,85235009105,85225252833,'2013-12-04 12:08:45','2013-12-04 12:09:37',36,60,0.00300,'completed','NORMAL_CLEARING',54,43,36,17,'hangup','NORMAL_CLEARING','http://s3.amazonaws.com/recordings_2013/c5814566-5c99-11e3-8eb1-0026b945b52b.mp3'),(942,'2013-12-04 04:18:40','f966f898-5c9a-11e3-9045-1b5c95282229',85296660960,85235009105,85225252833,'2013-12-04 12:17:23','2013-12-04 12:23:31',360,360,0.00300,'completed','NORMAL_CLEARING',54,43,36,17,'hangup','NORMAL_CLEARING','http://s3.amazonaws.com/recordings_2013/fa366970-5c9a-11e3-8eb1-0026b945b52b.mp3'),(943,'2013-12-04 04:33:18','04eb9de8-5c9d-11e3-b0cb-f30f0e86751e',85222100820,85235009105,85225252833,'2013-12-04 12:32:01','2013-12-04 12:32:36',26,60,0.00300,'completed','NORMAL_CLEARING',54,43,36,17,'hangup','NORMAL_CLEARING','http://s3.amazonaws.com/recordings_2013/05bbee58-5c9d-11e3-9e7b-0026b92f9684.mp3'),(944,'2013-12-04 04:36:14','6dc72eea-5c9d-11e3-bdec-f30f0e86751e',919445550021,6531582180,6585152058,'2013-12-04 12:34:57','2013-12-04 12:35:00',0,0,0.01500,'cancel','ORIGINATOR_CANCEL',45,37,32,14,'hangup','ORIGINATOR_CANCEL','http://s3.amazonaws.com/recordings_2013/6e8e7e64-5c9d-11e3-9e7b-0026b92f9684.mp3'),(945,'2013-12-04 04:46:38','e17bc96c-5c9e-11e3-acb4-1b5c95282229',6562223000,6531586275,6585152617,'2013-12-04 12:45:20','2013-12-04 12:45:30',9,60,0.01500,'completed','NORMAL_CLEARING',49,37,32,14,'hangup','NORMAL_TEMPORARY_FAILURE','http://s3.amazonaws.com/recordings_2013/e6c6c2d2-5c9e-11e3-8eb1-0026b945b52b.mp3'),(946,'2013-12-04 04:47:05','f18958a6-5c9e-11e3-bed4-f30f0e86751e',6562223000,6531586275,6585152617,'2013-12-04 12:45:47','2013-12-04 12:49:37',229,240,0.01500,'completed','NORMAL_CLEARING',49,37,32,14,'hangup','NORMAL_CLEARING','http://s3.amazonaws.com/recordings_2013/f6ad3370-5c9e-11e3-9e7b-0026b92f9684.mp3'),(947,'2013-12-04 05:05:23','803e0662-5ca1-11e3-ab8c-f30f0e86751e',6531571282,6531586275,6585152617,'2013-12-04 13:04:06','2013-12-04 13:04:34',28,60,0.01500,'completed','NORMAL_CLEARING',49,37,32,14,'hangup','NORMAL_CLEARING','http://s3.amazonaws.com/recordings_2013/846f6ae6-5ca1-11e3-9e7b-0026b92f9684.mp3'),(948,'2013-12-04 05:50:59','df0fc0f8-5ca7-11e3-a38c-1b5c95282229',85251677551,85235009101,85239751890,'2013-12-04 13:49:42','2013-12-04 13:50:58',69,120,0.00300,'completed','NORMAL_CLEARING',34,30,27,13,'hangup','NORMAL_CLEARING',NULL),(949,'2013-12-04 05:57:45','d105c0f6-5ca8-11e3-94c5-f30f0e86751e',0,6531586275,6585152617,'2013-12-04 13:56:28','2013-12-04 13:57:11',42,60,0.01500,'completed','NORMAL_CLEARING',49,37,32,14,'hangup','NORMAL_CLEARING','http://s3.amazonaws.com/recordings_2013/d53def5e-5ca8-11e3-9e7b-0026b92f9684.mp3'),(950,'2013-12-04 06:01:25','53f3b3a6-5ca9-11e3-a284-1b5c95282229',6584163914,6531586275,6585152617,'2013-12-04 14:00:07','2013-12-04 14:01:14',66,120,0.01500,'completed','NORMAL_CLEARING',49,37,32,14,'hangup','NORMAL_CLEARING','http://s3.amazonaws.com/recordings_2013/5827dbbe-5ca9-11e3-8eb1-0026b945b52b.mp3'),(951,'2013-12-04 06:04:48','ccdfdc86-5ca9-11e3-bb10-f30f0e86751e',85253204494,85235009101,85239751890,'2013-12-04 14:03:30','2013-12-04 14:04:08',33,60,0.00300,'completed','NORMAL_CLEARING',34,30,27,13,'hangup','NORMAL_CLEARING',NULL),(952,'2013-12-04 06:33:33','d1340268-5cad-11e3-b851-1b5c95282229',6584163914,6531586275,6585152617,'2013-12-04 14:32:16','2013-12-04 14:32:48',32,60,0.01500,'completed','NORMAL_CLEARING',49,37,32,14,'hangup','NORMAL_CLEARING','http://s3.amazonaws.com/recordings_2013/d5801aaa-5cad-11e3-8eb1-0026b945b52b.mp3'),(953,'2013-12-04 06:50:40','354ca99c-5cb0-11e3-a105-f30f0e86751e',6565132770,6531586275,6585152617,'2013-12-04 14:49:22','2013-12-04 14:49:56',33,60,0.01500,'completed','NORMAL_UNSPECIFIED',49,37,32,14,'hangup','NORMAL_CLEARING','http://s3.amazonaws.com/recordings_2013/398ce18e-5cb0-11e3-9e7b-0026b92f9684.mp3'),(954,'2013-12-04 06:56:53','13adb96a-5cb1-11e3-8c3e-f30f0e86751e',85234612052,85235009101,85239751890,'2013-12-04 14:55:36','2013-12-04 14:57:22',91,120,0.00300,'completed','NORMAL_CLEARING',34,30,27,13,'hangup','NORMAL_CLEARING',NULL),(955,'2013-12-04 07:15:55','bc453312-5cb3-11e3-a07a-1b5c95282229',6567703542,6531586275,6585152617,'2013-12-04 15:14:37','2013-12-04 15:15:02',24,60,0.01500,'completed','NORMAL_CLEARING',49,37,32,14,'hangup','NORMAL_CLEARING','http://s3.amazonaws.com/recordings_2013/c07592f6-5cb3-11e3-8eb1-0026b945b52b.mp3'),(956,'2013-12-04 08:15:19','08c61028-5cbc-11e3-ba46-1b5c95282229',85222879758,85235009105,85225252833,'2013-12-04 16:14:02','2013-12-04 16:15:01',49,60,0.00300,'completed','NORMAL_CLEARING',54,43,36,17,'hangup','NORMAL_CLEARING','http://s3.amazonaws.com/recordings_2013/098ecf86-5cbc-11e3-8eb1-0026b945b52b.mp3'),(957,'2013-12-04 08:38:08','387bf488-5cbf-11e3-9208-1b5c95282229',0,85235009105,85225252833,'2013-12-04 16:36:50','2013-12-04 16:37:47',46,60,0.00300,'completed','NORMAL_CLEARING',54,43,36,17,'hangup','NORMAL_CLEARING','http://s3.amazonaws.com/recordings_2013/39465c64-5cbf-11e3-8eb1-0026b945b52b.mp3'),(958,'2013-12-04 09:34:38','1d1de36a-5cc7-11e3-abf2-f30f0e86751e',6596371364,6531586275,6585152617,'2013-12-04 17:33:20','2013-12-04 17:33:23',1,60,0.01500,'completed','NORMAL_CLEARING',49,37,32,14,NULL,NULL,NULL),(959,'2013-12-04 11:10:46','8b54e8b2-5cd4-11e3-b94e-f30f0e86751e',85239223267,85235009105,85225252833,'2013-12-04 19:09:29','2013-12-04 19:10:37',60,60,0.00300,'completed','NORMAL_CLEARING',54,43,36,17,'hangup','NORMAL_CLEARING','http://s3.amazonaws.com/recordings_2013/8c244a4e-5cd4-11e3-9e7b-0026b92f9684.mp3'),(960,'2013-12-04 12:26:09','12ab3dd4-5cdf-11e3-ae86-f30f0e86751e',6584981698,6531586275,6585152617,'2013-12-04 20:24:51','2013-12-04 20:27:37',165,180,0.01500,'completed','NORMAL_CLEARING',49,37,32,14,'hangup','NORMAL_CLEARING','http://s3.amazonaws.com/recordings_2013/16df67fe-5cdf-11e3-9e7b-0026b92f9684.mp3'),(961,'2013-12-04 13:39:22','4d7117ae-5ce9-11e3-98bc-1b5c95282229',6597225158,6531586275,6585152617,'2013-12-04 21:38:04','2013-12-04 21:39:02',57,60,0.01500,'completed','NORMAL_CLEARING',49,37,32,14,'hangup','NORMAL_CLEARING','http://s3.amazonaws.com/recordings_2013/51c46284-5ce9-11e3-8eb1-0026b945b52b.mp3'),(962,'2013-12-04 13:43:22','dc11db42-5ce9-11e3-8690-1b5c95282229',6597225158,6531586275,6585152617,'2013-12-04 21:42:04','2013-12-04 21:42:57',53,60,0.01500,'completed','NORMAL_CLEARING',49,37,32,14,'hangup','NORMAL_CLEARING','http://s3.amazonaws.com/recordings_2013/e03fed30-5ce9-11e3-8eb1-0026b945b52b.mp3'),(963,'2013-12-04 13:57:18','ce9a8eda-5ceb-11e3-8acf-f30f0e86751e',6591291871,6531586275,6585152617,'2013-12-04 21:56:00','2013-12-04 21:56:53',52,60,0.01500,'completed','NORMAL_CLEARING',49,37,32,14,'hangup','NORMAL_CLEARING','http://s3.amazonaws.com/recordings_2013/d2c543ce-5ceb-11e3-9e7b-0026b92f9684.mp3'),(964,'2013-12-05 00:35:07','e8363fd4-5d44-11e3-820b-f30f0e86751e',6591291871,6531586275,6585152617,'2013-12-05 08:33:48','2013-12-05 08:34:54',65,120,0.01500,'completed','NORMAL_CLEARING',49,37,32,14,'hangup','NORMAL_CLEARING','http://s3.amazonaws.com/recordings_2013/ec71f57a-5d44-11e3-9e7b-0026b92f9684.mp3'),(965,'2013-12-05 00:41:22','c7be9160-5d45-11e3-b32e-1b5c95282229',6591291871,6531586275,6585152617,'2013-12-05 08:40:03','2013-12-05 08:40:33',29,60,0.01500,'completed','NORMAL_CLEARING',49,37,32,14,'hangup','ORIGINATOR_CANCEL','http://s3.amazonaws.com/recordings_2013/cbeea1d0-5d45-11e3-8eb1-0026b945b52b.mp3'),(966,'2013-12-05 00:44:54','464d1d12-5d46-11e3-b8c8-1b5c95282229',6591291871,6531586275,6585152617,'2013-12-05 08:43:35','2013-12-05 08:44:47',70,120,0.01500,'completed','NORMAL_CLEARING',49,37,32,14,'hangup','NORMAL_CLEARING','http://s3.amazonaws.com/recordings_2013/4a9dcab0-5d46-11e3-8eb1-0026b945b52b.mp3'),(967,'2013-12-05 01:02:20','b5c679e8-5d48-11e3-8e61-f30f0e86751e',6531578905,6531586275,6585152617,'2013-12-05 09:01:02','2013-12-05 09:01:22',20,60,0.01500,'completed','NORMAL_CLEARING',49,37,32,14,'hangup','ORIGINATOR_CANCEL','http://s3.amazonaws.com/recordings_2013/ba0b2e68-5d48-11e3-9e7b-0026b92f9684.mp3'),(968,'2013-12-05 01:16:40','b6693ec4-5d4a-11e3-a2cb-1b5c95282229',6598173003,6531586275,6585152617,'2013-12-05 09:15:22','2013-12-05 09:17:24',121,180,0.01500,'completed','NORMAL_CLEARING',49,37,32,14,'hangup','NORMAL_CLEARING','http://s3.amazonaws.com/recordings_2013/baa02930-5d4a-11e3-8eb1-0026b945b52b.mp3'),(969,'2013-12-05 01:18:56','07969e7c-5d4b-11e3-8192-f30f0e86751e',6598314050,6531586275,6585152617,'2013-12-05 09:17:38','2013-12-05 09:18:11',33,60,0.01500,'completed','NORMAL_CLEARING',49,37,32,14,'hangup','NORMAL_CLEARING','http://s3.amazonaws.com/recordings_2013/0bc9f890-5d4b-11e3-9e7b-0026b92f9684.mp3'),(970,'2013-12-05 01:20:36','43301954-5d4b-11e3-86a2-f30f0e86751e',6598314050,6531586275,6585152617,'2013-12-05 09:19:18','2013-12-05 09:22:04',165,180,0.01500,'completed','NORMAL_CLEARING',49,37,32,14,'hangup','NORMAL_CLEARING','http://s3.amazonaws.com/recordings_2013/47604364-5d4b-11e3-9e7b-0026b92f9684.mp3'),(971,'2013-12-05 01:45:58','ce2232a6-5d4e-11e3-8f84-1b5c95282229',6565007622,6531586275,6585152617,'2013-12-05 09:44:39','2013-12-05 09:45:45',65,120,0.01500,'completed','NORMAL_CLEARING',49,37,32,14,'hangup','NORMAL_CLEARING','http://s3.amazonaws.com/recordings_2013/d25144de-5d4e-11e3-8eb1-0026b945b52b.mp3'),(972,'2013-12-05 03:05:56','fa065842-5d59-11e3-b5c2-1b5c95282229',6597586982,6531586275,6585152617,'2013-12-05 11:04:37','2013-12-05 11:06:42',124,180,0.01500,'completed','NORMAL_CLEARING',49,37,32,14,'hangup','NORMAL_CLEARING','http://s3.amazonaws.com/recordings_2013/fe44c484-5d59-11e3-8eb1-0026b945b52b.mp3'),(973,'2013-12-05 03:48:00','da61b710-5d5f-11e3-833f-f30f0e86751e',6598263697,6531586275,6585152617,'2013-12-05 11:46:41','2013-12-05 11:48:13',91,120,0.01500,'completed','NORMAL_CLEARING',49,37,32,14,'hangup','NORMAL_CLEARING','http://s3.amazonaws.com/recordings_2013/de96de78-5d5f-11e3-9e7b-0026b92f9684.mp3'),(974,'2013-12-05 03:57:16','258de14a-5d61-11e3-a64b-1b5c95282229',85229097764,85235009105,85225252833,'2013-12-05 11:55:57','2013-12-05 11:57:12',60,60,0.00300,'completed','NORMAL_CLEARING',54,43,36,17,'hangup','NORMAL_CLEARING','http://s3.amazonaws.com/recordings_2013/265c5a66-5d61-11e3-8eb1-0026b945b52b.mp3'),(975,'2013-12-05 03:59:07','67a51b7a-5d61-11e3-aff7-1b5c95282229',6598788504,6531586275,6585152617,'2013-12-05 11:57:48','2013-12-05 12:00:05',137,180,0.01500,'completed','NORMAL_CLEARING',49,37,32,14,'hangup','NORMAL_CLEARING','http://s3.amazonaws.com/recordings_2013/6bd8be7c-5d61-11e3-8eb1-0026b945b52b.mp3'),(976,'2013-12-05 04:09:25','d82da32a-5d62-11e3-875b-f30f0e86751e',6598788504,6531586275,6585152617,'2013-12-05 12:08:06','2013-12-05 12:09:49',102,120,0.01500,'completed','NORMAL_CLEARING',49,37,32,14,'hangup','NORMAL_CLEARING','http://s3.amazonaws.com/recordings_2013/dc65521c-5d62-11e3-9e7b-0026b92f9684.mp3'),(977,'2013-12-05 04:48:19','47572438-5d68-11e3-ad54-1b5c95282229',6584927826,6531586275,6585152617,'2013-12-05 12:47:00','2013-12-05 12:48:09',67,120,0.01500,'completed','NORMAL_CLEARING',49,37,32,14,'hangup','NORMAL_CLEARING','http://s3.amazonaws.com/recordings_2013/4bd2c2ce-5d68-11e3-8eb1-0026b945b52b.mp3'),(978,'2013-12-05 04:57:03','7f667f9e-5d69-11e3-abf0-1b5c95282229',85291473549,85235009081,85291473549,'2013-12-05 12:55:44','2013-12-05 12:56:01',12,60,0.00300,'completed','NORMAL_CLEARING',9,9,14,9,'hangup','NORMAL_CLEARING','http://s3.amazonaws.com/recordings_2013/80755e3c-5d69-11e3-8eb1-0026b945b52b.mp3'),(979,'2013-12-05 05:18:15','7572c080-5d6c-11e3-8a21-1b5c95282229',6591720194,6531586275,6585152617,'2013-12-05 13:16:55','2013-12-05 13:17:05',8,60,0.01500,'completed','NORMAL_CLEARING',49,37,32,14,'hangup','ORIGINATOR_CANCEL','http://s3.amazonaws.com/recordings_2013/79edc92a-5d6c-11e3-8eb1-0026b945b52b.mp3'),(980,'2013-12-05 06:15:59','86b06a2a-5d74-11e3-853a-f30f0e86751e',6583802722,6531586275,6585152617,'2013-12-05 14:14:40','2013-12-05 14:15:45',64,120,0.01500,'completed','NORMAL_CLEARING',49,37,32,14,'hangup','NORMAL_CLEARING','http://s3.amazonaws.com/recordings_2013/8ada1b5a-5d74-11e3-9e7b-0026b92f9684.mp3'),(981,'2013-12-05 06:50:57','68ce8884-5d79-11e3-a6da-f30f0e86751e',85291473549,85235009081,85291473549,'2013-12-05 14:49:38','2013-12-05 14:49:46',4,60,0.00300,'completed','NORMAL_CLEARING',9,9,14,9,'hangup','NORMAL_CLEARING','http://s3.amazonaws.com/recordings_2013/69947e0e-5d79-11e3-9e7b-0026b92f9684.mp3'),(982,'2013-12-05 07:12:55','7a402b9c-5d7c-11e3-8150-1b5c95282229',0,6531586275,6585152617,'2013-12-05 15:11:35','2013-12-05 15:12:58',81,120,0.01500,'completed','NORMAL_CLEARING',49,37,32,14,'hangup','NORMAL_CLEARING','http://s3.amazonaws.com/recordings_2013/7f7ad1d4-5d7c-11e3-8eb1-0026b945b52b.mp3'),(983,'2013-12-05 07:17:03','0e4d2916-5d7d-11e3-a589-f30f0e86751e',6584927826,6531586275,6585152617,'2013-12-05 15:15:44','2013-12-05 15:16:50',66,120,0.01500,'completed','NORMAL_CLEARING',49,37,32,14,'hangup','NORMAL_CLEARING','http://s3.amazonaws.com/recordings_2013/1387850c-5d7d-11e3-9e7b-0026b92f9684.mp3'),(984,'2013-12-05 07:57:47','bf5654e4-5d82-11e3-b6ad-1b86ee956535',6590693411,6531586275,6585152617,'2013-12-05 15:56:28','2013-12-05 15:56:35',7,60,0.01500,'completed','NORMAL_CLEARING',49,37,32,14,NULL,NULL,'http://s3.amazonaws.com/recordings_2013/c38be4e8-5d82-11e3-bfa9-842b2b021718.mp3'),(985,'2013-12-05 08:35:04','f47e6f76-5d87-11e3-a5ec-2f2a948e0354',6593871440,6531586275,6585152617,'2013-12-05 16:33:45','2013-12-05 16:35:27',101,120,0.01500,'completed','NORMAL_CLEARING',49,37,32,14,'hangup','NORMAL_CLEARING','http://s3.amazonaws.com/recordings_2013/f89c3dea-5d87-11e3-910f-842b2b4be7e2.mp3'),(986,'2013-12-05 08:53:20','81877cf8-5d8a-11e3-b366-3d0f528c3bba',0,6531586275,6585152617,'2013-12-05 16:52:01','2013-12-05 16:52:24',23,60,0.01500,'completed','NORMAL_CLEARING',49,37,32,14,'hangup','ORIGINATOR_CANCEL','http://s3.amazonaws.com/recordings_2013/85b909b8-5d8a-11e3-b268-842b2b6bc5aa.mp3'),(987,'2013-12-05 09:59:34','c27ddb40-5d93-11e3-821a-f30f0e86751e',0,85235009105,85225252833,'2013-12-05 17:58:15','2013-12-05 17:58:37',15,60,0.00300,'completed','NORMAL_CLEARING',54,43,36,17,'hangup','NORMAL_CLEARING','http://s3.amazonaws.com/recordings_2013/c34f7380-5d93-11e3-9e7b-0026b92f9684.mp3'),(988,'2013-12-05 11:11:07','c11bd338-5d9d-11e3-92da-fdc08976d83f',6567487453,6531586275,6585152617,'2013-12-05 19:09:48','2013-12-05 19:10:05',17,60,0.01500,'completed','NORMAL_CLEARING',49,37,32,14,'hangup','ORIGINATOR_CANCEL','http://s3.amazonaws.com/recordings_2013/c53d28d6-5d9d-11e3-b185-842b2b4d61df.mp3'),(989,'2013-12-05 11:12:22','edd5512e-5d9d-11e3-bb42-c7a22946c980',6567487453,6531586275,6585152617,'2013-12-05 19:11:03','2013-12-05 19:12:18',74,120,0.01500,'completed','NORMAL_CLEARING',49,37,32,14,'hangup','NORMAL_CLEARING','http://s3.amazonaws.com/recordings_2013/f211f40e-5d9d-11e3-94e6-842b2b16384f.mp3'),(990,'2013-12-05 11:28:45','37ff77f0-5da0-11e3-93af-3d0f528c3bba',6590168051,6531586275,6585152617,'2013-12-05 19:27:26','2013-12-05 19:28:23',57,60,0.01500,'completed','NORMAL_CLEARING',49,37,32,14,'hangup','NORMAL_CLEARING','http://s3.amazonaws.com/recordings_2013/3be968f8-5da0-11e3-b268-842b2b6bc5aa.mp3'),(991,'2013-12-05 13:39:32','7cdc4e22-5db2-11e3-8954-f30f0e86751e',85231501720,85235009105,85225252833,'2013-12-05 21:38:13','2013-12-05 21:39:13',50,60,0.00300,'completed','NORMAL_CLEARING',54,43,36,17,'hangup','NORMAL_CLEARING','http://s3.amazonaws.com/recordings_2013/7da8d3d4-5db2-11e3-9e7b-0026b92f9684.mp3'),(992,'2013-12-06 00:19:41','e9c1b3de-5e0b-11e3-8b4b-1b5c95282229',85293121379,85235009105,85225252833,'2013-12-06 08:18:21','2013-12-06 08:19:41',66,120,0.00300,'completed','NORMAL_CLEARING',54,43,36,17,'hangup','NORMAL_CLEARING','http://s3.amazonaws.com/recordings_2013/ea8455a6-5e0b-11e3-8eb1-0026b945b52b.mp3'),(993,'2013-12-06 01:09:25','dcf0401a-5e12-11e3-87c3-1b86ee956535',6596677876,6531586275,6585152617,'2013-12-06 09:08:06','2013-12-06 09:08:13',7,60,0.01500,'completed','NORMAL_CLEARING',49,37,32,14,'hangup','NORMAL_TEMPORARY_FAILURE','http://s3.amazonaws.com/recordings_2013/e0e245ba-5e12-11e3-bfa9-842b2b021718.mp3'),(994,'2013-12-06 01:15:42','bd4df4fe-5e13-11e3-a8e5-3d0f528c3bba',6583952082,6531586275,6585152617,'2013-12-06 09:14:22','2013-12-06 09:14:29',7,60,0.01500,'completed','NORMAL_CLEARING',49,37,32,14,'hangup','NORMAL_TEMPORARY_FAILURE','http://s3.amazonaws.com/recordings_2013/c13b31d0-5e13-11e3-b268-842b2b6bc5aa.mp3'),(995,'2013-12-06 01:16:28','d91c27c8-5e13-11e3-896c-fdc08976d83f',6583952082,6531586275,6585152617,'2013-12-06 09:15:09','2013-12-06 09:16:33',84,120,0.01500,'completed','NORMAL_CLEARING',49,37,32,14,'hangup','NORMAL_CLEARING','http://s3.amazonaws.com/recordings_2013/dd08cab2-5e13-11e3-b185-842b2b4d61df.mp3'),(996,'2013-12-06 01:16:38','de847f08-5e13-11e3-b56b-c7a22946c980',6590674923,6531586275,6585152617,'2013-12-06 09:15:18','2013-12-06 09:16:06',48,60,0.01500,'completed','NORMAL_CLEARING',49,37,32,14,'hangup','NORMAL_CLEARING','http://s3.amazonaws.com/recordings_2013/e27ced5c-5e13-11e3-94e6-842b2b16384f.mp3'),(997,'2013-12-06 01:17:32','fed1598e-5e13-11e3-af0a-3d0f528c3bba',6590674923,6531586275,6585152617,'2013-12-06 09:16:12','2013-12-06 09:20:54',281,300,0.01500,'completed','NORMAL_CLEARING',49,37,32,14,'hangup','NORMAL_CLEARING','http://s3.amazonaws.com/recordings_2013/02c05ca2-5e14-11e3-b268-842b2b6bc5aa.mp3'),(998,'2013-12-06 02:49:55','e692d912-5e20-11e3-8155-1b5c95282229',85228006397,85235009105,85225252833,'2013-12-06 10:48:35','2013-12-06 10:55:27',404,420,0.00300,'completed','NORMAL_CLEARING',54,43,36,17,'hangup','NORMAL_CLEARING','http://s3.amazonaws.com/recordings_2013/e76012ec-5e20-11e3-8eb1-0026b945b52b.mp3'),(999,'2013-12-06 03:05:02','037d3426-5e23-11e3-a343-fdc08976d83f',6564964570,6531586275,6585152617,'2013-12-06 11:03:42','2013-12-06 11:05:44',121,180,0.01500,'completed','NORMAL_CLEARING',49,37,32,14,'hangup','NORMAL_CLEARING','http://s3.amazonaws.com/recordings_2013/0761225a-5e23-11e3-b185-842b2b4d61df.mp3'),(1000,'2013-12-06 03:07:30','5bb2e028-5e23-11e3-bf50-b968aeadf493',6562219890,6531586275,6585152617,'2013-12-06 11:06:10','2013-12-06 11:08:12',122,180,0.01500,'completed','NORMAL_CLEARING',49,37,32,14,'hangup','NORMAL_CLEARING','http://s3.amazonaws.com/recordings_2013/5fde38f0-5e23-11e3-8556-842b2b55f84d.mp3'),(1001,'2013-12-06 03:35:46','4e4ba646-5e27-11e3-9a43-f30f0e86751e',85222879758,85235009105,85225252833,'2013-12-06 11:34:26','2013-12-06 11:34:27',0,0,0.00300,'cancel','ORIGINATOR_CANCEL',54,43,36,17,NULL,NULL,'http://s3.amazonaws.com/recordings_2013/4f18c806-5e27-11e3-9e7b-0026b92f9684.mp3'),(1002,'2013-12-06 04:15:10','cfa9c678-5e2c-11e3-919a-ebdb955bff5f',6596448453,6531586275,6585152617,'2013-12-06 12:13:50','2013-12-06 12:14:00',9,60,0.01500,'completed','NORMAL_CLEARING',49,37,32,14,'hangup','ORIGINATOR_CANCEL','http://s3.amazonaws.com/recordings_2013/d3e1f292-5e2c-11e3-85b8-842b2b096c5d.mp3'),(1003,'2013-12-06 04:42:41','a7b25410-5e30-11e3-9fb1-f119b12b03b9',6582344566,6531586275,6585152617,'2013-12-06 12:41:21','2013-12-06 12:42:21',60,60,0.01500,'completed','NORMAL_CLEARING',49,37,32,14,'hangup','NORMAL_CLEARING','http://s3.amazonaws.com/recordings_2013/abe43882-5e30-11e3-a8c4-0026b959a530.mp3'),(1004,'2013-12-06 06:55:14','2bd24554-5e43-11e3-abfd-f30f0e86751e',85229714840,85235009105,85225252833,'2013-12-06 14:53:54','2013-12-06 14:55:36',91,120,0.00300,'completed','NORMAL_CLEARING',54,43,36,17,'hangup','NORMAL_CLEARING','http://s3.amazonaws.com/recordings_2013/2c9cf79a-5e43-11e3-9e7b-0026b92f9684.mp3'),(1005,'2013-12-06 07:54:53','80d4d1c2-5e4b-11e3-a83a-c7a22946c980',6598338696,6531586275,6585152617,'2013-12-06 15:53:32','2013-12-06 15:54:09',37,60,0.01500,'completed','NORMAL_CLEARING',49,37,32,14,'hangup','NORMAL_CLEARING','http://s3.amazonaws.com/recordings_2013/84c6838e-5e4b-11e3-94e6-842b2b16384f.mp3'),(1006,'2013-12-06 08:24:32','a5850a92-5e4f-11e3-84d7-c7d903f224f2',6566719412,6531586275,6585152617,'2013-12-06 16:23:12','2013-12-06 16:26:28',196,240,0.01500,'completed','NORMAL_CLEARING',49,37,32,14,'hangup','NORMAL_CLEARING','http://s3.amazonaws.com/recordings_2013/a6a9179c-5e4f-11e3-bfa9-842b2b021718.mp3'),(1007,'2013-12-06 08:55:55','07d3e188-5e54-11e3-90db-f30a74801216',85293381670,85235009101,85239751890,'2013-12-06 16:54:35','2013-12-06 16:55:05',25,60,0.00300,'completed','NORMAL_CLEARING',34,30,27,13,'hangup','NORMAL_CLEARING',NULL),(1008,'2013-12-06 09:04:16','32445078-5e55-11e3-9c26-c7d903f224f2',6590625154,6531586275,6585152617,'2013-12-06 17:02:55','2013-12-06 17:05:34',158,180,0.01500,'completed','NORMAL_CLEARING',49,37,32,14,'hangup','NORMAL_CLEARING','http://s3.amazonaws.com/recordings_2013/33631c00-5e55-11e3-bfa9-842b2b021718.mp3'),(1009,'2013-12-06 09:11:12','29fe6452-5e56-11e3-b08b-e1116af7c2d1',6591999704,6531586275,6585152617,'2013-12-06 17:09:51','2013-12-06 17:11:52',120,120,0.01500,'completed','NORMAL_CLEARING',49,37,32,14,'hangup','NORMAL_CLEARING','http://s3.amazonaws.com/recordings_2013/2b14d02e-5e56-11e3-8556-842b2b55f84d.mp3'),(1010,'2013-12-06 09:39:01','0d26f962-5e5a-11e3-ac94-b7955b6eed97',6594247932,6531586275,6585152617,'2013-12-06 17:37:41','2013-12-06 17:41:27',226,240,0.01500,'completed','NORMAL_CLEARING',49,37,32,14,'hangup','NORMAL_CLEARING','http://s3.amazonaws.com/recordings_2013/0e4cac74-5e5a-11e3-b268-842b2b6bc5aa.mp3'),(1011,'2013-12-06 09:53:11','076ab2c8-5e5c-11e3-bedb-696d81c2c79b',6596610184,6531586275,6585152617,'2013-12-06 17:51:50','2013-12-06 17:58:10',379,420,0.01500,'completed','NORMAL_CLEARING',49,37,32,14,'hangup','NORMAL_CLEARING','http://s3.amazonaws.com/recordings_2013/087eb3b2-5e5c-11e3-b185-842b2b4d61df.mp3'),(1012,'2013-12-06 12:55:16','77acbcde-5e75-11e3-a687-e1116af7c2d1',6582883669,6531586275,6585152617,'2013-12-06 20:53:56','2013-12-06 20:54:06',9,60,0.01500,'completed','NORMAL_CLEARING',49,37,32,14,'hangup','ORIGINATOR_CANCEL','http://s3.amazonaws.com/recordings_2013/78c10a26-5e75-11e3-8556-842b2b55f84d.mp3'),(1013,'2013-12-07 01:05:06','6b8debb0-5edb-11e3-bdaf-e1116af7c2d1',6591114454,6531586275,6585152617,'2013-12-07 09:03:44','2013-12-07 09:04:12',28,60,0.01500,'completed','NORMAL_CLEARING',49,37,32,14,'hangup','NORMAL_CLEARING','http://s3.amazonaws.com/recordings_2013/6f8231a4-5edb-11e3-8556-842b2b55f84d.mp3'),(1014,'2013-12-07 02:48:55','ec81f262-5ee9-11e3-848f-05d3e60a10e3',85231970116,85235009101,85239751890,'2013-12-07 10:47:33','2013-12-07 10:48:33',0,0,0.00300,'cancel','ORIGINATOR_CANCEL',34,30,27,13,'hangup','ORIGINATOR_CANCEL',NULL),(1015,'2013-12-07 03:29:56','a70d1648-5eef-11e3-b6c1-d1fc3ac263aa',6591442369,6531586275,6585152617,'2013-12-07 11:28:34','2013-12-07 11:28:40',6,60,0.01500,'completed','NORMAL_CLEARING',49,37,32,14,NULL,NULL,NULL),(1016,'2013-12-07 04:20:00','a5b58670-5ef6-11e3-acf7-9b3fa6ceab54',6591278060,6531586275,6585152617,'2013-12-07 12:18:38','2013-12-07 12:19:52',73,120,0.01500,'completed','NORMAL_CLEARING',49,37,32,14,'hangup','NORMAL_CLEARING','http://s3.amazonaws.com/recordings_2013/a9ca2932-5ef6-11e3-b185-842b2b4d61df.mp3'),(1017,'2013-12-07 05:13:37','235f8402-5efe-11e3-9272-b7b20313bc69',6584888535,6531586275,6585152617,'2013-12-07 13:12:15','2013-12-07 13:14:43',148,180,0.01500,'completed','NORMAL_CLEARING',49,37,32,14,'hangup','NORMAL_CLEARING','http://s3.amazonaws.com/recordings_2013/2790b0be-5efe-11e3-a8c4-0026b959a530.mp3'),(1018,'2013-12-07 05:13:52','2c618e24-5efe-11e3-a343-1f26306fb133',6593871595,6531586275,6585152617,'2013-12-07 13:12:31','2013-12-07 13:13:06',35,60,0.01500,'completed','NORMAL_CLEARING',49,37,32,14,'hangup','NORMAL_CLEARING','http://s3.amazonaws.com/recordings_2013/3085e25c-5efe-11e3-910f-842b2b4be7e2.mp3'),(1019,'2013-12-07 07:53:49','8400e92a-5f14-11e3-b904-05d3e60a10e3',0,85235009105,85225252833,'2013-12-07 15:52:27','2013-12-07 15:54:04',86,120,0.00300,'completed','NORMAL_CLEARING',54,43,36,17,'hangup','NORMAL_CLEARING','http://s3.amazonaws.com/recordings_2013/84d3b710-5f14-11e3-9e7b-0026b92f9684.mp3'),(1020,'2013-12-07 09:51:06','e6702b60-5f24-11e3-8ffe-e9d23104985d',6567439844,6531586275,6585152617,'2013-12-07 17:49:44','2013-12-07 17:50:40',56,60,0.01500,'completed','NORMAL_CLEARING',49,37,32,14,'hangup','NORMAL_CLEARING','http://s3.amazonaws.com/recordings_2013/ea8db8ac-5f24-11e3-b268-842b2b6bc5aa.mp3'),(1021,'2013-12-08 01:08:42','15f52810-5fa5-11e3-bbde-1f26306fb133',6567323228,6531586275,6585152617,'2013-12-08 09:07:19','2013-12-08 09:08:25',66,120,0.01500,'completed','NORMAL_CLEARING',49,37,32,14,'hangup','NORMAL_CLEARING','http://s3.amazonaws.com/recordings_2013/19e0077e-5fa5-11e3-910f-842b2b4be7e2.mp3'),(1022,'2013-12-08 02:02:45','a28e7f7c-5fac-11e3-a5c2-2bd4bc53aefa',0,85235009105,85225252833,'2013-12-08 10:01:21','2013-12-08 10:02:21',51,60,0.00300,'completed','NORMAL_CLEARING',54,43,36,17,'hangup','NORMAL_CLEARING','http://s3.amazonaws.com/recordings_2013/a3631606-5fac-11e3-8eb1-0026b945b52b.mp3'),(1023,'2013-12-08 02:23:35','8c3a78f4-5faf-11e3-b871-676a5c93bf95',6593258792,6531586275,6585152617,'2013-12-08 10:22:12','2013-12-08 10:23:08',56,60,0.01500,'completed','NORMAL_CLEARING',49,37,32,14,'hangup','NORMAL_CLEARING','http://s3.amazonaws.com/recordings_2013/9025f3c6-5faf-11e3-a8c4-0026b959a530.mp3'),(1024,'2013-12-08 03:56:37','8b487588-5fbc-11e3-824f-a3b81877b3b1',6596953020,6531586275,6585152617,'2013-12-08 11:55:14','2013-12-08 11:56:12',58,60,0.01500,'completed','NORMAL_CLEARING',49,37,32,14,'hangup','NORMAL_CLEARING','http://s3.amazonaws.com/recordings_2013/8f77d446-5fbc-11e3-bfa9-842b2b021718.mp3'),(1025,'2013-12-08 03:57:48','b52995bc-5fbc-11e3-9a5e-676a5c93bf95',6596953020,6531586275,6585152617,'2013-12-08 11:56:24','2013-12-08 11:57:16',52,60,0.01500,'completed','NORMAL_CLEARING',49,37,32,14,'hangup','NORMAL_CLEARING','http://s3.amazonaws.com/recordings_2013/b9136e0a-5fbc-11e3-a8c4-0026b959a530.mp3'),(1026,'2013-12-08 05:19:58','2fceb940-5fc8-11e3-99b1-ed6db903e898',6592396291,6531586275,6585152617,'2013-12-08 13:18:35','2013-12-08 13:19:03',28,60,0.01500,'completed','NORMAL_CLEARING',49,37,32,14,'hangup','ORIGINATOR_CANCEL','http://s3.amazonaws.com/recordings_2013/33eb2126-5fc8-11e3-8556-842b2b55f84d.mp3'),(1027,'2013-12-08 05:54:44','0b092eba-5fcd-11e3-8f86-af06f932a8eb',6591999704,6531586275,6585152617,'2013-12-08 13:53:20','2013-12-08 13:53:32',11,60,0.01500,'completed','NORMAL_CLEARING',49,37,32,14,'hangup','ORIGINATOR_CANCEL','http://s3.amazonaws.com/recordings_2013/0f20d138-5fcd-11e3-b185-842b2b4d61df.mp3'),(1028,'2013-12-08 06:55:39','8d7351fc-5fd5-11e3-b2e6-c305d17403a7',85266434006,85235009105,85225252833,'2013-12-08 14:54:15','2013-12-08 14:56:19',112,120,0.00300,'completed','NORMAL_CLEARING',54,43,36,17,'hangup','NORMAL_CLEARING','http://s3.amazonaws.com/recordings_2013/8e4370a8-5fd5-11e3-9e7b-0026b92f9684.mp3'),(1029,'2013-12-08 10:36:02','56c0f9f6-5ff4-11e3-872f-2bd4bc53aefa',85235499663,85235009105,85225252833,'2013-12-08 18:34:38','2013-12-08 18:36:50',113,120,0.00300,'completed','NORMAL_CLEARING',54,43,36,17,'hangup','NORMAL_CLEARING','http://s3.amazonaws.com/recordings_2013/578e0d92-5ff4-11e3-8eb1-0026b945b52b.mp3'),(1030,'2013-12-08 11:55:31','71d16d1a-5fff-11e3-a01c-a1fe8773c321',6581828207,6531586275,6585152617,'2013-12-08 19:54:08','2013-12-08 19:54:58',50,60,0.01500,'completed','NORMAL_CLEARING',49,37,32,14,'hangup','NORMAL_CLEARING','http://s3.amazonaws.com/recordings_2013/75fd7758-5fff-11e3-b268-842b2b6bc5aa.mp3'),(1031,'2013-12-09 00:21:04','97dcb074-6067-11e3-bea2-676a5c93bf95',6592392111,6531586275,6585152617,'2013-12-09 08:19:39','2013-12-09 08:20:34',54,60,0.01500,'completed','NORMAL_CLEARING',49,37,32,14,'hangup','NORMAL_CLEARING','http://s3.amazonaws.com/recordings_2013/9c134ac2-6067-11e3-a8c4-0026b959a530.mp3'),(1032,'2013-12-09 01:09:11','5091e11a-606e-11e3-8cbb-ed6db903e898',6567795555,6531586275,6585152617,'2013-12-09 09:07:46','2013-12-09 09:08:34',47,60,0.01500,'completed','NORMAL_CLEARING',49,37,32,14,'hangup','NORMAL_CLEARING','http://s3.amazonaws.com/recordings_2013/547eef66-606e-11e3-8556-842b2b55f84d.mp3'),(1033,'2013-12-09 01:32:22','8d9b9d28-6071-11e3-971a-2bd4bc53aefa',0,85235009105,85225252833,'2013-12-09 09:30:57','2013-12-09 09:31:34',25,60,0.00300,'completed','NORMAL_CLEARING',54,43,36,17,'hangup','NORMAL_CLEARING','http://s3.amazonaws.com/recordings_2013/8e740398-6071-11e3-8eb1-0026b945b52b.mp3'),(1034,'2013-12-09 01:43:34','1eb56950-6073-11e3-8ffc-a1fe8773c321',6564105999,6531586275,6585152617,'2013-12-09 09:42:10','2013-12-09 09:43:24',74,120,0.01500,'completed','NORMAL_CLEARING',49,37,32,14,'hangup','NORMAL_CLEARING','http://s3.amazonaws.com/recordings_2013/22a7ce72-6073-11e3-b268-842b2b6bc5aa.mp3'),(1035,'2013-12-09 02:11:08','f80c2bf0-6076-11e3-8f56-1f26306fb133',623177769100,6531586275,6585152617,'2013-12-09 10:09:43','2013-12-09 10:16:47',423,480,0.01500,'completed','NORMAL_CLEARING',49,37,32,14,'hangup','NORMAL_CLEARING','http://s3.amazonaws.com/recordings_2013/fc486616-6076-11e3-910f-842b2b4be7e2.mp3'),(1036,'2013-12-09 02:16:06','a9dfae60-6077-11e3-ae0b-a1fe8773c321',6590902107,6531586275,6585152617,'2013-12-09 10:14:41','2013-12-09 10:15:34',52,60,0.01500,'completed','NORMAL_CLEARING',49,37,32,14,'hangup','NORMAL_CLEARING','http://s3.amazonaws.com/recordings_2013/add5953e-6077-11e3-b268-842b2b6bc5aa.mp3'),(1037,'2013-12-09 02:37:01','95e7c156-607a-11e3-ac4a-1f26306fb133',6568843601,6531586275,6585152617,'2013-12-09 10:35:36','2013-12-09 10:37:03',87,120,0.01500,'completed','NORMAL_CLEARING',49,37,32,14,'hangup','NORMAL_CLEARING','http://s3.amazonaws.com/recordings_2013/99dc426e-607a-11e3-910f-842b2b4be7e2.mp3'),(1038,'2013-12-09 03:14:27','d0a02068-607f-11e3-b628-676a5c93bf95',6590115515,6531586275,6585152617,'2013-12-09 11:13:02','2013-12-09 11:16:41',218,240,0.01500,'completed','NORMAL_CLEARING',49,37,32,14,'hangup','NORMAL_CLEARING','http://s3.amazonaws.com/recordings_2013/d48a7f16-607f-11e3-a8c4-0026b959a530.mp3'),(1039,'2013-12-09 03:20:01','97c055fa-6080-11e3-80e4-ed6db903e898',6564723707,6531586275,6585152617,'2013-12-09 11:18:36','2013-12-09 11:19:57',80,120,0.01500,'completed','NORMAL_CLEARING',49,37,32,14,'hangup','NORMAL_CLEARING','http://s3.amazonaws.com/recordings_2013/9bc05db2-6080-11e3-8556-842b2b55f84d.mp3'),(1040,'2013-12-09 03:24:56','477b9ce8-6081-11e3-8d98-af06f932a8eb',6562396358,6531586275,6585152617,'2013-12-09 11:23:31','2013-12-09 11:23:56',24,60,0.01500,'completed','NORMAL_CLEARING',49,37,32,14,'hangup','NORMAL_CLEARING','http://s3.amazonaws.com/recordings_2013/4b5f80c2-6081-11e3-b185-842b2b4d61df.mp3'),(1041,'2013-12-09 03:26:55','8e8745ba-6081-11e3-8d39-c305d17403a7',0,85235009105,85225252833,'2013-12-09 11:25:30','2013-12-09 11:28:35',178,180,0.00300,'completed','NORMAL_CLEARING',54,43,36,17,'hangup','NORMAL_CLEARING','http://s3.amazonaws.com/recordings_2013/8f491f00-6081-11e3-9e7b-0026b92f9684.mp3'),(1042,'2013-12-09 03:55:06','7e9e528e-6085-11e3-b816-a1fe8773c321',6567767062,6531586275,6585152617,'2013-12-09 11:53:42','2013-12-09 11:55:13',91,120,0.01500,'completed','NORMAL_CLEARING',49,37,32,14,'hangup','NORMAL_CLEARING','http://s3.amazonaws.com/recordings_2013/828f03e8-6085-11e3-b268-842b2b6bc5aa.mp3'),(1043,'2013-12-09 03:56:07','a2d961fc-6085-11e3-a5cd-1f26306fb133',6590115515,6531586275,6585152617,'2013-12-09 11:54:43','2013-12-09 11:55:32',49,60,0.01500,'completed','NORMAL_CLEARING',49,37,32,14,'hangup','NORMAL_CLEARING','http://s3.amazonaws.com/recordings_2013/a6c2c7b8-6085-11e3-910f-842b2b4be7e2.mp3'),(1044,'2013-12-09 04:32:35','ba6018f2-608a-11e3-9dd7-2bd4bc53aefa',85228539812,85235009080,85266821490,'2013-12-09 12:31:10','2013-12-09 12:31:26',16,60,0.00300,'completed','NORMAL_CLEARING',8,9,14,9,'hangup','NORMAL_CLEARING',NULL),(1045,'2013-12-09 04:34:21','fa2a3440-608a-11e3-ac86-676a5c93bf95',6565917633,6531586275,6585152617,'2013-12-09 12:32:57','2013-12-09 12:32:57',0,0,0.01500,'cancel','ORIGINATOR_CANCEL',49,37,32,14,NULL,NULL,NULL),(1046,'2013-12-09 05:00:13','96ee2482-608e-11e3-96bd-a3b81877b3b1',6563570337,6531586275,6585152617,'2013-12-09 12:58:48','2013-12-09 12:59:16',27,60,0.01500,'completed','NORMAL_CLEARING',49,37,32,14,'hangup','ORIGINATOR_CANCEL','http://s3.amazonaws.com/recordings_2013/9b2ee770-608e-11e3-bfa9-842b2b021718.mp3'),(1047,'2013-12-09 05:22:08','a716c974-6091-11e3-817c-676a5c93bf95',6562785788,6531586275,6585152617,'2013-12-09 13:20:44','2013-12-09 13:22:26',102,120,0.01500,'completed','NORMAL_CLEARING',49,37,32,14,'hangup','NORMAL_CLEARING','http://s3.amazonaws.com/recordings_2013/ab1343e0-6091-11e3-a8c4-0026b959a530.mp3'),(1048,'2013-12-09 05:32:15','1083264a-6093-11e3-8bc7-ed6db903e898',0,6531586275,6585152617,'2013-12-09 13:30:50','2013-12-09 13:33:35',165,180,0.01500,'completed','NORMAL_CLEARING',49,37,32,14,'hangup','NORMAL_CLEARING','http://s3.amazonaws.com/recordings_2013/1488c150-6093-11e3-8556-842b2b55f84d.mp3'),(1049,'2013-12-09 07:19:31','0ca560c4-60a2-11e3-8053-1f26306fb133',6593283075,6531586275,6585152617,'2013-12-09 15:18:06','2013-12-09 15:20:24',138,180,0.01500,'completed','NORMAL_CLEARING',49,37,32,14,'hangup','NORMAL_CLEARING','http://s3.amazonaws.com/recordings_2013/1107cd96-60a2-11e3-910f-842b2b4be7e2.mp3'),(1050,'2013-12-09 07:57:54','695aa306-60a7-11e3-bfd5-1f26306fb133',6562704192,6531586275,6585152617,'2013-12-09 15:56:29','2013-12-09 15:57:55',86,120,0.01500,'completed','NORMAL_CLEARING',49,37,32,14,'hangup','NORMAL_CLEARING','http://s3.amazonaws.com/recordings_2013/6d2b5bce-60a7-11e3-910f-842b2b4be7e2.mp3'),(1051,'2013-12-09 08:06:26','9a526d62-60a8-11e3-83e8-1f26306fb133',6598574288,6531586275,6585152617,'2013-12-09 16:05:01','2013-12-09 16:05:06',5,60,0.01500,'completed','NORMAL_CLEARING',49,37,32,14,NULL,NULL,NULL),(1052,'2013-12-09 08:16:48','0d5ca0d8-60aa-11e3-b941-a3b81877b3b1',6564523328,6531586275,6585152617,'2013-12-09 16:15:23','2013-12-09 16:22:21',418,420,0.01500,'completed','NORMAL_CLEARING',49,37,32,14,'hangup','NORMAL_CLEARING','http://s3.amazonaws.com/recordings_2013/119954fc-60aa-11e3-bfa9-842b2b021718.mp3'),(1053,'2013-12-09 08:19:05','5ecbaa90-60aa-11e3-b9e8-a3b81877b3b1',6583327934,6531586275,6585152617,'2013-12-09 16:17:40','2013-12-09 16:18:08',28,60,0.01500,'completed','NORMAL_CLEARING',49,37,32,14,'hangup','ORIGINATOR_CANCEL','http://s3.amazonaws.com/recordings_2013/62d02bb6-60aa-11e3-bfa9-842b2b021718.mp3'),(1054,'2013-12-09 09:19:02','bea6972e-60b2-11e3-8a28-3fb6fd377aa1',6593689348,6531586275,6585152617,'2013-12-09 17:17:37','2013-12-09 17:20:36',179,180,0.01500,'completed','NORMAL_CLEARING',49,37,32,14,'hangup','NORMAL_CLEARING','http://s3.amazonaws.com/recordings_2013/c2e80fde-60b2-11e3-85b8-842b2b096c5d.mp3'),(1055,'2013-12-09 10:08:58','b8b0c2c0-60b9-11e3-a864-1f26306fb133',0,6531586275,6585152617,'2013-12-09 18:07:33','2013-12-09 18:08:27',54,60,0.01500,'completed','NORMAL_CLEARING',49,37,32,14,'hangup','NORMAL_CLEARING','http://s3.amazonaws.com/recordings_2013/bc9f1940-60b9-11e3-910f-842b2b4be7e2.mp3'),(1056,'2013-12-09 10:50:05','76f0e4b8-60bf-11e3-8552-af06f932a8eb',6598762537,6531586275,6585152617,'2013-12-09 18:48:40','2013-12-09 18:49:48',68,120,0.01500,'completed','NORMAL_CLEARING',49,37,32,14,'hangup','NORMAL_CLEARING','http://s3.amazonaws.com/recordings_2013/7b165afa-60bf-11e3-b185-842b2b4d61df.mp3'),(1057,'2013-12-09 11:46:50','6465a466-60c7-11e3-ac93-2bd4bc53aefa',85255972911,85235009105,85225252833,'2013-12-09 19:45:25','2013-12-09 19:46:30',56,60,0.00300,'completed','NORMAL_CLEARING',54,43,36,17,'hangup','NORMAL_CLEARING','http://s3.amazonaws.com/recordings_2013/65380398-60c7-11e3-8eb1-0026b945b52b.mp3'),(1058,'2013-12-09 11:48:02','8efbe6f4-60c7-11e3-b35c-2bd4bc53aefa',85255972911,85235009105,85225252833,'2013-12-09 19:46:36','2013-12-09 19:46:38',0,0,0.00300,'cancel','ORIGINATOR_CANCEL',54,43,36,17,NULL,NULL,'http://s3.amazonaws.com/recordings_2013/8fcc89b2-60c7-11e3-8eb1-0026b945b52b.mp3'),(1059,'2013-12-10 00:27:35','aa5472d0-6131-11e3-bddb-af06f932a8eb',6567912937,6531586275,6585152617,'2013-12-10 08:26:09','2013-12-10 08:26:54',45,60,0.01500,'completed','NORMAL_CLEARING',49,37,32,14,'hangup','NORMAL_CLEARING','http://s3.amazonaws.com/recordings_2013/ae3afdc4-6131-11e3-b185-842b2b4d61df.mp3'),(1060,'2013-12-10 00:29:46','f8b99626-6131-11e3-9204-dd07a25654c2',6591767397,6531586275,6585152617,'2013-12-10 08:28:20','2013-12-10 08:28:51',30,60,0.01500,'completed','NORMAL_CLEARING',49,37,32,14,'hangup','NO_USER_RESPONSE','http://s3.amazonaws.com/recordings_2013/fce99c8c-6131-11e3-8556-842b2b55f84d.mp3'),(1061,'2013-12-10 00:47:36','768f1e8e-6134-11e3-a7ee-af06f932a8eb',6567912937,6531586275,6585152617,'2013-12-10 08:46:10','2013-12-10 08:48:46',155,180,0.01500,'completed','NORMAL_CLEARING',49,37,32,14,'hangup','NORMAL_CLEARING','http://s3.amazonaws.com/recordings_2013/7a6714e4-6134-11e3-b185-842b2b4d61df.mp3'),(1062,'2013-12-10 01:12:01','df79aa38-6137-11e3-afea-1f26306fb133',6562489568,6531586275,6585152617,'2013-12-10 09:10:35','2013-12-10 09:14:30',235,240,0.01500,'completed','NORMAL_CLEARING',49,37,32,14,'hangup','NORMAL_CLEARING','http://s3.amazonaws.com/recordings_2013/e362c2ba-6137-11e3-910f-842b2b4be7e2.mp3'),(1063,'2013-12-10 02:18:43','30d3ee62-6141-11e3-a63f-dd07a25654c2',6583487578,6531586275,6585152617,'2013-12-10 10:17:17','2013-12-10 10:19:28',131,180,0.01500,'completed','NORMAL_CLEARING',49,37,32,14,'hangup','NORMAL_CLEARING','http://s3.amazonaws.com/recordings_2013/34b4544a-6141-11e3-8556-842b2b55f84d.mp3'),(1064,'2013-12-10 02:23:45','e5279706-6141-11e3-981f-a3b81877b3b1',6592217012,6531586275,6585152617,'2013-12-10 10:22:19','2013-12-10 10:23:50',90,120,0.01500,'completed','NORMAL_CLEARING',49,37,32,14,'hangup','NORMAL_CLEARING','http://s3.amazonaws.com/recordings_2013/e8fab188-6141-11e3-bfa9-842b2b021718.mp3'),(1065,'2013-12-10 02:26:35','4a88ee92-6142-11e3-a1ca-af06f932a8eb',623177769100,6531586275,6585152617,'2013-12-10 10:25:09','2013-12-10 10:27:16',127,180,0.01500,'completed','NORMAL_CLEARING',49,37,32,14,'hangup','NORMAL_CLEARING','http://s3.amazonaws.com/recordings_2013/4e5d1cf0-6142-11e3-b185-842b2b4d61df.mp3'),(1066,'2013-12-10 02:38:15','ebcabdde-6143-11e3-a964-a3b81877b3b1',6567652163,6531586275,6585152617,'2013-12-10 10:36:49','2013-12-10 10:40:05',196,240,0.01500,'completed','NORMAL_CLEARING',49,37,32,14,'hangup','NORMAL_CLEARING','http://s3.amazonaws.com/recordings_2013/efa3cbbc-6143-11e3-bfa9-842b2b021718.mp3'),(1067,'2013-12-10 03:30:20','31da06ac-614b-11e3-b39d-c305d17403a7',85228109552,85235009105,85225252833,'2013-12-10 11:28:53','2013-12-10 11:29:29',29,60,0.00300,'completed','NORMAL_CLEARING',54,43,36,17,'hangup','NORMAL_CLEARING','http://s3.amazonaws.com/recordings_2013/329eda18-614b-11e3-9e7b-0026b92f9684.mp3'),(1068,'2013-12-10 03:40:44','a6078634-614c-11e3-88e3-3fb6fd377aa1',6564397804,6531586275,6585152617,'2013-12-10 11:39:18','2013-12-10 11:41:52',154,180,0.01500,'completed','NORMAL_CLEARING',49,37,32,14,'hangup','NORMAL_CLEARING','http://s3.amazonaws.com/recordings_2013/a9f8b7ea-614c-11e3-85b8-842b2b096c5d.mp3'),(1069,'2013-12-10 03:58:06','135cde3a-614f-11e3-97cf-dd07a25654c2',6598809190,6531586275,6585152617,'2013-12-10 11:56:40','2013-12-10 11:57:33',53,60,0.01500,'completed','NORMAL_CLEARING',49,37,32,14,'hangup','NORMAL_CLEARING','http://s3.amazonaws.com/recordings_2013/17430ed4-614f-11e3-8556-842b2b55f84d.mp3'),(1070,'2013-12-10 04:25:23','e2ad091e-6152-11e3-900f-af06f932a8eb',65,6531586275,6585152617,'2013-12-10 12:23:56','2013-12-10 12:24:03',7,60,0.01500,'completed','NORMAL_CLEARING',49,37,32,14,'hangup','CALL_REJECTED','http://s3.amazonaws.com/recordings_2013/e68888ec-6152-11e3-b185-842b2b4d61df.mp3'),(1071,'2013-12-10 04:35:05','3d978538-6154-11e3-b2b3-dd07a25654c2',6594304877,6531586275,6585152617,'2013-12-10 12:33:38','2013-12-10 12:33:45',7,60,0.01500,'completed','NORMAL_CLEARING',49,37,32,14,'hangup','CALL_REJECTED','http://s3.amazonaws.com/recordings_2013/416ebb0e-6154-11e3-8556-842b2b55f84d.mp3'),(1072,'2013-12-10 04:35:40','52743eba-6154-11e3-a664-1f26306fb133',6594304877,6531586275,6585152617,'2013-12-10 12:34:13','2013-12-10 12:34:20',7,60,0.01500,'completed','NORMAL_CLEARING',49,37,32,14,'hangup','CALL_REJECTED','http://s3.amazonaws.com/recordings_2013/56426fc6-6154-11e3-910f-842b2b4be7e2.mp3'),(1073,'2013-12-10 04:40:17','f7e5c86e-6154-11e3-9888-af06f932a8eb',6598213847,6531586275,6585152617,'2013-12-10 12:38:51','2013-12-10 12:38:58',7,60,0.01500,'completed','NORMAL_CLEARING',49,37,32,14,'hangup','CALL_REJECTED','http://s3.amazonaws.com/recordings_2013/fbcf2312-6154-11e3-b185-842b2b4d61df.mp3'),(1074,'2013-12-10 04:40:55','0e406d08-6155-11e3-9381-a3b81877b3b1',6598213847,6531586275,6585152617,'2013-12-10 12:39:29','2013-12-10 12:39:36',7,60,0.01500,'completed','NORMAL_CLEARING',49,37,32,14,'hangup','CALL_REJECTED','http://s3.amazonaws.com/recordings_2013/1228528c-6155-11e3-bfa9-842b2b021718.mp3'),(1075,'2013-12-10 05:00:35','cdf7ce0a-6157-11e3-9e7a-a3b81877b3b1',6565952671,6531586275,6585152617,'2013-12-10 12:59:09','2013-12-10 12:59:16',7,60,0.01500,'completed','NORMAL_CLEARING',49,37,32,14,'hangup','CALL_REJECTED','http://s3.amazonaws.com/recordings_2013/d1d1e9ac-6157-11e3-bfa9-842b2b021718.mp3'),(1076,'2013-12-10 05:08:03','d8a5c220-6158-11e3-bb18-1f26306fb133',6598618139,6531586275,6585152617,'2013-12-10 13:06:37','2013-12-10 13:06:44',7,60,0.01500,'completed','NORMAL_CLEARING',49,37,32,14,'hangup','CALL_REJECTED','http://s3.amazonaws.com/recordings_2013/dc91cba4-6158-11e3-910f-842b2b4be7e2.mp3'),(1077,'2013-12-10 05:08:29','e8243f56-6158-11e3-a46e-a3b81877b3b1',6598618139,6531586275,6585152617,'2013-12-10 13:07:03','2013-12-10 13:07:09',6,60,0.01500,'completed','NORMAL_CLEARING',49,37,32,14,'hangup','CALL_REJECTED','http://s3.amazonaws.com/recordings_2013/ec023bd2-6158-11e3-bfa9-842b2b021718.mp3'),(1078,'2013-12-10 05:09:45','15373ade-6159-11e3-855a-3fb6fd377aa1',6565952671,6531586275,6585152617,'2013-12-10 13:08:18','2013-12-10 13:08:25',7,60,0.01500,'completed','NORMAL_CLEARING',49,37,32,14,'hangup','CALL_REJECTED','http://s3.amazonaws.com/recordings_2013/191de1f2-6159-11e3-85b8-842b2b096c5d.mp3'),(1079,'2013-12-10 05:09:52','19e784f8-6159-11e3-87a7-dd07a25654c2',6598618139,6531586275,6585152617,'2013-12-10 13:08:26','2013-12-10 13:08:33',6,60,0.01500,'completed','NORMAL_CLEARING',49,37,32,14,'hangup','CALL_REJECTED','http://s3.amazonaws.com/recordings_2013/1dd27208-6159-11e3-8556-842b2b55f84d.mp3'),(1080,'2013-12-10 05:12:15','6ef202ca-6159-11e3-aad2-af06f932a8eb',0,6531586275,6585152617,'2013-12-10 13:10:49','2013-12-10 13:10:56',6,60,0.01500,'completed','NORMAL_CLEARING',49,37,32,14,'hangup','CALL_REJECTED','http://s3.amazonaws.com/recordings_2013/72cc20d8-6159-11e3-b185-842b2b4d61df.mp3'),(1081,'2013-12-10 05:12:32','78ce9448-6159-11e3-8691-3fb6fd377aa1',0,6531586275,6585152617,'2013-12-10 13:11:05','2013-12-10 13:11:12',7,60,0.01500,'completed','NORMAL_CLEARING',49,37,32,14,'hangup','CALL_REJECTED','http://s3.amazonaws.com/recordings_2013/7cb6b8e2-6159-11e3-85b8-842b2b096c5d.mp3'),(1082,'2013-12-10 05:34:14','8141eaaa-615c-11e3-927a-dd07a25654c2',6531571000,6531586275,6585152617,'2013-12-10 13:32:48','2013-12-10 13:32:55',7,60,0.01500,'completed','NORMAL_CLEARING',49,37,32,14,'hangup','CALL_REJECTED','http://s3.amazonaws.com/recordings_2013/852adb22-615c-11e3-8556-842b2b55f84d.mp3'),(1083,'2013-12-10 05:34:37','8e7070c0-615c-11e3-87dd-1f26306fb133',6531571000,6531586275,6585152617,'2013-12-10 13:33:10','2013-12-10 13:33:17',7,60,0.01500,'completed','NORMAL_CLEARING',49,37,32,14,'hangup','CALL_REJECTED','http://s3.amazonaws.com/recordings_2013/9256e5fc-615c-11e3-910f-842b2b4be7e2.mp3'),(1084,'2013-12-10 05:34:56','9a558646-615c-11e3-b3e9-a3b81877b3b1',6531571000,6531586275,6585152617,'2013-12-10 13:33:30','2013-12-10 13:33:37',6,60,0.01500,'completed','NORMAL_CLEARING',49,37,32,14,'hangup','CALL_REJECTED','http://s3.amazonaws.com/recordings_2013/9e30d950-615c-11e3-bfa9-842b2b021718.mp3'),(1085,'2013-12-10 05:35:19','a7fe003e-615c-11e3-b513-af06f932a8eb',6531571000,6531586275,6585152617,'2013-12-10 13:33:53','2013-12-10 13:34:00',6,60,0.01500,'completed','NORMAL_CLEARING',49,37,32,14,'hangup','CALL_REJECTED','http://s3.amazonaws.com/recordings_2013/abd4b2d4-615c-11e3-b185-842b2b4d61df.mp3'),(1086,'2013-12-10 05:35:58','beeba1a2-615c-11e3-917b-3fb6fd377aa1',6531571000,6531586275,6585152617,'2013-12-10 13:34:31','2013-12-10 13:34:39',7,60,0.01500,'completed','NORMAL_CLEARING',49,37,32,14,'hangup','CALL_REJECTED','http://s3.amazonaws.com/recordings_2013/c2d3ab7a-615c-11e3-85b8-842b2b096c5d.mp3'),(1087,'2013-12-10 05:37:21','f0a4a676-615c-11e3-9391-dd07a25654c2',6591114454,6531586275,6585152617,'2013-12-10 13:35:55','2013-12-10 13:36:02',7,60,0.01500,'completed','NORMAL_CLEARING',49,37,32,14,'hangup','CALL_REJECTED','http://s3.amazonaws.com/recordings_2013/f48c33a8-615c-11e3-8556-842b2b55f84d.mp3'),(1088,'2013-12-10 05:38:00','078f39dc-615d-11e3-88bb-1f26306fb133',6591114454,6531586275,6585152617,'2013-12-10 13:36:33','2013-12-10 13:36:40',7,60,0.01500,'completed','NORMAL_CLEARING',49,37,32,14,'hangup','CALL_REJECTED','http://s3.amazonaws.com/recordings_2013/0b683d74-615d-11e3-910f-842b2b4be7e2.mp3'),(1089,'2013-12-10 05:51:54','f91d786c-615e-11e3-bd26-a3b81877b3b1',6567959186,6531586275,6585152617,'2013-12-10 13:50:28','2013-12-10 13:50:35',6,60,0.01500,'completed','NORMAL_CLEARING',49,37,32,14,'hangup','CALL_REJECTED','http://s3.amazonaws.com/recordings_2013/fd00c114-615e-11e3-bfa9-842b2b021718.mp3'),(1090,'2013-12-10 05:53:10','263a2d7c-615f-11e3-bce3-af06f932a8eb',6567959186,6531586275,6585152617,'2013-12-10 13:51:44','2013-12-10 13:51:51',7,60,0.01500,'completed','NORMAL_CLEARING',49,37,32,14,'hangup','CALL_REJECTED','http://s3.amazonaws.com/recordings_2013/2a1d9744-615f-11e3-b185-842b2b4d61df.mp3'),(1091,'2013-12-10 05:54:48','607a942c-615f-11e3-9a22-3fb6fd377aa1',6567959186,6531586275,6585152617,'2013-12-10 13:53:21','2013-12-10 13:53:28',7,60,0.01500,'completed','NORMAL_CLEARING',49,37,32,14,'hangup','CALL_REJECTED','http://s3.amazonaws.com/recordings_2013/644f2f68-615f-11e3-85b8-842b2b096c5d.mp3'),(1092,'2013-12-10 05:55:26','77600668-615f-11e3-9acb-dd07a25654c2',6531578905,6531586275,6585152617,'2013-12-10 13:54:00','2013-12-10 13:54:07',7,60,0.01500,'completed','NORMAL_CLEARING',49,37,32,14,'hangup','CALL_REJECTED','http://s3.amazonaws.com/recordings_2013/7b382932-615f-11e3-8556-842b2b55f84d.mp3'),(1093,'2013-12-10 06:02:50','7fe0ce66-6160-11e3-950e-1f26306fb133',6531578905,6531586275,6585152617,'2013-12-10 14:01:24','2013-12-10 14:01:31',7,60,0.01500,'completed','NORMAL_CLEARING',49,37,32,14,'hangup','CALL_REJECTED','http://s3.amazonaws.com/recordings_2013/83bde91a-6160-11e3-910f-842b2b4be7e2.mp3'),(1094,'2013-12-10 06:03:11','8c584f52-6160-11e3-80a8-af06f932a8eb',6531578905,6531586275,6585152617,'2013-12-10 14:01:45','2013-12-10 14:01:52',7,60,0.01500,'completed','NORMAL_CLEARING',49,37,32,14,'hangup','CALL_REJECTED','http://s3.amazonaws.com/recordings_2013/90368ac6-6160-11e3-b185-842b2b4d61df.mp3'),(1095,'2013-12-10 06:04:12','b0d7d35c-6160-11e3-95df-1f26306fb133',6591153846,6531586275,6585152617,'2013-12-10 14:02:46','2013-12-10 14:02:53',7,60,0.01500,'completed','NORMAL_CLEARING',49,37,32,14,'hangup','CALL_REJECTED','http://s3.amazonaws.com/recordings_2013/b4b53c3a-6160-11e3-910f-842b2b4be7e2.mp3'),(1096,'2013-12-10 06:04:24','b7a46fec-6160-11e3-834f-a3b81877b3b1',6531571283,6531586275,6585152617,'2013-12-10 14:02:57','2013-12-10 14:03:04',7,60,0.01500,'completed','NORMAL_CLEARING',49,37,32,14,'hangup','CALL_REJECTED','http://s3.amazonaws.com/recordings_2013/bb85013a-6160-11e3-bfa9-842b2b021718.mp3'),(1097,'2013-12-10 06:17:07','7e985f72-6162-11e3-ac6c-3fb6fd377aa1',6531578905,6531586275,6585152617,'2013-12-10 14:15:40','2013-12-10 14:15:47',7,60,0.01500,'completed','NORMAL_CLEARING',49,37,32,14,'hangup','CALL_REJECTED','http://s3.amazonaws.com/recordings_2013/826b6586-6162-11e3-85b8-842b2b096c5d.mp3'),(1098,'2013-12-10 06:24:04','777bced0-6163-11e3-a8f7-dd07a25654c2',85266821490,6531586275,6585152617,'2013-12-10 14:22:38','2013-12-10 14:22:45',7,60,0.01500,'completed','NORMAL_CLEARING',49,37,32,14,'hangup','CALL_REJECTED','http://s3.amazonaws.com/recordings_2013/7b581662-6163-11e3-8556-842b2b55f84d.mp3'),(1099,'2013-12-10 06:25:03','9a59242a-6163-11e3-8bf6-a3b81877b3b1',85266821490,6531586275,6585152617,'2013-12-10 14:23:37','2013-12-10 14:23:38',0,0,0.01500,'completed','NORMAL_CLEARING',49,37,32,14,'hangup','CALL_REJECTED',NULL),(1100,'2013-12-10 06:25:38','af864594-6163-11e3-b0c7-3fb6fd377aa1',85266821490,6531586275,6585152617,'2013-12-10 14:24:12','2013-12-10 14:24:13',0,0,0.01500,'completed','NORMAL_CLEARING',49,37,32,14,'hangup','CALL_REJECTED',NULL),(1101,'2013-12-10 06:26:49','d9b2129e-6163-11e3-aa8e-dd07a25654c2',2153124313,6531586275,6585152617,'2013-12-10 14:25:23','2013-12-10 14:25:24',0,0,0.01500,'completed','NORMAL_CLEARING',49,37,32,14,'hangup','CALL_REJECTED',NULL),(1102,'2013-12-10 06:30:37','613a1b80-6164-11e3-8f9b-af06f932a8eb',85266821490,6531582180,6585152058,'2013-12-10 14:29:10','2013-12-10 14:29:12',0,0,0.01500,'completed','NORMAL_CLEARING',45,37,32,14,'hangup','CALL_REJECTED','http://s3.amazonaws.com/recordings_2013/61d7c6b4-6164-11e3-b185-842b2b4d61df.mp3'),(1103,'2013-12-10 06:32:23','a08a12fe-6164-11e3-ae52-1f26306fb133',0,6531586275,6585152617,'2013-12-10 14:30:56','2013-12-10 14:30:58',0,0,0.01500,'completed','NORMAL_CLEARING',49,37,32,14,'hangup','CALL_REJECTED',NULL),(1104,'2013-12-10 06:35:10','04306c18-6165-11e3-9205-af06f932a8eb',6563892233,6531586275,6585152617,'2013-12-10 14:33:44','2013-12-10 14:33:45',0,0,0.01500,'completed','NORMAL_CLEARING',49,37,32,14,'hangup','CALL_REJECTED',NULL),(1105,'2013-12-10 06:35:46','19d2d998-6165-11e3-b101-1f26306fb133',6563892233,6531586275,6585152617,'2013-12-10 14:34:20','2013-12-10 14:34:21',0,0,0.01500,'completed','NORMAL_CLEARING',49,37,32,14,'hangup','CALL_REJECTED',NULL),(1106,'2013-12-10 06:52:24','6c0b50b2-6167-11e3-96da-a3b81877b3b1',6584954278,6531586275,6585152617,'2013-12-10 14:50:57','2013-12-10 14:50:58',0,0,0.01500,'completed','NORMAL_CLEARING',49,37,32,14,'hangup','CALL_REJECTED',NULL),(1107,'2013-12-10 06:52:53','7dd000cc-6167-11e3-bc07-3fb6fd377aa1',6584954278,6531586275,6585152617,'2013-12-10 14:51:27','2013-12-10 14:51:28',0,0,0.01500,'completed','NORMAL_CLEARING',49,37,32,14,'hangup','CALL_REJECTED',NULL),(1108,'2013-12-10 06:55:52','e87c05c4-6167-11e3-9854-a3b81877b3b1',6584954278,6531586275,6585152617,'2013-12-10 14:54:26','2013-12-10 14:54:27',0,0,0.01500,'completed','NORMAL_CLEARING',49,37,32,14,'hangup','CALL_REJECTED',NULL),(1109,'2013-12-10 07:09:55','dee60ca6-6169-11e3-99ab-c305d17403a7',85231876840,85235009105,85225252833,'2013-12-10 15:08:29','2013-12-10 15:09:29',51,60,0.00300,'completed','NORMAL_CLEARING',54,43,36,17,'hangup','NORMAL_CLEARING','http://s3.amazonaws.com/recordings_2013/dfb77304-6169-11e3-9e7b-0026b92f9684.mp3'),(1110,'2013-12-10 07:20:19','52c0bfd0-616b-11e3-8684-dd07a25654c2',6585247208,6531586275,6585152617,'2013-12-10 15:18:52','2013-12-10 15:18:54',0,0,0.01500,'completed','NORMAL_CLEARING',49,37,32,14,'hangup','CALL_REJECTED',NULL),(1111,'2013-12-10 07:21:08','70318216-616b-11e3-ae44-af06f932a8eb',6585247208,6531586275,6585152617,'2013-12-10 15:19:42','2013-12-10 15:19:43',0,0,0.01500,'completed','NORMAL_CLEARING',49,37,32,14,'hangup','CALL_REJECTED',NULL),(1112,'2013-12-10 07:22:34','a389a378-616b-11e3-8e94-1f26306fb133',6585247208,6531586275,6585152617,'2013-12-10 15:21:08','2013-12-10 15:21:09',0,0,0.01500,'completed','NORMAL_CLEARING',49,37,32,14,'hangup','CALL_REJECTED',NULL),(1113,'2013-12-10 07:38:18','d6149bc0-616d-11e3-91dc-3fb6fd377aa1',6568366986,6531586275,6585152617,'2013-12-10 15:36:52','2013-12-10 15:36:53',0,0,0.01500,'completed','NORMAL_CLEARING',49,37,32,14,'hangup','CALL_REJECTED',NULL),(1114,'2013-12-10 07:38:31','ddad6164-616d-11e3-aa2f-a3b81877b3b1',6568366986,6531586275,6585152617,'2013-12-10 15:37:04','2013-12-10 15:37:06',0,0,0.01500,'completed','NORMAL_CLEARING',49,37,32,14,'hangup','CALL_REJECTED',NULL),(1115,'2013-12-10 07:52:28','d0d1ccbc-616f-11e3-96d9-dd07a25654c2',6531578905,6531586275,6585152617,'2013-12-10 15:51:02','2013-12-10 15:51:03',0,0,0.01500,'completed','NORMAL_CLEARING',49,37,32,14,'hangup','CALL_REJECTED',NULL),(1116,'2013-12-10 07:52:45','da8bb420-616f-11e3-9b12-3fb6fd377aa1',6531578905,6531586275,6585152617,'2013-12-10 15:51:18','2013-12-10 15:51:20',0,0,0.01500,'completed','NORMAL_CLEARING',49,37,32,14,'hangup','CALL_REJECTED',NULL),(1117,'2013-12-10 07:53:10','e99cfb68-616f-11e3-804e-af06f932a8eb',6591114454,6531586275,6585152617,'2013-12-10 15:51:43','2013-12-10 15:51:45',0,0,0.01500,'completed','NORMAL_CLEARING',49,37,32,14,'hangup','CALL_REJECTED',NULL),(1118,'2013-12-10 07:53:59','069c59e8-6170-11e3-a21d-1f26306fb133',6531578905,6531586275,6585152617,'2013-12-10 15:52:32','2013-12-10 15:52:34',0,0,0.01500,'completed','NORMAL_CLEARING',49,37,32,14,'hangup','CALL_REJECTED',NULL),(1119,'2013-12-10 08:07:39','efa338f4-6171-11e3-b59d-a3b81877b3b1',1212121212,6531586275,6585152617,'2013-12-10 16:06:13','2013-12-10 16:06:14',0,0,0.01500,'completed','NORMAL_CLEARING',49,37,32,14,'hangup','CALL_REJECTED',NULL),(1120,'2013-12-10 08:07:43','f244cd2a-6171-11e3-9c96-dd07a25654c2',1212121212,6531586275,6585152617,'2013-12-10 16:06:17','2013-12-10 16:06:18',0,0,0.01500,'completed','NORMAL_CLEARING',49,37,32,14,'hangup','CALL_REJECTED',NULL),(1121,'2013-12-10 08:07:48','f4c4085e-6171-11e3-84cf-af06f932a8eb',1212121212,6531586275,6585152617,'2013-12-10 16:06:21','2013-12-10 16:06:22',0,0,0.01500,'completed','NORMAL_CLEARING',49,37,32,14,'hangup','CALL_REJECTED',NULL),(1122,'2013-12-10 08:07:52','f732b5c2-6171-11e3-a043-3fb6fd377aa1',1212121212,6531586275,6585152617,'2013-12-10 16:06:25','2013-12-10 16:06:27',0,0,0.01500,'completed','NORMAL_CLEARING',49,37,32,14,'hangup','CALL_REJECTED',NULL),(1123,'2013-12-10 08:07:56','f9cc0e46-6171-11e3-9cc5-dd07a25654c2',1212121212,6531586275,6585152617,'2013-12-10 16:06:30','2013-12-10 16:06:31',0,0,0.01500,'completed','NORMAL_CLEARING',49,37,32,14,'hangup','CALL_REJECTED',NULL),(1124,'2013-12-10 08:08:00','fbf44c92-6171-11e3-84fe-af06f932a8eb',1212121212,6531586275,6585152617,'2013-12-10 16:06:33','2013-12-10 16:06:35',0,0,0.01500,'completed','NORMAL_CLEARING',49,37,32,14,'hangup','CALL_REJECTED',NULL),(1125,'2013-12-10 08:08:05','fee3b4d8-6171-11e3-a92b-1f26306fb133',1212121212,6531586275,6585152617,'2013-12-10 16:06:38','2013-12-10 16:06:39',0,0,0.01500,'completed','NORMAL_CLEARING',49,37,32,14,'hangup','CALL_REJECTED',NULL),(1126,'2013-12-10 08:08:09','01973e52-6172-11e3-b613-a3b81877b3b1',1212121212,6531586275,6585152617,'2013-12-10 16:06:43','2013-12-10 16:06:44',0,0,0.01500,'completed','NORMAL_CLEARING',49,37,32,14,'hangup','CALL_REJECTED',NULL),(1127,'2013-12-10 08:08:14','046e285c-6172-11e3-a09d-3fb6fd377aa1',1212121212,6531586275,6585152617,'2013-12-10 16:06:47','2013-12-10 16:06:49',0,0,0.01500,'completed','NORMAL_CLEARING',49,37,32,14,'hangup','CALL_REJECTED',NULL),(1128,'2013-12-10 08:08:20','07e671c4-6172-11e3-9d20-dd07a25654c2',1212121212,6531586275,6585152617,'2013-12-10 16:06:53','2013-12-10 16:06:55',0,0,0.01500,'completed','NORMAL_CLEARING',49,37,32,14,'hangup','CALL_REJECTED',NULL),(1129,'2013-12-10 08:08:25','0b2f1de0-6172-11e3-8555-af06f932a8eb',1212121212,6531586275,6585152617,'2013-12-10 16:06:59','2013-12-10 16:07:00',0,0,0.01500,'completed','NORMAL_CLEARING',49,37,32,14,'hangup','CALL_REJECTED',NULL),(1130,'2013-12-10 08:08:32','0f67990a-6172-11e3-a95f-1f26306fb133',1212121212,6531586275,6585152617,'2013-12-10 16:07:06','2013-12-10 16:07:07',0,0,0.01500,'completed','NORMAL_CLEARING',49,37,32,14,'hangup','CALL_REJECTED',NULL),(1131,'2013-12-10 08:09:08','24ccaf60-6172-11e3-b6aa-a3b81877b3b1',212121212,6531586275,6585152617,'2013-12-10 16:07:42','2013-12-10 16:07:43',0,0,0.01500,'completed','NORMAL_CLEARING',49,37,32,14,'hangup','CALL_REJECTED',NULL),(1132,'2013-12-10 08:12:09','90bb2aa8-6172-11e3-a1b8-3fb6fd377aa1',6597912232,6531586275,6585152617,'2013-12-10 16:10:43','2013-12-10 16:10:44',0,0,0.01500,'completed','NORMAL_CLEARING',49,37,32,14,'hangup','CALL_REJECTED',NULL),(1133,'2013-12-10 08:12:44','a571ff8a-6172-11e3-ab1d-1f26306fb133',6597912232,6531586275,6585152617,'2013-12-10 16:11:18','2013-12-10 16:11:19',0,0,0.01500,'completed','NORMAL_CLEARING',49,37,32,14,'hangup','CALL_REJECTED',NULL),(1134,'2013-12-10 08:14:38','e90463a0-6172-11e3-a1b6-2bd4bc53aefa',85231876840,85235009105,85225252833,'2013-12-10 16:13:11','2013-12-10 16:18:54',316,360,0.00300,'completed','NORMAL_CLEARING',54,43,36,17,'hangup','NORMAL_CLEARING','http://s3.amazonaws.com/recordings_2013/e9d5b1f8-6172-11e3-8eb1-0026b945b52b.mp3'),(1135,'2013-12-10 08:17:13','4561d826-6173-11e3-9fda-dd07a25654c2',6592363519,6531586275,6585152617,'2013-12-10 16:15:46','2013-12-10 16:15:47',0,0,0.01500,'completed','NORMAL_CLEARING',49,37,32,14,'hangup','CALL_REJECTED',NULL),(1136,'2013-12-10 08:17:34','52372e48-6173-11e3-8915-af06f932a8eb',6592363519,6531586275,6585152617,'2013-12-10 16:16:07','2013-12-10 16:16:09',0,0,0.01500,'completed','NORMAL_CLEARING',49,37,32,14,'hangup','CALL_REJECTED',NULL),(1137,'2013-12-10 08:17:48','5ad5c1e0-6173-11e3-bc48-a3b81877b3b1',1212121212,6531586275,6585152617,'2013-12-10 16:16:22','2013-12-10 16:16:23',0,0,0.01500,'completed','NORMAL_CLEARING',49,37,32,14,'hangup','CALL_REJECTED',NULL),(1138,'2013-12-10 08:17:53','5d9d448e-6173-11e3-a3a4-3fb6fd377aa1',1212121212,6531586275,6585152617,'2013-12-10 16:16:27','2013-12-10 16:16:28',0,0,0.01500,'completed','NORMAL_CLEARING',49,37,32,14,'hangup','CALL_REJECTED',NULL),(1139,'2013-12-10 08:17:58','608e9d64-6173-11e3-a061-dd07a25654c2',1212121212,6531586275,6585152617,'2013-12-10 16:16:32','2013-12-10 16:16:33',0,0,0.01500,'completed','NORMAL_CLEARING',49,37,32,14,'hangup','CALL_REJECTED',NULL),(1140,'2013-12-10 08:18:03','6389408c-6173-11e3-896f-af06f932a8eb',1212121212,6531586275,6585152617,'2013-12-10 16:16:37','2013-12-10 16:16:38',0,0,0.01500,'completed','NORMAL_CLEARING',49,37,32,14,'hangup','CALL_REJECTED',NULL),(1141,'2013-12-10 08:18:07','66267936-6173-11e3-ad3e-1f26306fb133',1212121212,6531586275,6585152617,'2013-12-10 16:16:41','2013-12-10 16:16:42',0,0,0.01500,'completed','NORMAL_CLEARING',49,37,32,14,'hangup','CALL_REJECTED',NULL),(1142,'2013-12-10 08:18:12','68f579aa-6173-11e3-ad6d-1f26306fb133',1212121212,6531586275,6585152617,'2013-12-10 16:16:46','2013-12-10 16:16:47',0,0,0.01500,'completed','NORMAL_CLEARING',49,37,32,14,'hangup','CALL_REJECTED',NULL),(1143,'2013-12-10 08:18:16','6b612de2-6173-11e3-bd10-a3b81877b3b1',1212121212,6531586275,6585152617,'2013-12-10 16:16:50','2013-12-10 16:16:51',0,0,0.01500,'completed','NORMAL_CLEARING',49,37,32,14,'hangup','CALL_REJECTED',NULL),(1144,'2013-12-10 08:18:21','6e00ab18-6173-11e3-bd6d-a3b81877b3b1',1212121212,6531586275,6585152617,'2013-12-10 16:16:54','2013-12-10 16:16:56',0,0,0.01500,'completed','NORMAL_CLEARING',49,37,32,14,'hangup','CALL_REJECTED',NULL),(1145,'2013-12-10 08:18:25','70924c74-6173-11e3-a3d7-3fb6fd377aa1',1212121212,6531586275,6585152617,'2013-12-10 16:16:58','2013-12-10 16:17:00',0,0,0.01500,'completed','NORMAL_CLEARING',49,37,32,14,'hangup','CALL_REJECTED',NULL),(1146,'2013-12-10 08:18:29','72fc71f6-6173-11e3-a406-3fb6fd377aa1',1212121212,6531586275,6585152617,'2013-12-10 16:17:02','2013-12-10 16:17:04',0,0,0.01500,'completed','NORMAL_CLEARING',49,37,32,14,'hangup','CALL_REJECTED',NULL),(1147,'2013-12-10 08:18:34','75d762c8-6173-11e3-899f-af06f932a8eb',1212121212,6531586275,6585152617,'2013-12-10 16:17:07','2013-12-10 16:17:09',0,0,0.01500,'completed','NORMAL_CLEARING',49,37,32,14,'hangup','CALL_REJECTED',NULL),(1148,'2013-12-10 08:18:41','7a445b18-6173-11e3-adca-1f26306fb133',1212121212,6531586275,6585152617,'2013-12-10 16:17:15','2013-12-10 16:17:16',0,0,0.01500,'completed','NORMAL_CLEARING',49,37,32,14,'hangup','CALL_REJECTED',NULL),(1149,'2013-12-10 08:19:41','9e2bbdfa-6173-11e3-be25-a3b81877b3b1',6598638440,6531586275,6585152617,'2013-12-10 16:18:15','2013-12-10 16:18:16',0,0,0.01500,'completed','NORMAL_CLEARING',49,37,32,14,'hangup','CALL_REJECTED',NULL),(1150,'2013-12-10 08:19:46','a107d3e2-6173-11e3-a117-dd07a25654c2',6597912232,6531586275,6585152617,'2013-12-10 16:18:20','2013-12-10 16:18:21',0,0,0.01500,'completed','NORMAL_CLEARING',49,37,32,14,'hangup','CALL_REJECTED',NULL),(1151,'2013-12-10 08:20:57','cb332162-6173-11e3-a4ff-3fb6fd377aa1',6597912232,6531586275,6585152617,'2013-12-10 16:19:30','2013-12-10 16:19:32',0,0,0.01500,'completed','NORMAL_CLEARING',49,37,32,14,'hangup','CALL_REJECTED',NULL),(1152,'2013-12-10 08:23:05','178a155c-6174-11e3-a265-dd07a25654c2',1212121212,6531586275,6585152617,'2013-12-10 16:21:39','2013-12-10 16:21:40',0,0,0.01500,'completed','NORMAL_CLEARING',49,37,32,14,'hangup','CALL_REJECTED',NULL),(1153,'2013-12-10 08:23:10','1a3a5f1e-6174-11e3-8b23-af06f932a8eb',1212121212,6531586275,6585152617,'2013-12-10 16:21:43','2013-12-10 16:21:44',0,0,0.01500,'completed','NORMAL_CLEARING',49,37,32,14,'hangup','CALL_REJECTED',NULL),(1154,'2013-12-10 08:23:14','1cab8052-6174-11e3-afca-1f26306fb133',1212121212,6531586275,6585152617,'2013-12-10 16:21:47','2013-12-10 16:21:49',0,0,0.01500,'completed','NORMAL_CLEARING',49,37,32,14,'hangup','CALL_REJECTED',NULL),(1155,'2013-12-10 08:23:18','1f469464-6174-11e3-8b54-af06f932a8eb',1212121212,6531586275,6585152617,'2013-12-10 16:21:52','2013-12-10 16:21:53',0,0,0.01500,'completed','NORMAL_CLEARING',49,37,32,14,'hangup','CALL_REJECTED',NULL),(1156,'2013-12-10 08:23:22','21d5080a-6174-11e3-aff9-1f26306fb133',1212121212,6531586275,6585152617,'2013-12-10 16:21:56','2013-12-10 16:21:57',0,0,0.01500,'completed','NORMAL_CLEARING',49,37,32,14,'hangup','CALL_REJECTED',NULL),(1157,'2013-12-10 08:23:26','241951fc-6174-11e3-bff0-a3b81877b3b1',1212121212,6531586275,6585152617,'2013-12-10 16:22:00','2013-12-10 16:22:01',0,0,0.01500,'completed','NORMAL_CLEARING',49,37,32,14,'hangup','CALL_REJECTED',NULL),(1158,'2013-12-10 08:23:31','26c9706c-6174-11e3-801f-a3b81877b3b1',1212121212,6531586275,6585152617,'2013-12-10 16:22:04','2013-12-10 16:22:06',0,0,0.01500,'completed','NORMAL_CLEARING',49,37,32,14,'hangup','CALL_REJECTED',NULL),(1159,'2013-12-10 08:23:36','29c98112-6174-11e3-a628-3fb6fd377aa1',1212121212,6531586275,6585152617,'2013-12-10 16:22:09','2013-12-10 16:22:11',0,0,0.01500,'completed','NORMAL_CLEARING',49,37,32,14,'hangup','CALL_REJECTED',NULL),(1160,'2013-12-10 08:23:41','2d11e184-6174-11e3-a2db-dd07a25654c2',1212121212,6531586275,6585152617,'2013-12-10 16:22:15','2013-12-10 16:22:16',0,0,0.01500,'completed','NORMAL_CLEARING',49,37,32,14,'hangup','CALL_REJECTED',NULL),(1161,'2013-12-10 08:23:46','2fcf19d2-6174-11e3-a659-3fb6fd377aa1',1212121212,6531586275,6585152617,'2013-12-10 16:22:19','2013-12-10 16:22:21',0,0,0.01500,'completed','NORMAL_CLEARING',49,37,32,14,'hangup','CALL_REJECTED',NULL),(1162,'2013-12-10 08:23:50','3275c3de-6174-11e3-a30b-dd07a25654c2',1212121212,6531586275,6585152617,'2013-12-10 16:22:24','2013-12-10 16:22:25',0,0,0.01500,'completed','NORMAL_CLEARING',49,37,32,14,'hangup','CALL_REJECTED',NULL),(1163,'2013-12-10 08:23:56','360cd226-6174-11e3-8bd1-af06f932a8eb',1212121212,6531586275,6585152617,'2013-12-10 16:22:30','2013-12-10 16:22:31',0,0,0.01500,'completed','NORMAL_CLEARING',49,37,32,14,'hangup','CALL_REJECTED',NULL),(1164,'2013-12-10 08:24:31','4afcc6dc-6174-11e3-b058-1f26306fb133',212121212,6531586275,6585152617,'2013-12-10 16:23:05','2013-12-10 16:23:06',0,0,0.01500,'completed','NORMAL_CLEARING',49,37,32,14,'hangup','CALL_REJECTED',NULL),(1165,'2013-12-10 08:26:06','83264f24-6174-11e3-8107-a3b81877b3b1',1212121212,6531586275,6585152617,'2013-12-10 16:24:39','2013-12-10 16:24:40',0,0,0.01500,'completed','NORMAL_CLEARING',49,37,32,14,'hangup','CALL_REJECTED',NULL),(1166,'2013-12-10 08:26:10','85c1a7d8-6174-11e3-8e0b-af06f932a8eb',1212121212,6531586275,6585152617,'2013-12-10 16:24:43','2013-12-10 16:24:45',0,0,0.01500,'completed','NORMAL_CLEARING',49,37,32,14,'hangup','CALL_REJECTED',NULL),(1167,'2013-12-10 08:26:14','88463370-6174-11e3-a777-3fb6fd377aa1',1212121212,6531586275,6585152617,'2013-12-10 16:24:48','2013-12-10 16:24:49',0,0,0.01500,'completed','NORMAL_CLEARING',49,37,32,14,'hangup','CALL_REJECTED',NULL),(1168,'2013-12-10 08:26:19','8b19d098-6174-11e3-b12e-1f26306fb133',1212121212,6531586275,6585152617,'2013-12-10 16:24:52','2013-12-10 16:24:54',0,0,0.01500,'completed','NORMAL_CLEARING',49,37,32,14,'hangup','CALL_REJECTED',NULL),(1169,'2013-12-10 08:26:24','8e288842-6174-11e3-8186-a3b81877b3b1',1212121212,6531586275,6585152617,'2013-12-10 16:24:58','2013-12-10 16:24:59',0,0,0.01500,'completed','NORMAL_CLEARING',49,37,32,14,'hangup','CALL_REJECTED',NULL),(1170,'2013-12-10 08:26:29','90db9d7c-6174-11e3-a7a7-3fb6fd377aa1',1212121212,6531586275,6585152617,'2013-12-10 16:25:02','2013-12-10 16:25:03',0,0,0.01500,'completed','NORMAL_CLEARING',49,37,32,14,'hangup','CALL_REJECTED',NULL),(1171,'2013-12-10 08:26:33','9382c8fc-6174-11e3-a3da-dd07a25654c2',1212121212,6531586275,6585152617,'2013-12-10 16:25:07','2013-12-10 16:25:08',0,0,0.01500,'completed','NORMAL_CLEARING',49,37,32,14,'hangup','CALL_REJECTED',NULL),(1172,'2013-12-10 08:26:38','966b31e4-6174-11e3-8e3a-af06f932a8eb',1212121212,6531586275,6585152617,'2013-12-10 16:25:11','2013-12-10 16:25:13',0,0,0.01500,'completed','NORMAL_CLEARING',49,37,32,14,'hangup','CALL_REJECTED',NULL),(1173,'2013-12-10 08:26:43','99c5023e-6174-11e3-a441-dd07a25654c2',1212121212,6531586275,6585152617,'2013-12-10 16:25:17','2013-12-10 16:25:18',0,0,0.01500,'completed','NORMAL_CLEARING',49,37,32,14,'hangup','CALL_REJECTED',NULL),(1174,'2013-12-10 08:26:49','9cb4e248-6174-11e3-8e83-af06f932a8eb',1212121212,6531586275,6585152617,'2013-12-10 16:25:22','2013-12-10 16:25:23',0,0,0.01500,'completed','NORMAL_CLEARING',49,37,32,14,'hangup','CALL_REJECTED',NULL),(1175,'2013-12-10 08:26:52','9f115b34-6174-11e3-b182-1f26306fb133',1212121212,6531586275,6585152617,'2013-12-10 16:25:26','2013-12-10 16:25:27',0,0,0.01500,'completed','NORMAL_CLEARING',49,37,32,14,'hangup','CALL_REJECTED',NULL),(1176,'2013-12-10 08:26:58','a2301d78-6174-11e3-81d3-a3b81877b3b1',1212121212,6531586275,6585152617,'2013-12-10 16:25:31','2013-12-10 16:25:32',0,0,0.01500,'completed','NORMAL_CLEARING',49,37,32,14,'hangup','CALL_REJECTED',NULL),(1177,'2013-12-10 08:27:34','b794475c-6174-11e3-b1c3-1f26306fb133',212121212,6531586275,6585152617,'2013-12-10 16:26:07','2013-12-10 16:26:09',0,0,0.01500,'completed','NORMAL_CLEARING',49,37,32,14,'hangup','CALL_REJECTED',NULL),(1178,'2013-12-10 08:31:54','52970424-6175-11e3-aa7f-3fb6fd377aa1',1212121212,6531586275,6585152617,'2013-12-10 16:30:27','2013-12-10 16:30:29',0,0,0.01500,'completed','NORMAL_CLEARING',49,37,32,14,'hangup','CALL_REJECTED',NULL),(1179,'2013-12-10 08:31:58','552d0260-6175-11e3-a6f7-dd07a25654c2',1212121212,6531586275,6585152617,'2013-12-10 16:30:31','2013-12-10 16:30:33',0,0,0.01500,'completed','NORMAL_CLEARING',49,37,32,14,'hangup','CALL_REJECTED',NULL),(1180,'2013-12-10 08:32:03','57f14722-6175-11e3-84b5-a3b81877b3b1',1212121212,6531586275,6585152617,'2013-12-10 16:30:36','2013-12-10 16:30:37',0,0,0.01500,'completed','NORMAL_CLEARING',49,37,32,14,'hangup','CALL_REJECTED',NULL),(1181,'2013-12-10 08:32:07','5a5c0b8c-6175-11e3-aaed-3fb6fd377aa1',1212121212,6531586275,6585152617,'2013-12-10 16:30:40','2013-12-10 16:30:41',0,0,0.01500,'completed','NORMAL_CLEARING',49,37,32,14,'hangup','CALL_REJECTED',NULL),(1182,'2013-12-10 08:32:12','5d7e2f48-6175-11e3-a73d-dd07a25654c2',1212121212,6531586275,6585152617,'2013-12-10 16:30:45','2013-12-10 16:30:47',0,0,0.01500,'completed','NORMAL_CLEARING',49,37,32,14,'hangup','CALL_REJECTED',NULL),(1183,'2013-12-10 08:32:17','604c2acc-6175-11e3-919b-af06f932a8eb',1212121212,6531586275,6585152617,'2013-12-10 16:30:50','2013-12-10 16:30:51',0,0,0.01500,'completed','NORMAL_CLEARING',49,37,32,14,'hangup','CALL_REJECTED',NULL),(1184,'2013-12-10 08:32:21','62daa05c-6175-11e3-b411-1f26306fb133',1212121212,6531586275,6585152617,'2013-12-10 16:30:54','2013-12-10 16:30:56',0,0,0.01500,'completed','NORMAL_CLEARING',49,37,32,14,'hangup','CALL_REJECTED',NULL),(1185,'2013-12-10 08:32:26','65aa21ae-6175-11e3-8555-a3b81877b3b1',1212121212,6531586275,6585152617,'2013-12-10 16:30:59','2013-12-10 16:31:00',0,0,0.01500,'completed','NORMAL_CLEARING',49,37,32,14,'hangup','CALL_REJECTED',NULL),(1186,'2013-12-10 08:32:31','68a8f10a-6175-11e3-ab41-3fb6fd377aa1',1212121212,6531586275,6585152617,'2013-12-10 16:31:04','2013-12-10 16:31:05',0,0,0.01500,'completed','NORMAL_CLEARING',49,37,32,14,'hangup','CALL_REJECTED',NULL),(1187,'2013-12-10 08:32:35','6b6821ae-6175-11e3-91f4-af06f932a8eb',1212121212,6531586275,6585152617,'2013-12-10 16:31:09','2013-12-10 16:31:10',0,0,0.01500,'completed','NORMAL_CLEARING',49,37,32,14,'hangup','CALL_REJECTED',NULL),(1188,'2013-12-10 08:32:40','6e1b79dc-6175-11e3-a7a0-dd07a25654c2',1212121212,6531586275,6585152617,'2013-12-10 16:31:13','2013-12-10 16:31:15',0,0,0.01500,'completed','NORMAL_CLEARING',49,37,32,14,'hangup','CALL_REJECTED',NULL),(1189,'2013-12-10 08:32:46','71abc4bc-6175-11e3-b507-1f26306fb133',1212121212,6531586275,6585152617,'2013-12-10 16:31:19','2013-12-10 16:31:21',0,0,0.01500,'completed','NORMAL_CLEARING',49,37,32,14,'hangup','CALL_REJECTED',NULL),(1190,'2013-12-10 08:35:40','d99744a2-6175-11e3-8775-a3b81877b3b1',1212121212,6531586275,6585152617,'2013-12-10 16:34:14','2013-12-10 16:34:15',0,0,0.01500,'completed','NORMAL_CLEARING',49,37,32,14,'hangup','CALL_REJECTED',NULL),(1191,'2013-12-10 08:35:44','dc20b528-6175-11e3-94a1-af06f932a8eb',1212121212,6531586275,6585152617,'2013-12-10 16:34:18','2013-12-10 16:34:19',0,0,0.01500,'completed','NORMAL_CLEARING',49,37,32,14,'hangup','CALL_REJECTED',NULL),(1192,'2013-12-10 08:35:49','deb74ce8-6175-11e3-b642-1f26306fb133',1212121212,6531586275,6585152617,'2013-12-10 16:34:22','2013-12-10 16:34:23',0,0,0.01500,'completed','NORMAL_CLEARING',49,37,32,14,'hangup','CALL_REJECTED',NULL),(1193,'2013-12-10 08:35:53','e1243752-6175-11e3-ac29-3fb6fd377aa1',1212121212,6531586275,6585152617,'2013-12-10 16:34:26','2013-12-10 16:34:28',0,0,0.01500,'completed','NORMAL_CLEARING',49,37,32,14,'hangup','CALL_REJECTED',NULL),(1194,'2013-12-10 08:35:57','e38a9d92-6175-11e3-a951-dd07a25654c2',1212121212,6531586275,6585152617,'2013-12-10 16:34:30','2013-12-10 16:34:32',0,0,0.01500,'completed','NORMAL_CLEARING',49,37,32,14,'hangup','CALL_REJECTED',NULL),(1195,'2013-12-10 08:36:01','e611d062-6175-11e3-94d0-af06f932a8eb',1212121212,6531586275,6585152617,'2013-12-10 16:34:35','2013-12-10 16:34:36',0,0,0.01500,'completed','NORMAL_CLEARING',49,37,32,14,'hangup','CALL_REJECTED',NULL),(1196,'2013-12-10 08:36:06','e90d062e-6175-11e3-b671-1f26306fb133',1212121212,6531586275,6585152617,'2013-12-10 16:34:40','2013-12-10 16:34:41',0,0,0.01500,'completed','NORMAL_CLEARING',49,37,32,14,'hangup','CALL_REJECTED',NULL),(1197,'2013-12-10 08:36:11','ec1a5bb4-6175-11e3-87ad-a3b81877b3b1',1212121212,6531586275,6585152617,'2013-12-10 16:34:45','2013-12-10 16:34:46',0,0,0.01500,'completed','NORMAL_CLEARING',49,37,32,14,'hangup','CALL_REJECTED',NULL),(1198,'2013-12-10 08:36:16','ef10a6ca-6175-11e3-ac58-3fb6fd377aa1',1212121212,6531586275,6585152617,'2013-12-10 16:34:50','2013-12-10 16:34:51',0,0,0.01500,'completed','NORMAL_CLEARING',49,37,32,14,'hangup','CALL_REJECTED',NULL),(1199,'2013-12-10 08:36:21','f20cdd62-6175-11e3-a981-dd07a25654c2',1212121212,6531586275,6585152617,'2013-12-10 16:34:55','2013-12-10 16:34:56',0,0,0.01500,'completed','NORMAL_CLEARING',49,37,32,14,'hangup','CALL_REJECTED',NULL),(1200,'2013-12-10 08:36:26','f4c14db8-6175-11e3-94ff-af06f932a8eb',1212121212,6531586275,6585152617,'2013-12-10 16:34:59','2013-12-10 16:35:01',0,0,0.01500,'completed','NORMAL_CLEARING',49,37,32,14,'hangup','CALL_REJECTED',NULL),(1201,'2013-12-10 08:36:32','f8b0c354-6175-11e3-881d-a3b81877b3b1',1212121212,6531586275,6585152617,'2013-12-10 16:35:06','2013-12-10 16:35:07',0,0,0.01500,'completed','NORMAL_CLEARING',49,37,32,14,'hangup','CALL_REJECTED',NULL),(1202,'2013-12-10 08:37:13','10c93156-6176-11e3-acac-3fb6fd377aa1',212121212,6531586275,6585152617,'2013-12-10 16:35:46','2013-12-10 16:35:48',0,0,0.01500,'completed','NORMAL_CLEARING',49,37,32,14,'hangup','CALL_REJECTED',NULL),(1203,'2013-12-10 08:40:44','8ecf824e-6176-11e3-b7bc-1f26306fb133',1212121212,6531586275,6585152617,'2013-12-10 16:39:18','2013-12-10 16:39:54',19,60,0.01500,'completed','NORMAL_CLEARING',49,37,32,14,'hangup','NORMAL_CLEARING',NULL),(1204,'2013-12-10 08:55:18','9795b284-6178-11e3-b04d-dd07a25654c2',6531578905,6531586275,6585152617,'2013-12-10 16:53:51','2013-12-10 16:54:14',2,60,0.01500,'completed','NORMAL_CLEARING',49,37,32,14,'hangup','NORMAL_CLEARING',NULL),(1205,'2013-12-10 08:59:12','232b4f20-6179-11e3-a31f-af06f932a8eb',6531578905,6531586275,6585152617,'2013-12-10 16:57:46','2013-12-10 16:58:01',0,0,0.01500,'cancel','ORIGINATOR_CANCEL',49,37,32,14,'hangup','ORIGINATOR_CANCEL',NULL),(1206,'2013-12-10 09:00:03','41625bbe-6179-11e3-808b-1f26306fb133',6594513511,6531586275,6585152617,'2013-12-10 16:58:36','2013-12-10 17:00:02',70,120,0.01500,'completed','NORMAL_CLEARING',49,37,32,14,'hangup','NORMAL_CLEARING',NULL),(1207,'2013-12-10 09:07:07','3e15f96a-617a-11e3-997d-a3b81877b3b1',6563376000,6531586275,6585152617,'2013-12-10 17:05:40','2013-12-10 17:06:22',26,60,0.01500,'completed','NORMAL_CLEARING',49,37,32,14,'hangup','NORMAL_CLEARING',NULL),(1208,'2013-12-10 09:09:48','9e60f20c-617a-11e3-b969-3fb6fd377aa1',6591808567,6531586275,6585152617,'2013-12-10 17:08:22','2013-12-10 17:09:01',21,60,0.01500,'completed','NORMAL_CLEARING',49,37,32,14,'hangup','NORMAL_CLEARING',NULL),(1209,'2013-12-10 09:35:56','448dde44-617e-11e3-a2b0-a3b81877b3b1',0,6531586275,6585152617,'2013-12-10 17:34:29','2013-12-10 17:36:29',103,120,0.01500,'completed','NORMAL_CLEARING',49,37,32,14,'hangup','NORMAL_CLEARING',NULL),(1210,'2013-12-10 09:57:11','3c9740c4-6181-11e3-9062-dd07a25654c2',6531578905,6531586275,6585152617,'2013-12-10 17:55:44','2013-12-10 17:56:02',2,60,0.01500,'completed','NORMAL_CLEARING',49,37,32,14,'hangup','NORMAL_CLEARING',NULL),(1211,'2013-12-10 10:02:20','f4ba7c8e-6181-11e3-90d4-3fb6fd377aa1',6531571000,6531586275,6585152617,'2013-12-10 18:00:53','2013-12-10 18:01:08',0,0,0.01500,'cancel','ORIGINATOR_CANCEL',49,37,32,14,'hangup','ORIGINATOR_CANCEL',NULL),(1212,'2013-12-10 10:12:43','682e4dac-6183-11e3-8810-af06f932a8eb',6584989626,6531586275,6585152617,'2013-12-10 18:11:16','2013-12-10 18:12:07',21,60,0.01500,'completed','NORMAL_CLEARING',49,37,32,14,'hangup','NORMAL_CLEARING',NULL),(1213,'2013-12-10 11:14:34','0be6d150-618c-11e3-9164-1f26306fb133',6591114454,6531586275,6585152617,'2013-12-10 19:13:07','2013-12-10 19:13:24',0,0,0.01500,'cancel','ORIGINATOR_CANCEL',49,37,32,14,'hangup','ORIGINATOR_CANCEL',NULL),(1214,'2013-12-10 12:46:46','ed7cb20e-6198-11e3-a319-dd07a25654c2',6596230745,6531586275,6585152617,'2013-12-10 20:45:19','2013-12-10 20:47:37',117,120,0.01500,'completed','NORMAL_CLEARING',49,37,32,14,'hangup','NORMAL_CLEARING',NULL),(1215,'2013-12-10 13:08:17','eed50176-619b-11e3-9b36-1f26306fb133',6562860661,6531586275,6585152617,'2013-12-10 21:06:50','2013-12-10 21:06:53',0,0,0.01500,'cancel','ORIGINATOR_CANCEL',49,37,32,14,'hangup','ORIGINATOR_CANCEL',NULL),(1216,'2013-12-10 13:11:30','62272442-619c-11e3-b4c7-a3b81877b3b1',6562860661,6531586275,6585152617,'2013-12-10 21:10:04','2013-12-10 21:10:24',2,60,0.01500,'completed','NORMAL_CLEARING',49,37,32,14,'hangup','NORMAL_CLEARING',NULL),(1217,'2013-12-10 18:32:08','2c171d12-61c9-11e3-87bd-2bd4bc53aefa',0,85235009105,85225252833,'2013-12-11 02:30:40','2013-12-11 02:31:10',0,0,0.00300,'cancel','ORIGINATOR_CANCEL',54,43,36,17,'hangup','ORIGINATOR_CANCEL','http://s3.amazonaws.com/recordings_2013/2ce49ed6-61c9-11e3-8eb1-0026b945b52b.mp3'),(1218,'2013-12-10 23:38:23','f4608dc4-61f3-11e3-b28b-3fb6fd377aa1',6591848736,6531586275,6585152617,'2013-12-11 07:36:55','2013-12-11 07:38:06',70,120,0.01500,'completed','NORMAL_CLEARING',49,37,32,14,'hangup','NORMAL_CLEARING','http://s3.amazonaws.com/recordings_2013/f8b2b30c-61f3-11e3-85b8-842b2b096c5d.mp3'),(1219,'2013-12-10 23:51:53','d6dbdc7a-61f5-11e3-bf76-c305d17403a7',85291308326,85235009105,85225252833,'2013-12-11 07:50:25','2013-12-11 07:51:51',75,120,0.00300,'completed','NORMAL_CLEARING',54,43,36,17,'hangup','NORMAL_CLEARING','http://s3.amazonaws.com/recordings_2013/d7ac9a5e-61f5-11e3-9e7b-0026b92f9684.mp3'),(1220,'2013-12-11 00:26:25','aa1530ba-61fa-11e3-9aee-dd07a25654c2',6598161010,6531586275,6585152617,'2013-12-11 08:24:57','2013-12-11 08:25:04',7,60,0.01500,'completed','NORMAL_CLEARING',49,37,32,14,'hangup','ORIGINATOR_CANCEL','http://s3.amazonaws.com/recordings_2013/adff33d8-61fa-11e3-8556-842b2b55f84d.mp3'),(1221,'2013-12-11 01:07:05','58677740-6200-11e3-948f-3fb6fd377aa1',6565153851,6531586275,6585152617,'2013-12-11 09:05:37','2013-12-11 09:05:55',18,60,0.01500,'completed','NORMAL_CLEARING',49,37,32,14,'hangup','ORIGINATOR_CANCEL','http://s3.amazonaws.com/recordings_2013/5c4e8e52-6200-11e3-85b8-842b2b096c5d.mp3'),(1222,'2013-12-11 01:07:16','5f8c0e0a-6200-11e3-98f2-1f26306fb133',6531571000,6531586275,6585152617,'2013-12-11 09:05:49','2013-12-11 09:06:02',13,60,0.01500,'completed','NORMAL_CLEARING',49,37,32,14,'hangup','ORIGINATOR_CANCEL','http://s3.amazonaws.com/recordings_2013/63c2232e-6200-11e3-910f-842b2b4be7e2.mp3'),(1223,'2013-12-11 01:23:56','b36c5834-6202-11e3-9609-dd07a25654c2',6593620910,6531586275,6585152617,'2013-12-11 09:22:29','2013-12-11 09:23:21',52,60,0.01500,'completed','NORMAL_CLEARING',49,37,32,14,'hangup','NORMAL_CLEARING','http://s3.amazonaws.com/recordings_2013/b746ac0c-6202-11e3-8556-842b2b55f84d.mp3'),(1224,'2013-12-11 01:33:09','fcd9e0c6-6203-11e3-8cab-a3b81877b3b1',6598686614,6531586275,6585152617,'2013-12-11 09:31:41','2013-12-11 09:33:33',111,120,0.01500,'completed','NORMAL_CLEARING',49,37,32,14,'hangup','NORMAL_CLEARING','http://s3.amazonaws.com/recordings_2013/010abf12-6204-11e3-bfa9-842b2b021718.mp3'),(1225,'2013-12-11 01:33:09','fcea8a98-6203-11e3-93b7-2bd4bc53aefa',85239984301,85235009105,85225252833,'2013-12-11 09:31:41','2013-12-11 09:32:11',23,60,0.00300,'completed','NORMAL_CLEARING',54,43,36,17,'hangup','NORMAL_CLEARING','http://s3.amazonaws.com/recordings_2013/fdada8ac-6203-11e3-8eb1-0026b945b52b.mp3'),(1226,'2013-12-11 01:33:41','102afc46-6204-11e3-92af-af06f932a8eb',6566839846,6531586275,6585152617,'2013-12-11 09:32:14','2013-12-11 09:32:45',31,60,0.01500,'completed','NORMAL_CLEARING',49,37,32,14,'hangup','ORIGINATOR_CANCEL','http://s3.amazonaws.com/recordings_2013/1450e3c6-6204-11e3-b185-842b2b4d61df.mp3'),(1227,'2013-12-11 01:33:48','1439ef9a-6204-11e3-960a-2bd4bc53aefa',85239984301,85235009105,85225252833,'2013-12-11 09:32:21','2013-12-11 09:32:59',27,60,0.00300,'completed','NORMAL_CLEARING',54,43,36,17,'hangup','NORMAL_CLEARING','http://s3.amazonaws.com/recordings_2013/14f50366-6204-11e3-8eb1-0026b945b52b.mp3'),(1228,'2013-12-11 01:42:55','5a55a86a-6205-11e3-9d1e-3fb6fd377aa1',6566839846,6531586275,6585152617,'2013-12-11 09:41:28','2013-12-11 09:42:19',51,60,0.01500,'completed','NORMAL_CLEARING',49,37,32,14,'hangup','NORMAL_CLEARING','http://s3.amazonaws.com/recordings_2013/5e34bf52-6205-11e3-85b8-842b2b096c5d.mp3'),(1229,'2013-12-11 01:57:30','63d4e688-6207-11e3-b8e2-1f26306fb133',6567639036,6531586275,6585152617,'2013-12-11 09:56:03','2013-12-11 09:56:48',45,60,0.01500,'completed','NORMAL_CLEARING',49,37,32,14,'hangup','NORMAL_CLEARING','http://s3.amazonaws.com/recordings_2013/67b76d66-6207-11e3-910f-842b2b4be7e2.mp3'),(1230,'2013-12-11 02:17:40','35306b10-620a-11e3-8b7e-a3b81877b3b1',6596230745,6531586275,6585152617,'2013-12-11 10:16:13','2013-12-11 10:17:52',99,120,0.01500,'completed','NORMAL_CLEARING',49,37,32,14,'hangup','NORMAL_CLEARING','http://s3.amazonaws.com/recordings_2013/390e96e4-620a-11e3-bfa9-842b2b021718.mp3'),(1231,'2013-12-11 07:01:51','e7771c84-6231-11e3-8ffe-c305d17403a7',85225189001,85235009082,85266821490,'2013-12-11 15:00:22','2013-12-11 15:00:36',6,60,0.00300,'completed','NORMAL_CLEARING',12,10,14,9,'hangup','NORMAL_CLEARING','http://s3.amazonaws.com/recordings_2013/e84c2d7a-6231-11e3-9e7b-0026b92f9684.mp3'),(1232,'2013-12-11 09:11:54','12a2cce8-6244-11e3-afed-c305d17403a7',85225430852,85235009082,85266821490,'2013-12-11 17:10:26','2013-12-11 17:12:38',123,180,0.00300,'completed','NORMAL_CLEARING',12,10,14,9,'hangup','NORMAL_CLEARING','http://s3.amazonaws.com/recordings_2013/1378643e-6244-11e3-9e7b-0026b92f9684.mp3'),(1233,'2013-12-11 10:31:34','3375c3de-624f-11e3-aed5-2bd4bc53aefa',85266821490,85235009082,85266821490,'2013-12-11 18:30:05','2013-12-11 18:30:14',5,60,0.00300,'completed','NORMAL_CLEARING',12,10,14,9,'hangup','NORMAL_CLEARING','http://s3.amazonaws.com/recordings_2013/3445f810-624f-11e3-8eb1-0026b945b52b.mp3'),(1234,'2013-12-11 10:33:23','74877d40-624f-11e3-930b-c305d17403a7',85266821490,85235009080,447711070974,'2013-12-11 18:31:54','2013-12-11 18:32:13',18,60,0.00300,'completed','NORMAL_CLEARING',8,9,14,9,'hangup','ORIGINATOR_CANCEL','http://s3.amazonaws.com/recordings_2013/7805c5c6-624f-11e3-9e7b-0026b92f9684.mp3'),(1235,'2013-12-11 10:38:35','2ebfcc30-6250-11e3-95fa-2bd4bc53aefa',85266821490,85235009080,85266821490,'2013-12-11 18:37:07','2013-12-11 18:37:16',9,60,0.00300,'completed','NORMAL_CLEARING',8,9,14,9,'hangup','ORIGINATOR_CANCEL',NULL),(1236,'2013-12-11 10:38:57','3bdfd45a-6250-11e3-972a-2bd4bc53aefa',85266821490,85235009080,85266821490,'2013-12-11 18:37:29','2013-12-11 18:37:34',4,60,0.00300,'completed','NORMAL_CLEARING',8,9,14,9,'hangup','ORIGINATOR_CANCEL',NULL),(1237,'2013-12-11 10:39:38','53d18c3e-6250-11e3-b494-c305d17403a7',85266821490,85235009080,85266821490,'2013-12-11 18:38:09','2013-12-11 18:38:23',13,60,0.00300,'completed','NORMAL_CLEARING',8,9,14,9,'hangup','NORMAL_CLEARING',NULL),(1238,'2013-12-11 10:40:52','7feab43a-6250-11e3-bd2b-c305d17403a7',85266821490,85235009080,85266821490,'2013-12-11 18:39:23','2013-12-11 18:39:42',18,60,0.00300,'completed','NORMAL_CLEARING',8,9,14,9,'hangup','NORMAL_CLEARING','http://s3.amazonaws.com/recordings_2013/8832f224-6250-11e3-9e7b-0026b92f9684.mp3'),(1239,'2013-12-11 12:33:04','2c7f42ba-6260-11e3-8fc8-2bd4bc53aefa',85292211332,85235009105,85225252833,'2013-12-11 20:31:35','2013-12-11 20:32:45',62,120,0.00300,'completed','NORMAL_CLEARING',54,43,36,17,'hangup','NORMAL_CLEARING','http://s3.amazonaws.com/recordings_2013/2d4a43ca-6260-11e3-8eb1-0026b945b52b.mp3'),(1240,'2013-12-12 00:15:09','4056ff46-62c2-11e3-b1b8-c305d17403a7',85222100820,85235009105,85225252833,'2013-12-12 08:13:39','2013-12-12 08:13:55',4,60,0.00300,'completed','NORMAL_CLEARING',54,43,36,17,'hangup','NORMAL_CLEARING','http://s3.amazonaws.com/recordings_2013/41482768-62c2-11e3-9e7b-0026b92f9684.mp3'),(1241,'2013-12-12 00:15:31','4da8e7a4-62c2-11e3-b99c-2bd4bc53aefa',85222100820,85235009105,85225252833,'2013-12-12 08:14:01','2013-12-12 08:15:04',55,60,0.00300,'completed','NORMAL_CLEARING',54,43,36,17,'hangup','NORMAL_CLEARING','http://s3.amazonaws.com/recordings_2013/4e7e1bf4-62c2-11e3-8eb1-0026b945b52b.mp3'),(1242,'2013-12-12 01:42:22','6fec732e-62ce-11e3-8069-c305d17403a7',85298427047,85235009080,85266821490,'2013-12-12 09:40:53','2013-12-12 09:41:22',28,60,0.00300,'completed','NORMAL_CLEARING',8,9,14,9,'hangup','NORMAL_CLEARING','http://s3.amazonaws.com/recordings_2013/7644f6ce-62ce-11e3-9e7b-0026b92f9684.mp3'),(1243,'2013-12-12 12:58:30','e384cef4-632c-11e3-8b26-2bd4bc53aefa',85225251812,85235009105,85225252833,'2013-12-12 20:56:59','2013-12-12 20:58:31',77,120,0.00300,'completed','NORMAL_CLEARING',54,43,36,17,'hangup','NORMAL_CLEARING','http://s3.amazonaws.com/recordings_2013/e45acc7a-632c-11e3-8eb1-0026b945b52b.mp3'),(1244,'2013-12-13 04:23:42','22a5c1ac-63ae-11e3-80ac-2bd4bc53aefa',85290162099,85235009105,85225252833,'2013-12-13 12:22:10','2013-12-13 12:28:12',354,360,0.00300,'completed','NORMAL_CLEARING',54,43,36,17,'hangup','NORMAL_CLEARING','http://s3.amazonaws.com/recordings_2013/23991384-63ae-11e3-8eb1-0026b945b52b.mp3'),(1245,'2013-12-13 04:31:51','4682789e-63af-11e3-ad77-c305d17403a7',85290162099,85235009105,85225252833,'2013-12-13 12:30:20','2013-12-13 12:32:39',130,180,0.00300,'completed','NORMAL_CLEARING',54,43,36,17,'hangup','NORMAL_CLEARING','http://s3.amazonaws.com/recordings_2013/4750ebb6-63af-11e3-9e7b-0026b92f9684.mp3'),(1246,'2013-12-13 05:22:29','594ee014-63b6-11e3-b274-2bd4bc53aefa',85294426735,85235009101,85239751890,'2013-12-13 13:20:58','2013-12-13 13:21:25',7,60,0.00300,'completed','NORMAL_CLEARING',34,30,27,13,'hangup','NORMAL_CLEARING',NULL),(1247,'2013-12-13 07:15:09','1635ef2e-63c6-11e3-ae9a-c305d17403a7',85295127135,85235009105,85225252833,'2013-12-13 15:13:37','2013-12-13 15:15:24',98,120,0.00300,'completed','NORMAL_CLEARING',54,43,36,17,'hangup','NORMAL_CLEARING','http://s3.amazonaws.com/recordings_2013/17006e84-63c6-11e3-9e7b-0026b92f9684.mp3'),(1248,'2013-12-14 01:37:53','225a3f9a-6460-11e3-8cbc-c305d17403a7',85264437624,85235009105,85225252833,'2013-12-14 09:36:20','2013-12-14 09:41:52',323,360,0.00300,'completed','NORMAL_CLEARING',54,43,36,17,'hangup','NORMAL_CLEARING','http://s3.amazonaws.com/recordings_2013/2322d388-6460-11e3-9e7b-0026b92f9684.mp3'),(1249,'2013-12-14 03:56:14','75ea838c-6473-11e3-8a1b-2bd4bc53aefa',85227642101,85235009105,85225252833,'2013-12-14 11:54:41','2013-12-14 11:55:17',24,60,0.00300,'completed','NORMAL_CLEARING',54,43,36,17,'hangup','NORMAL_CLEARING','http://s3.amazonaws.com/recordings_2013/76b97ec6-6473-11e3-8eb1-0026b945b52b.mp3'),(1250,'2013-12-15 05:47:37','2e9599ca-654c-11e3-a44f-2bd4bc53aefa',85260500718,85235009105,85225252833,'2013-12-15 13:46:02','2013-12-15 13:47:44',92,120,0.00300,'completed','NORMAL_CLEARING',54,43,36,17,'hangup','NORMAL_CLEARING','http://s3.amazonaws.com/recordings_2013/2fd741d0-654c-11e3-8eb1-0026b945b52b.mp3'),(1251,'2013-12-15 06:02:54','515a7e42-654e-11e3-96f4-c305d17403a7',85264089338,85235009105,85225252833,'2013-12-15 14:01:19','2013-12-15 14:02:16',50,60,0.00300,'completed','NORMAL_CLEARING',54,43,36,17,'hangup','NORMAL_CLEARING','http://s3.amazonaws.com/recordings_2013/5223531c-654e-11e3-9e7b-0026b92f9684.mp3'),(1252,'2013-12-15 06:11:43','8d01990c-654f-11e3-ba2b-2bd4bc53aefa',85260500718,85235009105,85225252833,'2013-12-15 14:10:09','2013-12-15 14:11:41',83,120,0.00300,'completed','NORMAL_CLEARING',54,43,36,17,'hangup','NORMAL_CLEARING','http://s3.amazonaws.com/recordings_2013/8dceaa0a-654f-11e3-8eb1-0026b945b52b.mp3'),(1253,'2013-12-15 06:16:38','3ce7915a-6550-11e3-ac86-c305d17403a7',85291095737,85235009105,85225252833,'2013-12-15 14:15:04','2013-12-15 14:15:46',33,60,0.00300,'completed','NORMAL_CLEARING',54,43,36,17,'hangup','NORMAL_CLEARING','http://s3.amazonaws.com/recordings_2013/3db619a8-6550-11e3-9e7b-0026b92f9684.mp3'),(1254,'2013-12-15 07:38:43','b3db87d4-655b-11e3-bd45-2bd4bc53aefa',85264089338,85235009105,85225252833,'2013-12-15 15:37:08','2013-12-15 15:40:02',166,180,0.00300,'completed','NORMAL_CLEARING',54,43,36,17,'hangup','NORMAL_CLEARING','http://s3.amazonaws.com/recordings_2013/b4d2b3b0-655b-11e3-8eb1-0026b945b52b.mp3'),(1255,'2013-12-16 02:12:13','4185e30e-65f7-11e3-8c0b-2bd4bc53aefa',0,85235009082,85266821490,'2013-12-16 10:10:38','2013-12-16 10:12:25',97,120,0.00300,'completed','NORMAL_CLEARING',12,10,14,9,'hangup','NORMAL_CLEARING','http://s3.amazonaws.com/recordings_2013/42540446-65f7-11e3-8eb1-0026b945b52b.mp3'),(1256,'2013-12-16 03:03:07','5db05ec2-65fe-11e3-b2ef-c305d17403a7',85261353523,85235009105,85225252833,'2013-12-16 11:01:31','2013-12-16 11:02:27',43,60,0.00300,'completed','NORMAL_CLEARING',54,43,36,17,'hangup','NORMAL_CLEARING','http://s3.amazonaws.com/recordings_2013/5e8b28ae-65fe-11e3-9e7b-0026b92f9684.mp3'),(1257,'2013-12-16 03:30:17','28ce4102-6602-11e3-9341-c305d17403a7',85235581000,85235009105,85225252833,'2013-12-16 11:28:41','2013-12-16 11:32:10',200,240,0.00300,'completed','NORMAL_CLEARING',54,43,36,17,'hangup','NORMAL_CLEARING','http://s3.amazonaws.com/recordings_2013/299c9566-6602-11e3-9e7b-0026b92f9684.mp3'),(1258,'2013-12-16 03:49:36','dbc05b5e-6604-11e3-922a-2bd4bc53aefa',85266821490,85235009095,85266821490,'2013-12-16 11:48:00','2013-12-16 11:48:12',11,60,0.00300,'completed','NORMAL_CLEARING',56,45,38,23,'hangup','ORIGINATOR_CANCEL','http://s3.amazonaws.com/recordings_2013/e1989514-6604-11e3-8eb1-0026b945b52b.mp3'),(1259,'2013-12-16 05:08:21','dc28c530-660f-11e3-8a2d-c305d17403a7',0,85235009082,85266821490,'2013-12-16 13:06:45','2013-12-16 13:11:44',283,300,0.00300,'completed','NORMAL_CLEARING',12,10,14,9,'hangup','NORMAL_CLEARING','http://s3.amazonaws.com/recordings_2013/dcf1f856-660f-11e3-9e7b-0026b92f9684.mp3'),(1260,'2013-12-16 05:55:52','7f6ba5a4-6616-11e3-b836-2bd4bc53aefa',85235499663,85235009105,85225252833,'2013-12-16 13:54:16','2013-12-16 13:57:17',171,180,0.00300,'completed','NORMAL_CLEARING',54,43,36,17,'hangup','NORMAL_CLEARING','http://s3.amazonaws.com/recordings_2013/8037a604-6616-11e3-8eb1-0026b945b52b.mp3'),(1261,'2013-12-16 05:59:32','02dfef4e-6617-11e3-a785-c305d17403a7',85235499663,85235009105,85225252833,'2013-12-16 13:57:56','2013-12-16 14:00:13',130,180,0.00300,'completed','NORMAL_CLEARING',54,43,36,17,'hangup','NORMAL_CLEARING','http://s3.amazonaws.com/recordings_2013/03a246ca-6617-11e3-9e7b-0026b92f9684.mp3'),(1262,'2013-12-16 07:16:44','cb63d32c-6621-11e3-b8bb-2bd4bc53aefa',0,85235009105,85225252833,'2013-12-16 15:15:08','2013-12-16 15:23:41',503,540,0.00300,'completed','NORMAL_CLEARING',54,43,36,17,'hangup','NORMAL_CLEARING','http://s3.amazonaws.com/recordings_2013/cc311436-6621-11e3-8eb1-0026b945b52b.mp3'),(1263,'2013-12-16 08:32:08','54202e2c-662c-11e3-9fc2-c305d17403a7',85266445816,85235009101,85239751890,'2013-12-16 16:30:32','2013-12-16 16:30:51',14,60,0.00300,'completed','NORMAL_CLEARING',34,30,27,13,'hangup','NORMAL_CLEARING',NULL),(1264,'2013-12-16 10:19:05','44a3a708-663b-11e3-bb1f-2bd4bc53aefa',85254106368,85235009105,85225252833,'2013-12-16 18:17:29','2013-12-16 18:22:48',312,360,0.00300,'completed','NORMAL_CLEARING',54,43,36,17,'hangup','NORMAL_CLEARING','http://s3.amazonaws.com/recordings_2013/45777b28-663b-11e3-8eb1-0026b945b52b.mp3'),(1265,'2013-12-17 04:18:23','0ad5bdda-66d2-11e3-8039-c305d17403a7',85261107680,85235009105,85225252833,'2013-12-17 12:16:46','2013-12-17 12:18:47',111,120,0.00300,'completed','NORMAL_CLEARING',54,43,36,17,'hangup','NORMAL_CLEARING','http://s3.amazonaws.com/recordings_2013/0bc5606a-66d2-11e3-9e7b-0026b92f9684.mp3'),(1266,'2013-12-17 05:20:06','a9985254-66da-11e3-b6f0-2bd4bc53aefa',85261107680,85235009105,85225252833,'2013-12-17 13:18:28','2013-12-17 13:23:51',315,360,0.00300,'completed','NORMAL_CLEARING',54,43,36,17,'hangup','NORMAL_CLEARING','http://s3.amazonaws.com/recordings_2013/aa622d18-66da-11e3-8eb1-0026b945b52b.mp3'),(1267,'2013-12-17 05:43:02','de1301b6-66dd-11e3-b9b6-c305d17403a7',85261107680,85235009105,85225252833,'2013-12-17 13:41:25','2013-12-17 13:42:24',53,60,0.00300,'completed','NORMAL_CLEARING',54,43,36,17,'hangup','NORMAL_CLEARING','http://s3.amazonaws.com/recordings_2013/def56d26-66dd-11e3-9e7b-0026b92f9684.mp3'),(1268,'2013-12-18 03:26:48','ff9c0704-6793-11e3-b084-2bd4bc53aefa',85237579642,85235009082,85266821490,'2013-12-18 11:25:09','2013-12-18 11:29:41',257,300,0.00300,'completed','NORMAL_CLEARING',12,10,14,9,'hangup','NORMAL_CLEARING','http://s3.amazonaws.com/recordings_2013/006ecfd6-6794-11e3-8eb1-0026b945b52b.mp3'),(1269,'2013-12-18 08:08:28','58728fac-67bb-11e3-b53e-2bd4bc53aefa',85223693146,85235009098,85291473549,'2013-12-18 16:06:49','2013-12-18 16:07:36',10,60,0.00300,'completed','NORMAL_CLEARING',25,15,17,9,'hangup','NORMAL_CLEARING',NULL),(1270,'2013-12-18 08:44:50','6cd656fe-67c0-11e3-9f2f-2bd4bc53aefa',0,85235009105,85225252833,'2013-12-18 16:43:10','2013-12-18 16:44:13',55,60,0.00300,'completed','NORMAL_CLEARING',54,43,36,17,'hangup','NORMAL_CLEARING','http://s3.amazonaws.com/recordings_2013/6da608f4-67c0-11e3-8eb1-0026b945b52b.mp3'),(1271,'2013-12-18 08:50:09','2b4cf99e-67c1-11e3-8b09-2bd4bc53aefa',0,85235009105,85225252833,'2013-12-18 16:48:30','2013-12-18 16:48:43',1,60,0.00300,'completed','NORMAL_CLEARING',54,43,36,17,'hangup','NORMAL_CLEARING','http://s3.amazonaws.com/recordings_2013/2c0e0b0c-67c1-11e3-8eb1-0026b945b52b.mp3'),(1272,'2013-12-18 08:52:10','736e52cc-67c1-11e3-ba79-c305d17403a7',85226798092,85235009105,85225252833,'2013-12-18 16:50:31','2013-12-18 16:54:56',254,300,0.00300,'completed','NORMAL_CLEARING',54,43,36,17,'hangup','NORMAL_CLEARING','http://s3.amazonaws.com/recordings_2013/743783e0-67c1-11e3-9e7b-0026b92f9684.mp3'),(1273,'2013-12-18 10:09:57','51148092-67cc-11e3-adc8-2bd4bc53aefa',85295046569,85235009105,85225252833,'2013-12-18 18:08:18','2013-12-18 18:08:56',5,60,0.00300,'completed','NORMAL_CLEARING',54,43,36,17,'hangup','NORMAL_CLEARING','http://s3.amazonaws.com/recordings_2013/51de0e30-67cc-11e3-8eb1-0026b945b52b.mp3'),(1274,'2013-12-18 10:12:09','9f714c2a-67cc-11e3-831a-2bd4bc53aefa',85295046569,85235009105,85225252833,'2013-12-18 18:10:29','2013-12-18 18:11:42',49,60,0.00300,'completed','NORMAL_CLEARING',54,43,36,17,'hangup','NORMAL_CLEARING','http://s3.amazonaws.com/recordings_2013/a045270c-67cc-11e3-8eb1-0026b945b52b.mp3'),(1275,'2013-12-18 14:02:03','bd707c94-67ec-11e3-b0da-c305d17403a7',6565130252,6531586172,6563172050,'2013-12-18 22:00:23','2013-12-18 22:00:27',0,0,0.01500,'cancel','ORIGINATOR_CANCEL',50,40,34,19,'hangup','ORIGINATOR_CANCEL','http://s3.amazonaws.com/recordings_2013/be3b8f56-67ec-11e3-9e7b-0026b92f9684.mp3'),(1276,'2013-12-18 14:02:17','c5fadaf8-67ec-11e3-a0ee-2bd4bc53aefa',6565130252,6531586172,6563172050,'2013-12-18 22:00:38','2013-12-18 22:00:54',0,0,0.01500,'cancel','ORIGINATOR_CANCEL',50,40,34,19,'hangup','ORIGINATOR_CANCEL','http://s3.amazonaws.com/recordings_2013/c6cd2756-67ec-11e3-8eb1-0026b945b52b.mp3'),(1277,'2013-12-19 04:08:48','06c183d6-6863-11e3-9a32-2bd4bc53aefa',85256610906,85235009105,85225252833,'2013-12-19 12:07:07','2013-12-19 12:11:50',271,300,0.00300,'completed','NORMAL_CLEARING',54,43,36,17,'hangup','NORMAL_CLEARING','http://s3.amazonaws.com/recordings_2013/079002a6-6863-11e3-8eb1-0026b945b52b.mp3'),(1278,'2013-12-19 07:40:01','885d6870-6880-11e3-b6ae-c305d17403a7',85266821490,85235009082,85266821490,'2013-12-19 15:38:20','2013-12-19 15:38:28',3,60,0.00300,'completed','NORMAL_CLEARING',12,10,14,9,'hangup','NORMAL_CLEARING','http://s3.amazonaws.com/recordings_2013/89305442-6880-11e3-9e7b-0026b92f9684.mp3'),(1279,'2013-12-19 08:35:01','377b584c-6888-11e3-b99c-2bd4bc53aefa',85261972992,85235009105,85225252833,'2013-12-19 16:33:20','2013-12-19 16:36:45',197,240,0.00300,'completed','NORMAL_CLEARING',54,43,36,17,'hangup','NORMAL_CLEARING','http://s3.amazonaws.com/recordings_2013/38445076-6888-11e3-8eb1-0026b945b52b.mp3'),(1280,'2013-12-19 08:50:11','55caa922-688a-11e3-b44a-4930d0fcc4f7',85261972992,85235009105,85225252833,'2013-12-19 16:48:30','2013-12-19 16:50:09',91,120,0.00300,'completed','NORMAL_CLEARING',54,43,36,17,'hangup','NORMAL_CLEARING','http://s3.amazonaws.com/recordings_2013/568edfe0-688a-11e3-8eb1-0026b945b52b.mp3'),(1281,'2013-12-19 09:02:45','171196c6-688c-11e3-8b98-5f9bfa486a2e',85265765230,85235009105,85225252833,'2013-12-19 17:01:04','2013-12-19 17:02:33',80,120,0.00300,'completed','NORMAL_CLEARING',54,43,36,17,'hangup','NORMAL_CLEARING','http://s3.amazonaws.com/recordings_2013/17d898de-688c-11e3-9e7b-0026b92f9684.mp3'),(1282,'2013-12-19 09:53:32','2f5690cc-6893-11e3-80b3-4930d0fcc4f7',85265765230,85235009105,85225252833,'2013-12-19 17:51:51','2013-12-19 17:53:18',73,120,0.00300,'completed','NORMAL_CLEARING',54,43,36,17,'hangup','NORMAL_CLEARING','http://s3.amazonaws.com/recordings_2013/3025660e-6893-11e3-8eb1-0026b945b52b.mp3'),(1283,'2013-12-19 13:39:43','c82ffabc-68b2-11e3-9c5e-4930d0fcc4f7',85266821490,85235009082,85266821490,'2013-12-19 21:38:02','2013-12-19 21:38:09',2,60,0.00300,'completed','NORMAL_CLEARING',12,10,14,9,'hangup','NORMAL_CLEARING','http://s3.amazonaws.com/recordings_2013/c8f9f6be-68b2-11e3-8eb1-0026b945b52b.mp3'),(1284,'2013-12-19 13:50:00','37ed51d2-68b4-11e3-9d01-5f9bfa486a2e',85266821490,85235009082,85266821490,'2013-12-19 21:48:19','2013-12-19 21:48:23',0,0,0.00300,'cancel','ORIGINATOR_CANCEL',12,10,14,9,'hangup','ORIGINATOR_CANCEL','http://s3.amazonaws.com/recordings_2013/38b9b75e-68b4-11e3-9e7b-0026b92f9684.mp3'),(1285,'2013-12-20 04:47:20','9261d124-6931-11e3-b052-5f9bfa486a2e',85266812893,85235009105,85225252833,'2013-12-20 12:45:38','2013-12-20 12:50:27',281,300,0.00300,'completed','NORMAL_CLEARING',54,43,36,17,'hangup','NORMAL_CLEARING','http://s3.amazonaws.com/recordings_2013/932c4f58-6931-11e3-9e7b-0026b92f9684.mp3'),(1286,'2013-12-20 08:18:47','1cbfef1e-694f-11e3-9c25-4930d0fcc4f7',85228259211,85235009105,85225252833,'2013-12-20 16:17:05','2013-12-20 16:20:20',176,180,0.00300,'completed','NORMAL_CLEARING',54,43,36,17,'hangup','NORMAL_CLEARING','http://s3.amazonaws.com/recordings_2013/1d857f9a-694f-11e3-8eb1-0026b945b52b.mp3'),(1287,'2013-12-20 08:22:08','9489ff62-694f-11e3-b2f4-4930d0fcc4f7',85228259211,85235009105,85225252833,'2013-12-20 16:20:26','2013-12-20 16:24:50',255,300,0.00300,'completed','NORMAL_CLEARING',54,43,36,17,'hangup','NORMAL_CLEARING','http://s3.amazonaws.com/recordings_2013/954d6434-694f-11e3-8eb1-0026b945b52b.mp3'),(1288,'2013-12-22 02:04:59','3744ea6a-6aad-11e3-9f79-4930d0fcc4f7',85229824878,85235009105,85225252833,'2013-12-22 10:03:14','2013-12-22 10:04:33',72,120,0.00300,'completed','NORMAL_CLEARING',54,43,36,17,'hangup','NORMAL_CLEARING','http://s3.amazonaws.com/recordings_2013/381c5ea0-6aad-11e3-8eb1-0026b945b52b.mp3'),(1289,'2013-12-22 02:39:12','ff538936-6ab1-11e3-9532-5f9bfa486a2e',85236935517,85235009105,85225252833,'2013-12-22 10:37:27','2013-12-22 10:40:32',179,180,0.00300,'completed','NORMAL_CLEARING',54,43,36,17,'hangup','NORMAL_CLEARING','http://s3.amazonaws.com/recordings_2013/00227926-6ab2-11e3-9e7b-0026b92f9684.mp3'),(1290,'2013-12-22 03:27:21','b8e38062-6ab8-11e3-a628-5f9bfa486a2e',85262286425,85235009105,85225252833,'2013-12-22 11:25:35','2013-12-22 11:25:57',12,60,0.00300,'completed','NORMAL_CLEARING',54,43,36,17,'hangup','NORMAL_CLEARING','http://s3.amazonaws.com/recordings_2013/b9c9cd60-6ab8-11e3-9e7b-0026b92f9684.mp3'),(1291,'2013-12-22 04:17:58','cb35cf8e-6abf-11e3-be53-4930d0fcc4f7',85262286425,85235009105,85225252833,'2013-12-22 12:16:13','2013-12-22 12:16:43',20,60,0.00300,'completed','NORMAL_CLEARING',54,43,36,17,'hangup','NORMAL_CLEARING','http://s3.amazonaws.com/recordings_2013/cc12245c-6abf-11e3-8eb1-0026b945b52b.mp3'),(1292,'2013-12-22 22:58:53','61f3d71c-6b5c-11e3-a58d-4930d0fcc4f7',85256075579,85235009105,85225252833,'2013-12-23 06:57:07','2013-12-23 06:58:08',54,60,0.00300,'completed','NORMAL_CLEARING',54,43,36,17,'hangup','NORMAL_CLEARING','http://s3.amazonaws.com/recordings_2013/62c7e052-6b5c-11e3-8eb1-0026b945b52b.mp3'),(1293,'2013-12-23 01:06:20','2f56dedc-6b6e-11e3-b6e0-5f9bfa486a2e',85262286425,85235009105,85225252833,'2013-12-23 09:04:33','2013-12-23 09:05:24',44,60,0.00300,'completed','NORMAL_CLEARING',54,43,36,17,'hangup','NORMAL_CLEARING','http://s3.amazonaws.com/recordings_2013/3020041a-6b6e-11e3-9e7b-0026b92f9684.mp3'),(1294,'2013-12-23 02:17:42','28040d26-6b78-11e3-8a14-4930d0fcc4f7',85297004780,85235009105,85225252833,'2013-12-23 10:15:56','2013-12-23 10:16:20',12,60,0.00300,'completed','NORMAL_CLEARING',54,43,36,17,'hangup','NORMAL_CLEARING','http://s3.amazonaws.com/recordings_2013/28d3221e-6b78-11e3-8eb1-0026b945b52b.mp3'),(1295,'2013-12-23 03:05:24','d1edd096-6b7e-11e3-997d-5f9bfa486a2e',85255071108,85235009105,85225252833,'2013-12-23 11:03:38','2013-12-23 11:04:18',34,60,0.00300,'completed','NORMAL_CLEARING',54,43,36,17,'hangup','NORMAL_CLEARING','http://s3.amazonaws.com/recordings_2013/d2bdf9c4-6b7e-11e3-9e7b-0026b92f9684.mp3'),(1296,'2013-12-23 05:16:42','2968c83c-6b91-11e3-a6f5-5f9bfa486a2e',85222483548,85235009105,85225252833,'2013-12-23 13:14:56','2013-12-23 13:16:03',59,60,0.00300,'completed','NORMAL_CLEARING',54,43,36,17,'hangup','NORMAL_CLEARING','http://s3.amazonaws.com/recordings_2013/2a38dd56-6b91-11e3-9e7b-0026b92f9684.mp3'),(1297,'2013-12-24 10:18:39','80dcf996-6c84-11e3-8cbc-5f9bfa486a2e',85237411990,85235009081,85291473549,'2013-12-24 18:16:50','2013-12-24 18:17:21',0,0,0.00300,'cancel','ORIGINATOR_CANCEL',9,9,14,9,'hangup','ORIGINATOR_CANCEL','http://s3.amazonaws.com/recordings_2013/81acc19e-6c84-11e3-9e7b-0026b92f9684.mp3'),(1298,'2013-12-27 03:40:42','65e47e90-6ea8-11e3-b7aa-4930d0fcc4f7',85261897960,85235009105,85225252833,'2013-12-27 11:38:49','2013-12-27 11:40:42',106,120,0.00300,'completed','NORMAL_CLEARING',54,43,36,17,'hangup','NORMAL_CLEARING','http://s3.amazonaws.com/recordings_2013/66ac1658-6ea8-11e3-8eb1-0026b945b52b.mp3'),(1299,'2013-12-27 04:28:36','16e26e2c-6eaf-11e3-b85c-4930d0fcc4f7',85231653860,85235009105,85225252833,'2013-12-27 12:26:43','2013-12-27 12:36:26',572,600,0.00300,'completed','NORMAL_CLEARING',54,43,36,17,'hangup','NORMAL_CLEARING','http://s3.amazonaws.com/recordings_2013/17a8f010-6eaf-11e3-8eb1-0026b945b52b.mp3'),(1300,'2013-12-27 06:23:36','277a3a02-6ebf-11e3-96e7-5f9bfa486a2e',0,85235009105,85225252833,'2013-12-27 14:21:43','2013-12-27 14:22:43',53,60,0.00300,'completed','NORMAL_CLEARING',54,43,36,17,'hangup','NORMAL_CLEARING','http://s3.amazonaws.com/recordings_2013/284fb754-6ebf-11e3-9e7b-0026b92f9684.mp3'),(1301,'2013-12-27 06:24:43','4f6fd79c-6ebf-11e3-ad4e-4930d0fcc4f7',0,85235009105,85225252833,'2013-12-27 14:22:50','2013-12-27 14:26:08',191,240,0.00300,'completed','NORMAL_CLEARING',54,43,36,17,'hangup','NORMAL_CLEARING','http://s3.amazonaws.com/recordings_2013/503c61c2-6ebf-11e3-8eb1-0026b945b52b.mp3'),(1302,'2013-12-27 08:13:34','8499b82a-6ece-11e3-9cf4-4930d0fcc4f7',85293151363,85235009105,85225252833,'2013-12-27 16:11:41','2013-12-27 16:12:26',35,60,0.00300,'completed','NORMAL_CLEARING',54,43,36,17,'hangup','NORMAL_CLEARING','http://s3.amazonaws.com/recordings_2013/85603f04-6ece-11e3-8eb1-0026b945b52b.mp3'),(1303,'2013-12-27 09:53:32','7b49a9f2-6edc-11e3-8f5b-5f9bfa486a2e',85292516754,85235009105,85225252833,'2013-12-27 17:51:39','2013-12-27 17:52:10',22,60,0.00300,'completed','NORMAL_CLEARING',54,43,36,17,'hangup','NORMAL_CLEARING','http://s3.amazonaws.com/recordings_2013/7c1c29fe-6edc-11e3-9e7b-0026b92f9684.mp3'),(1304,'2013-12-27 12:14:32','2dff17e0-6ef0-11e3-b0c7-4930d0fcc4f7',85292494797,85235009105,85225252833,'2013-12-27 20:12:39','2013-12-27 20:13:07',17,60,0.00300,'completed','NORMAL_CLEARING',54,43,36,17,'hangup','NORMAL_CLEARING','http://s3.amazonaws.com/recordings_2013/2ece27a6-6ef0-11e3-8eb1-0026b945b52b.mp3'),(1305,'2013-12-28 03:01:27','1400ee28-6f6c-11e3-9c93-5f9bfa486a2e',85236935517,85235009105,85225252833,'2013-12-28 10:59:33','2013-12-28 11:01:29',109,120,0.00300,'completed','NORMAL_CLEARING',54,43,36,17,'hangup','NORMAL_CLEARING','http://s3.amazonaws.com/recordings_2013/14cdf602-6f6c-11e3-9e7b-0026b92f9684.mp3'),(1306,'2013-12-28 03:44:58','27f6cb7c-6f72-11e3-95e6-5f9bfa486a2e',85260177021,85235009105,85225252833,'2013-12-28 11:43:03','2013-12-28 11:48:15',304,360,0.00300,'completed','NORMAL_CLEARING',54,43,36,17,'hangup','NORMAL_CLEARING','http://s3.amazonaws.com/recordings_2013/28c7fe04-6f72-11e3-9e7b-0026b92f9684.mp3'),(1307,'2013-12-28 04:24:21','a87dff2c-6f77-11e3-be55-4930d0fcc4f7',85261560589,85235009105,85225252833,'2013-12-28 12:22:27','2013-12-28 12:28:32',357,360,0.00300,'completed','NORMAL_CLEARING',54,43,36,17,'hangup','NORMAL_CLEARING','http://s3.amazonaws.com/recordings_2013/a943dd5a-6f77-11e3-8eb1-0026b945b52b.mp3'),(1308,'2013-12-29 00:53:07','5008c4b0-7023-11e3-8422-4930d0fcc4f7',0,85235009105,85225252833,'2013-12-29 08:51:12','2013-12-29 08:52:06',20,60,0.00300,'completed','NORMAL_CLEARING',54,43,36,17,'hangup','NORMAL_CLEARING','http://s3.amazonaws.com/recordings_2013/50d631de-7023-11e3-8eb1-0026b945b52b.mp3'),(1309,'2013-12-29 01:07:03','41f6221c-7025-11e3-87d3-5f9bfa486a2e',0,85235009105,85225252833,'2013-12-29 09:05:07','2013-12-29 09:05:34',12,60,0.00300,'completed','NORMAL_CLEARING',54,43,36,17,'hangup','NORMAL_CLEARING','http://s3.amazonaws.com/recordings_2013/42bcf446-7025-11e3-9e7b-0026b92f9684.mp3'),(1310,'2013-12-29 01:08:00','640f3aa0-7025-11e3-8b7e-5f9bfa486a2e',0,85235009105,85225252833,'2013-12-29 09:06:04','2013-12-29 09:06:41',27,60,0.00300,'completed','NORMAL_CLEARING',54,43,36,17,'hangup','NORMAL_CLEARING','http://s3.amazonaws.com/recordings_2013/64d3dee6-7025-11e3-9e7b-0026b92f9684.mp3'),(1311,'2013-12-29 01:17:55','c6ec515c-7026-11e3-88cf-4930d0fcc4f7',0,85235009105,85225252833,'2013-12-29 09:15:59','2013-12-29 09:16:50',32,60,0.00300,'completed','NORMAL_CLEARING',54,43,36,17,'hangup','NORMAL_CLEARING','http://s3.amazonaws.com/recordings_2013/c7b9a1b6-7026-11e3-8eb1-0026b945b52b.mp3'),(1312,'2013-12-29 06:34:08','f32b136c-7052-11e3-93b4-4930d0fcc4f7',85252639826,85235009105,85225252833,'2013-12-29 14:32:12','2013-12-29 14:32:58',37,60,0.00300,'completed','NORMAL_CLEARING',54,43,36,17,'hangup','NORMAL_CLEARING','http://s3.amazonaws.com/recordings_2013/f3f4e12e-7052-11e3-8eb1-0026b945b52b.mp3'),(1313,'2013-12-29 06:35:11','18ba01f6-7053-11e3-9af9-5f9bfa486a2e',85252639826,85235009105,85225252833,'2013-12-29 14:33:15','2013-12-29 14:33:30',9,60,0.00300,'completed','NORMAL_UNSPECIFIED',54,43,36,17,'hangup','NORMAL_CLEARING','http://s3.amazonaws.com/recordings_2013/1997826a-7053-11e3-9e7b-0026b92f9684.mp3'),(1314,'2013-12-29 09:40:36','ffbe7014-706c-11e3-af1f-5f9bfa486a2e',85260177021,85235009105,85225252833,'2013-12-29 17:38:40','2013-12-29 17:39:31',17,60,0.00300,'completed','NORMAL_CLEARING',54,43,36,17,'hangup','NORMAL_CLEARING','http://s3.amazonaws.com/recordings_2013/008e0838-706d-11e3-9e7b-0026b92f9684.mp3'),(1315,'2013-12-30 02:34:26','a0816294-70fa-11e3-8729-4930d0fcc4f7',85260177021,85235009105,85225252833,'2013-12-30 10:32:28','2013-12-30 10:33:34',57,60,0.00300,'completed','NORMAL_CLEARING',54,43,36,17,'hangup','NORMAL_CLEARING','http://s3.amazonaws.com/recordings_2013/a14bfc52-70fa-11e3-8eb1-0026b945b52b.mp3'),(1316,'2013-12-30 03:14:43','416d26e8-7100-11e3-a5d5-5f9bfa486a2e',0,85235009105,85225252833,'2013-12-30 11:12:46','2013-12-30 11:19:33',399,420,0.00300,'completed','NORMAL_CLEARING',54,43,36,17,'hangup','NORMAL_CLEARING','http://s3.amazonaws.com/recordings_2013/42433e7c-7100-11e3-9e7b-0026b92f9684.mp3'),(1317,'2013-12-30 03:24:50','ab19f0c0-7101-11e3-ac73-5f9bfa486a2e',0,85235009105,85225252833,'2013-12-30 11:22:53','2013-12-30 11:24:12',73,120,0.00300,'completed','NORMAL_CLEARING',54,43,36,17,'hangup','NORMAL_CLEARING','http://s3.amazonaws.com/recordings_2013/abe3ddae-7101-11e3-9e7b-0026b92f9684.mp3'),(1318,'2013-12-30 05:33:43','ac1cb3c4-7113-11e3-b8ca-4930d0fcc4f7',85266022581,85235009105,85225252833,'2013-12-30 13:31:45','2013-12-30 13:32:43',50,60,0.00300,'completed','NORMAL_CLEARING',54,43,36,17,'hangup','NORMAL_CLEARING','http://s3.amazonaws.com/recordings_2013/acecff02-7113-11e3-8eb1-0026b945b52b.mp3'),(1319,'2013-12-30 07:52:38','145c2470-7127-11e3-97a1-4930d0fcc4f7',85261058033,85235009105,85225252833,'2013-12-30 15:50:41','2013-12-30 15:58:57',487,540,0.00300,'completed','NORMAL_CLEARING',54,43,36,17,'hangup','NORMAL_CLEARING','http://s3.amazonaws.com/recordings_2013/1525cd3e-7127-11e3-8eb1-0026b945b52b.mp3'),(1320,'2013-12-30 10:32:00','57233c92-713d-11e3-8364-5f9bfa486a2e',85293347784,85235009105,85225252833,'2013-12-30 18:30:02','2013-12-30 18:30:28',13,60,0.00300,'completed','NORMAL_CLEARING',54,43,36,17,'hangup','NORMAL_CLEARING','http://s3.amazonaws.com/recordings_2013/580d57d2-713d-11e3-9e7b-0026b92f9684.mp3'),(1321,'2013-12-31 01:40:38','45de5776-71bc-11e3-b4c3-4930d0fcc4f7',85239032800,85235009105,85225252833,'2013-12-31 09:38:39','2013-12-31 09:39:18',24,60,0.00300,'completed','NORMAL_CLEARING',54,43,36,17,'hangup','NORMAL_CLEARING','http://s3.amazonaws.com/recordings_2013/46beb69a-71bc-11e3-8eb1-0026b945b52b.mp3'),(1322,'2013-12-31 04:04:04','4fb7dcae-71d0-11e3-9865-4930d0fcc4f7',85229015284,85235009105,85225252833,'2013-12-31 12:02:05','2013-12-31 12:02:32',15,60,0.00300,'completed','NORMAL_CLEARING',54,43,36,17,'hangup','NORMAL_CLEARING','http://s3.amazonaws.com/recordings_2013/508e519e-71d0-11e3-8eb1-0026b945b52b.mp3'),(1323,'2013-12-31 06:37:57','cf01debe-71e5-11e3-9cc3-5f9bfa486a2e',85228487280,85235009105,85225252833,'2013-12-31 14:35:58','2013-12-31 14:40:51',285,300,0.00300,'completed','NORMAL_CLEARING',54,43,36,17,'hangup','NORMAL_CLEARING','http://s3.amazonaws.com/recordings_2013/cfcbff46-71e5-11e3-9e7b-0026b92f9684.mp3'),(1324,'2014-01-01 10:25:55','d1046184-72ce-11e3-b478-5f9bfa486a2e',85298632887,85235009105,85225252833,'2014-01-01 18:23:54','2014-01-01 18:24:30',1,60,0.00300,'completed','NORMAL_CLEARING',54,43,36,17,'hangup','NORMAL_CLEARING','http://s3.amazonaws.com/recordings_2013/d1d6c5fc-72ce-11e3-9e7b-0026b92f9684.mp3'),(1325,'2014-01-02 03:32:42','40d2dd58-735e-11e3-8e83-5f9bfa486a2e',0,85235009105,85225252833,'2014-01-02 11:30:40','2014-01-02 11:31:20',33,60,0.00300,'completed','NORMAL_CLEARING',54,43,36,17,'hangup','NORMAL_CLEARING','http://s3.amazonaws.com/recordings_2013/41a7536c-735e-11e3-9e7b-0026b92f9684.mp3'),(1326,'2014-01-02 04:25:10','94fb6b14-7365-11e3-810b-4930d0fcc4f7',85292516754,85235009105,85225252833,'2014-01-02 12:23:07','2014-01-02 12:24:18',64,120,0.00300,'completed','NORMAL_CLEARING',54,43,36,17,'hangup','NORMAL_CLEARING','http://s3.amazonaws.com/recordings_2013/95c43292-7365-11e3-8eb1-0026b945b52b.mp3'),(1327,'2014-01-02 04:28:58','1d1751b6-7366-11e3-a3bf-5f9bfa486a2e',85292516754,85235009105,85225252833,'2014-01-02 12:26:56','2014-01-02 12:27:35',28,60,0.00300,'completed','NORMAL_CLEARING',54,43,36,17,'hangup','NORMAL_CLEARING','http://s3.amazonaws.com/recordings_2013/1dde2c96-7366-11e3-9e7b-0026b92f9684.mp3'),(1328,'2014-01-02 04:33:18','b83136a8-7366-11e3-8cc0-4930d0fcc4f7',85292516754,85235009105,85225252833,'2014-01-02 12:31:16','2014-01-02 12:32:28',65,120,0.00300,'completed','NORMAL_CLEARING',54,43,36,17,'hangup','NORMAL_CLEARING','http://s3.amazonaws.com/recordings_2013/b8f9875c-7366-11e3-8eb1-0026b945b52b.mp3'),(1329,'2014-01-02 08:07:15','9b98c07e-7384-11e3-a441-5f9bfa486a2e',85234206621,85235009105,85225252833,'2014-01-02 16:05:13','2014-01-02 16:06:56',96,120,0.00300,'completed','NORMAL_CLEARING',54,43,36,17,'hangup','NORMAL_CLEARING','http://s3.amazonaws.com/recordings_2013/9c5cbb14-7384-11e3-9e7b-0026b92f9684.mp3'),(1330,'2014-01-03 00:06:49','a70649b4-740a-11e3-9e63-5f9bfa486a2e',85256425467,85235009105,85225252833,'2014-01-03 08:04:45','2014-01-03 08:05:50',56,60,0.00300,'completed','NORMAL_CLEARING',54,43,36,17,'hangup','NORMAL_CLEARING','http://s3.amazonaws.com/recordings_2013/a87ecee2-740a-11e3-9e7b-0026b92f9684.mp3'),(1331,'2014-01-03 00:12:45','7bdd0f06-740b-11e3-8694-4930d0fcc4f7',85256425467,85235009105,85225252833,'2014-01-03 08:10:42','2014-01-03 08:11:37',47,60,0.00300,'completed','NORMAL_CLEARING',54,43,36,17,'hangup','NORMAL_CLEARING','http://s3.amazonaws.com/recordings_2013/7ca337ee-740b-11e3-8eb1-0026b945b52b.mp3'),(1332,'2014-01-03 07:32:20','e455f948-7448-11e3-8b22-5f9bfa486a2e',85296633757,85235009105,85225252833,'2014-01-03 15:30:16','2014-01-03 15:35:02',278,300,0.00300,'completed','NORMAL_CLEARING',54,43,36,17,'hangup','NORMAL_CLEARING','http://s3.amazonaws.com/recordings_2013/e527f6c8-7448-11e3-9e7b-0026b92f9684.mp3'),(1333,'2014-01-03 08:23:02','f93f529e-744f-11e3-a1d5-4930d0fcc4f7',85228539812,85235009080,85266821490,'2014-01-03 16:20:58','2014-01-03 16:21:20',21,60,0.00300,'completed','NORMAL_CLEARING',8,9,14,9,'hangup','NORMAL_CLEARING','http://s3.amazonaws.com/recordings_2013/018c7fbc-7450-11e3-8eb1-0026b945b52b.mp3'),(1334,'2014-01-03 08:39:56','55ba2eac-7452-11e3-9d27-4930d0fcc4f7',85228267925,85235009105,85225252833,'2014-01-03 16:37:52','2014-01-03 16:38:20',16,60,0.00300,'completed','NORMAL_CLEARING',54,43,36,17,'hangup','NORMAL_CLEARING','http://s3.amazonaws.com/recordings_2013/56861e7c-7452-11e3-8eb1-0026b945b52b.mp3'),(1335,'2014-01-03 08:45:04','0d219ed6-7453-11e3-b8d2-5f9bfa486a2e',85221377936,85235009090,85266821490,'2014-01-03 16:43:00','2014-01-03 16:43:11',8,60,0.00300,'completed','NORMAL_CLEARING',44,36,14,9,'hangup','NORMAL_CLEARING',NULL),(1336,'2014-01-04 07:48:29','4f497a38-7514-11e3-bee4-5f9bfa486a2e',85225479231,85235009105,85225252833,'2014-01-04 15:46:24','2014-01-04 15:55:22',530,540,0.00300,'completed','NORMAL_CLEARING',54,43,36,17,'hangup','NORMAL_CLEARING','http://s3.amazonaws.com/recordings_2013/50143d90-7514-11e3-9e7b-0026b92f9684.mp3'),(1337,'2014-01-06 02:22:39','1d96e172-7679-11e3-8451-4930d0fcc4f7',85269720421,85235009105,85225252833,'2014-01-06 10:20:31','2014-01-06 10:23:15',153,180,0.00300,'completed','NORMAL_CLEARING',54,43,36,17,'hangup','NORMAL_CLEARING','http://s3.amazonaws.com/recordings_2013/1e5da92e-7679-11e3-8eb1-0026b945b52b.mp3'),(1338,'2014-01-06 03:09:53','b74b9fdc-767f-11e3-9cf7-5f9bfa486a2e',85269720421,85235009105,85225252833,'2014-01-06 11:07:45','2014-01-06 11:09:10',76,120,0.00300,'completed','NORMAL_CLEARING',54,43,36,17,'hangup','NORMAL_CLEARING','http://s3.amazonaws.com/recordings_2013/b80d415a-767f-11e3-9e7b-0026b92f9684.mp3'),(1339,'2014-01-06 03:12:54','22bc7e8a-7680-11e3-8bfb-4930d0fcc4f7',85269720421,85235009105,85225252833,'2014-01-06 11:10:46','2014-01-06 11:11:35',42,60,0.00300,'completed','NORMAL_CLEARING',54,43,36,17,'hangup','NORMAL_CLEARING','http://s3.amazonaws.com/recordings_2013/237e5b36-7680-11e3-8eb1-0026b945b52b.mp3'),(1340,'2014-01-06 04:51:17','e16bc284-768d-11e3-81f5-4930d0fcc4f7',85228080767,85235009105,85225252833,'2014-01-06 12:49:09','2014-01-06 12:49:42',22,60,0.00300,'completed','NORMAL_CLEARING',54,43,36,17,'hangup','NORMAL_CLEARING','http://s3.amazonaws.com/recordings_2013/e22d6c86-768d-11e3-8eb1-0026b945b52b.mp3'),(1341,'2014-01-06 07:14:34','e589ab7e-76a1-11e3-bffc-5f9bfa486a2e',85291631115,85235009105,85225252833,'2014-01-06 15:12:26','2014-01-06 15:17:24',289,300,0.00300,'completed','NORMAL_CLEARING',54,43,36,17,'hangup','NORMAL_CLEARING','http://s3.amazonaws.com/recordings_2013/e64f108a-76a1-11e3-9e7b-0026b92f9684.mp3'),(1342,'2014-01-06 08:12:49','089986d6-76aa-11e3-9478-4930d0fcc4f7',85239202722,85235009080,85266821490,'2014-01-06 16:10:41','2014-01-06 16:12:47',125,180,0.00300,'completed','NORMAL_CLEARING',8,9,14,9,'hangup','NORMAL_CLEARING','http://s3.amazonaws.com/recordings_2013/10b03bc6-76aa-11e3-8eb1-0026b945b52b.mp3'),(1343,'2014-01-06 08:18:30','d3927cee-76aa-11e3-b69a-5f9bfa486a2e',85234206621,85235009105,85225252833,'2014-01-06 16:16:21','2014-01-06 16:17:15',38,60,0.00300,'completed','NORMAL_CLEARING',54,43,36,17,'hangup','NORMAL_CLEARING','http://s3.amazonaws.com/recordings_2013/d469f642-76aa-11e3-9e7b-0026b92f9684.mp3'),(1344,'2014-01-06 09:02:09','eccf33ea-76b0-11e3-83cf-4930d0fcc4f7',85266821490,85235009082,85266821490,'2014-01-06 17:00:01','2014-01-06 17:00:09',4,60,0.00300,'completed','NORMAL_CLEARING',12,10,14,9,'hangup','NORMAL_CLEARING','http://s3.amazonaws.com/recordings_2013/eda38fbe-76b0-11e3-8eb1-0026b945b52b.mp3'),(1345,'2014-01-06 09:38:46','0a584e1a-76b6-11e3-898a-5f9bfa486a2e',85234206621,85235009105,85225252833,'2014-01-06 17:36:38','2014-01-06 17:37:34',49,60,0.00300,'completed','NORMAL_CLEARING',54,43,36,17,'hangup','NORMAL_CLEARING','http://s3.amazonaws.com/recordings_2013/0b1cc448-76b6-11e3-9e7b-0026b92f9684.mp3'),(1346,'2014-01-06 09:55:19','5a061742-76b8-11e3-b22c-4930d0fcc4f7',0,85235009105,85225252833,'2014-01-06 17:53:10','2014-01-06 17:57:50',269,300,0.00300,'completed','NORMAL_CLEARING',54,43,36,17,'hangup','NORMAL_CLEARING','http://s3.amazonaws.com/recordings_2013/5acbbda8-76b8-11e3-8eb1-0026b945b52b.mp3'),(1347,'2014-01-06 10:07:55','1c804972-76ba-11e3-8261-5f9bfa486a2e',0,85235009105,85225252833,'2014-01-06 18:05:46','2014-01-06 18:09:50',237,240,0.00300,'completed','NORMAL_CLEARING',54,43,36,17,'hangup','NORMAL_CLEARING','http://s3.amazonaws.com/recordings_2013/1d3f824c-76ba-11e3-9e7b-0026b92f9684.mp3'),(1348,'2014-01-06 12:16:29','1277e8c4-76cc-11e3-aaa7-5f9bfa486a2e',0,85235009105,85225252833,'2014-01-06 20:14:20','2014-01-06 20:15:18',51,60,0.00300,'completed','NORMAL_CLEARING',54,43,36,17,'hangup','NORMAL_CLEARING','http://s3.amazonaws.com/recordings_2013/133992da-76cc-11e3-9e7b-0026b92f9684.mp3'),(1350,'2014-01-07 02:32:48','b269204c-7743-11e3-a6d3-5f9bfa486a2e',85236955286,85235009105,85225252833,'2014-01-07 10:30:39','2014-01-07 10:31:40',47,60,0.00300,'completed','NORMAL_CLEARING',54,43,36,17,'hangup','NORMAL_CLEARING','http://s3.amazonaws.com/recordings_2013/b33345c0-7743-11e3-9e7b-0026b92f9684.mp3'),(1351,'2014-01-07 03:48:21','40109146-774e-11e3-aa84-4930d0fcc4f7',85268547282,85235009105,85225252833,'2014-01-07 11:46:11','2014-01-07 11:48:14',114,120,0.00300,'completed','NORMAL_CLEARING',54,43,36,17,'hangup','NORMAL_CLEARING','http://s3.amazonaws.com/recordings_2013/40d52d62-774e-11e3-8eb1-0026b945b52b.mp3'),(1352,'2014-01-07 05:02:46','a52ad79e-7758-11e3-b622-4930d0fcc4f7',85235833056,85235009105,85225252833,'2014-01-07 13:00:36','2014-01-07 13:02:16',93,120,0.00300,'completed','NORMAL_CLEARING',54,43,36,17,'hangup','NORMAL_CLEARING','http://s3.amazonaws.com/recordings_2013/a5f1afa4-7758-11e3-8eb1-0026b945b52b.mp3'),(1353,'2014-01-07 12:10:54','74717e50-7794-11e3-8a2f-4930d0fcc4f7',85263981315,85235009105,85225252833,'2014-01-07 20:08:44','2014-01-07 20:10:31',100,120,0.00300,'completed','NORMAL_CLEARING',54,43,36,17,'hangup','NORMAL_CLEARING','http://s3.amazonaws.com/recordings_2013/754e3584-7794-11e3-8eb1-0026b945b52b.mp3'),(1354,'2014-01-07 13:53:10','bd97d01c-77a2-11e3-b1ed-4930d0fcc4f7',85261620171,85235009105,85225252833,'2014-01-07 21:51:00','2014-01-07 21:51:55',38,60,0.00300,'completed','NORMAL_CLEARING',54,43,36,17,'hangup','NORMAL_CLEARING','http://s3.amazonaws.com/recordings_2013/be6ba7de-77a2-11e3-8eb1-0026b945b52b.mp3'),(1355,'2014-01-08 06:59:02','0ce39f0e-7832-11e3-8865-5f9bfa486a2e',85229781000,85235009105,85225252833,'2014-01-08 14:56:51','2014-01-08 14:58:58',116,120,0.00300,'completed','NORMAL_CLEARING',54,43,36,17,'hangup','NORMAL_CLEARING','http://s3.amazonaws.com/recordings_2013/0db5896a-7832-11e3-9e7b-0026b92f9684.mp3'),(1356,'2014-01-08 07:40:16','cf825596-7837-11e3-b971-4930d0fcc4f7',85237679628,85235009105,85225252833,'2014-01-08 15:38:05','2014-01-08 15:38:49',37,60,0.00300,'completed','NORMAL_CLEARING',54,43,36,17,'hangup','NORMAL_CLEARING','http://s3.amazonaws.com/recordings_2013/d0511f2a-7837-11e3-8eb1-0026b945b52b.mp3'),(1357,'2014-01-08 08:47:24','300c1858-7841-11e3-abd7-5f9bfa486a2e',85262286425,85235009105,85225252833,'2014-01-08 16:45:12','2014-01-08 16:45:33',12,60,0.00300,'completed','NORMAL_CLEARING',54,43,36,17,'hangup','NORMAL_CLEARING','http://s3.amazonaws.com/recordings_2013/30d2d70e-7841-11e3-9e7b-0026b92f9684.mp3'),(1358,'2014-01-08 10:11:13','e5ae3118-784c-11e3-bf43-4930d0fcc4f7',85226396119,85235009105,85225252833,'2014-01-08 18:09:01','2014-01-08 18:10:55',101,120,0.00300,'completed','NORMAL_CLEARING',54,43,36,17,'hangup','NORMAL_CLEARING','http://s3.amazonaws.com/recordings_2013/e66f04a6-784c-11e3-8eb1-0026b945b52b.mp3'),(1359,'2014-01-08 10:36:54','7bfa86d2-7850-11e3-b0ef-5f9bfa486a2e',85239659383,85235009105,85225252833,'2014-01-08 18:34:42','2014-01-08 18:38:13',206,240,0.00300,'completed','NORMAL_CLEARING',54,43,36,17,'hangup','NORMAL_CLEARING','http://s3.amazonaws.com/recordings_2013/7cc7e636-7850-11e3-9e7b-0026b92f9684.mp3'),(1360,'2014-01-08 12:03:24','91b890c0-785c-11e3-98b1-5f9bfa486a2e',85291800978,85235009105,85225252833,'2014-01-08 20:01:12','2014-01-08 20:01:52',28,60,0.00300,'completed','NORMAL_CLEARING',54,43,36,17,'hangup','NORMAL_CLEARING','http://s3.amazonaws.com/recordings_2013/928295e6-785c-11e3-9e7b-0026b92f9684.mp3'),(1361,'2014-01-09 05:27:05','5df3e1a8-78ee-11e3-a3d3-4930d0fcc4f7',85237551552,85235009105,85225252833,'2014-01-09 13:24:52','2014-01-09 13:28:51',232,240,0.00300,'completed','NORMAL_CLEARING',54,43,36,17,'hangup','NORMAL_CLEARING','http://s3.amazonaws.com/recordings_2013/5eba1ab2-78ee-11e3-8eb1-0026b945b52b.mp3'),(1362,'2014-01-09 05:37:57','de4b34b8-78ef-11e3-bc2b-4930d0fcc4f7',0,85235009105,85225252833,'2014-01-09 13:35:37','2014-01-09 13:37:40',105,120,0.00300,'completed','NORMAL_CLEARING',54,43,36,17,'hangup','NORMAL_CLEARING','http://s3.amazonaws.com/recordings_2013/e34472b8-78ef-11e3-8eb1-0026b945b52b.mp3'),(1363,'2014-01-09 06:02:21','4b0c4b84-78f3-11e3-a481-5f9bfa486a2e',85296373239,85235009105,85225252833,'2014-01-09 14:00:08','2014-01-09 14:01:44',88,120,0.00300,'completed','NORMAL_CLEARING',54,43,36,17,'hangup','NORMAL_CLEARING','http://s3.amazonaws.com/recordings_2013/4bd233f8-78f3-11e3-9e7b-0026b92f9684.mp3'),(1364,'2014-01-09 06:24:04','53f6de82-78f6-11e3-93a8-5f9bfa486a2e',85261893909,85235009105,85225252833,'2014-01-09 14:21:51','2014-01-09 14:24:59',181,240,0.00300,'completed','NORMAL_CLEARING',54,43,36,17,'hangup','NORMAL_CLEARING','http://s3.amazonaws.com/recordings_2013/54c21ed0-78f6-11e3-9e7b-0026b92f9684.mp3'),(1365,'2014-01-10 01:10:12','a50e290e-7993-11e3-8a3b-4930d0fcc4f7',85263896507,85235009105,85225252833,'2014-01-10 09:07:58','2014-01-10 09:08:02',0,0,0.00300,'cancel','ORIGINATOR_CANCEL',54,43,36,17,'hangup','ORIGINATOR_CANCEL','http://s3.amazonaws.com/recordings_2013/a5d6c8d2-7993-11e3-8eb1-0026b945b52b.mp3'),(1366,'2014-01-10 01:10:36','b3206070-7993-11e3-8b01-4930d0fcc4f7',85263896507,85235009105,85225252833,'2014-01-10 09:08:22','2014-01-10 09:08:46',16,60,0.00300,'completed','NORMAL_CLEARING',54,43,36,17,'hangup','NORMAL_CLEARING','http://s3.amazonaws.com/recordings_2013/b3f0cf08-7993-11e3-8eb1-0026b945b52b.mp3'),(1367,'2014-01-10 06:55:20','db9a169c-79c3-11e3-aafb-5f9bfa486a2e',85221273288,85235009105,85225252833,'2014-01-10 14:53:06','2014-01-10 14:57:56',283,300,0.00300,'completed','NORMAL_CLEARING',54,43,36,17,'hangup','NORMAL_CLEARING','http://s3.amazonaws.com/recordings_2013/dc64bff0-79c3-11e3-9e7b-0026b92f9684.mp3'),(1368,'2014-01-10 07:02:38','e068d356-79c4-11e3-aa2a-4930d0fcc4f7',85221273288,85235009105,85225252833,'2014-01-10 15:00:23','2014-01-10 15:00:59',28,60,0.00300,'completed','NORMAL_CLEARING',54,43,36,17,'hangup','NORMAL_CLEARING','http://s3.amazonaws.com/recordings_2013/e13fe436-79c4-11e3-8eb1-0026b945b52b.mp3'),(1369,'2014-01-10 07:40:07','1cfa8012-79ca-11e3-a2a7-4930d0fcc4f7',85294080445,85235009082,85266821490,'2014-01-10 15:37:52','2014-01-10 15:40:13',130,180,0.00300,'completed','NORMAL_CLEARING',12,10,14,9,'hangup','NORMAL_CLEARING','http://s3.amazonaws.com/recordings_2013/1dbfffc2-79ca-11e3-8eb1-0026b945b52b.mp3'),(1370,'2014-01-10 09:53:31','bf07821c-79dc-11e3-8de5-85fb87834c3d',0,85235009105,85225252833,'2014-01-10 17:51:15','2014-01-10 17:53:29',126,180,0.00300,'completed','NORMAL_CLEARING',54,43,36,17,'hangup','NORMAL_CLEARING','http://s3.amazonaws.com/recordings_2013/c0599fa6-79dc-11e3-9e7b-0026b92f9684.mp3'),(1371,'2014-01-11 03:22:29','493cc400-7a6f-11e3-bb9b-d58ae09a941d',85268922718,85235009105,85225252833,'2014-01-11 11:20:14','2014-01-11 11:21:11',23,60,0.00300,'completed','NORMAL_CLEARING',54,43,36,17,'hangup','NORMAL_CLEARING','http://s3.amazonaws.com/recordings_2013/4a179b7a-7a6f-11e3-8eb1-0026b945b52b.mp3'),(1372,'2014-01-11 03:23:34','70043c6c-7a6f-11e3-833b-d58ae09a941d',85268922718,85235009105,85225252833,'2014-01-11 11:21:19','2014-01-11 11:22:41',63,120,0.00300,'completed','NORMAL_CLEARING',54,43,36,17,'hangup','NORMAL_CLEARING','http://s3.amazonaws.com/recordings_2013/70ce821a-7a6f-11e3-8eb1-0026b945b52b.mp3'),(1373,'2014-01-11 04:34:50','64767f22-7a79-11e3-95aa-85fb87834c3d',85290825862,85235009105,85225252833,'2014-01-11 12:32:34','2014-01-11 12:34:11',62,120,0.00300,'completed','NORMAL_CLEARING',54,43,36,17,'hangup','NORMAL_CLEARING','http://s3.amazonaws.com/recordings_2013/65373ca8-7a79-11e3-9e7b-0026b92f9684.mp3'),(1374,'2014-01-11 07:20:54','972d80f2-7a90-11e3-a340-d58ae09a941d',85290825862,85235009105,85225252833,'2014-01-11 15:18:38','2014-01-11 15:21:46',177,180,0.00300,'completed','NORMAL_CLEARING',54,43,36,17,'hangup','NORMAL_CLEARING','http://s3.amazonaws.com/recordings_2013/97feae52-7a90-11e3-8eb1-0026b945b52b.mp3'),(1375,'2014-01-11 09:29:18','87688506-7aa2-11e3-9207-85fb87834c3d',85259020366,85235009105,85225252833,'2014-01-11 17:27:02','2014-01-11 17:27:31',0,0,0.00300,'cancel','ORIGINATOR_CANCEL',54,43,36,17,'hangup','ORIGINATOR_CANCEL','http://s3.amazonaws.com/recordings_2013/88364626-7aa2-11e3-9e7b-0026b92f9684.mp3'),(1376,'2014-01-11 09:30:36','b5a9b912-7aa2-11e3-8b00-d58ae09a941d',85259020366,85235009105,85225252833,'2014-01-11 17:28:20','2014-01-11 17:30:32',123,180,0.00300,'completed','NORMAL_CLEARING',54,43,36,17,'hangup','NORMAL_CLEARING','http://s3.amazonaws.com/recordings_2013/b66c7240-7aa2-11e3-8eb1-0026b945b52b.mp3'),(1377,'2014-01-12 03:36:18','60afa5dc-7b3a-11e3-a9d9-d58ae09a941d',85259020366,85235009105,85225252833,'2014-01-12 11:34:01','2014-01-12 11:38:25',255,300,0.00300,'completed','NORMAL_CLEARING',54,43,36,17,'hangup','NORMAL_CLEARING','http://s3.amazonaws.com/recordings_2013/617bb5a0-7b3a-11e3-8eb1-0026b945b52b.mp3'),(1378,'2014-01-12 04:13:56','a2713f44-7b3f-11e3-a4c9-85fb87834c3d',0,85235009105,85225252833,'2014-01-12 12:11:38','2014-01-12 12:17:10',323,360,0.00300,'completed','NORMAL_CLEARING',54,43,36,17,'hangup','NORMAL_CLEARING','http://s3.amazonaws.com/recordings_2013/a33cb520-7b3f-11e3-9e7b-0026b92f9684.mp3'),(1379,'2014-01-12 05:07:35','214d5eea-7b47-11e3-ab9a-d58ae09a941d',85259020366,85235009105,85225252833,'2014-01-12 13:05:18','2014-01-12 13:06:07',43,60,0.00300,'completed','NORMAL_CLEARING',54,43,36,17,'hangup','NORMAL_CLEARING','http://s3.amazonaws.com/recordings_2013/22127dce-7b47-11e3-8eb1-0026b945b52b.mp3'),(1380,'2014-01-12 08:02:12','8591f204-7b5f-11e3-bd0d-85fb87834c3d',85255758806,85235009105,85225252833,'2014-01-12 15:59:54','2014-01-12 16:01:00',54,60,0.00300,'completed','NORMAL_CLEARING',54,43,36,17,'hangup','NORMAL_CLEARING','http://s3.amazonaws.com/recordings_2013/865fe966-7b5f-11e3-9e7b-0026b92f9684.mp3'),(1381,'2014-01-12 11:31:53','d0473b2a-7b7c-11e3-bcb6-85fb87834c3d',85263171792,85235009105,85225252833,'2014-01-12 19:29:35','2014-01-12 19:30:03',0,0,0.00300,'cancel','ORIGINATOR_CANCEL',54,43,36,17,'hangup','ORIGINATOR_CANCEL','http://s3.amazonaws.com/recordings_2013/d110b3f6-7b7c-11e3-9e7b-0026b92f9684.mp3'),(1382,'2014-01-13 02:16:50','702f9d5a-7bf8-11e3-8a74-85fb87834c3d',85266821490,85235009080,85269728590,'2014-01-13 10:14:31','2014-01-13 10:14:55',24,60,0.00300,'completed','NORMAL_CLEARING',8,9,14,9,'hangup','ORIGINATOR_CANCEL','http://s3.amazonaws.com/recordings_2013/7874f44c-7bf8-11e3-9e7b-0026b92f9684.mp3'),(1383,'2014-01-13 02:24:56','923274e4-7bf9-11e3-b29d-85fb87834c3d',85266821490,85235009095,85269765090,'2014-01-13 10:22:38','2014-01-13 10:23:20',42,60,0.00300,'completed','NORMAL_CLEARING',56,45,38,23,'hangup','NORMAL_CLEARING','http://s3.amazonaws.com/recordings_2013/97dd954a-7bf9-11e3-9e7b-0026b92f9684.mp3'),(1384,'2014-01-13 02:59:46','6f7b69ec-7bfe-11e3-b73d-d58ae09a941d',0,85235009105,85225252833,'2014-01-13 10:57:27','2014-01-13 10:57:44',10,60,0.00300,'completed','NORMAL_CLEARING',54,43,36,17,'hangup','NORMAL_CLEARING','http://s3.amazonaws.com/recordings_2013/704cfa0c-7bfe-11e3-8eb1-0026b945b52b.mp3'),(1385,'2014-01-13 03:14:19','77e1c872-7c00-11e3-b2fa-85fb87834c3d',0,85235009105,85225252833,'2014-01-13 11:12:00','2014-01-13 11:16:30',257,300,0.00300,'completed','NORMAL_CLEARING',54,43,36,17,'hangup','NORMAL_CLEARING','http://s3.amazonaws.com/recordings_2013/78ae1b98-7c00-11e3-9e7b-0026b92f9684.mp3'),(1386,'2014-01-13 03:26:30','2b87637c-7c02-11e3-8549-d58ae09a941d',85221160341,85235009105,85225252833,'2014-01-13 11:24:11','2014-01-13 11:25:05',48,60,0.00300,'completed','NORMAL_CLEARING',54,43,36,17,'hangup','NORMAL_CLEARING','http://s3.amazonaws.com/recordings_2013/2c43a23a-7c02-11e3-8eb1-0026b945b52b.mp3'),(1387,'2014-01-13 05:04:48','e710e85e-7c0f-11e3-aabf-d58ae09a941d',85229781000,85235009105,85225252833,'2014-01-13 13:02:29','2014-01-13 13:03:22',35,60,0.00300,'completed','NORMAL_CLEARING',54,43,36,17,'hangup','NORMAL_CLEARING','http://s3.amazonaws.com/recordings_2013/e7de4e3e-7c0f-11e3-8eb1-0026b945b52b.mp3'),(1388,'2014-01-13 05:05:57','10736d3e-7c10-11e3-a4c5-85fb87834c3d',85229781000,85235009105,85225252833,'2014-01-13 13:03:38','2014-01-13 13:05:16',90,120,0.00300,'completed','NORMAL_CLEARING',54,43,36,17,NULL,NULL,'http://s3.amazonaws.com/recordings_2013/113e312c-7c10-11e3-9e7b-0026b92f9684.mp3'),(1389,'2014-01-13 05:29:35','5d58a346-7c13-11e3-81ea-d58ae09a941d',85235720989,85235009105,85225252833,'2014-01-13 13:27:16','2014-01-13 13:30:35',190,240,0.00300,'completed','NORMAL_CLEARING',54,43,36,17,'hangup','NORMAL_CLEARING','http://s3.amazonaws.com/recordings_2013/5e201a0c-7c13-11e3-8eb1-0026b945b52b.mp3'),(1390,'2014-01-13 06:36:01','a4f8b638-7c1c-11e3-8d97-d58ae09a941d',85267562290,85235009105,85225252833,'2014-01-13 14:33:42','2014-01-13 14:35:39',107,120,0.00300,'completed','NORMAL_CLEARING',54,43,36,17,'hangup','NORMAL_CLEARING','http://s3.amazonaws.com/recordings_2013/a5de05b2-7c1c-11e3-8eb1-0026b945b52b.mp3'),(1391,'2014-01-13 07:48:35','c8930364-7c26-11e3-966b-85fb87834c3d',85292154600,85235009105,85225252833,'2014-01-13 15:46:16','2014-01-13 15:48:40',136,180,0.00300,'completed','NORMAL_CLEARING',54,43,36,17,'hangup','NORMAL_CLEARING','http://s3.amazonaws.com/recordings_2013/c9605026-7c26-11e3-9e7b-0026b92f9684.mp3'),(1392,'2014-01-13 07:55:29','bf1b2d7e-7c27-11e3-bcef-d58ae09a941d',85292154600,85235009105,85225252833,'2014-01-13 15:53:10','2014-01-13 15:53:53',36,60,0.00300,'completed','NORMAL_CLEARING',54,43,36,17,'hangup','NORMAL_CLEARING','http://s3.amazonaws.com/recordings_2013/bfe938ea-7c27-11e3-8eb1-0026b945b52b.mp3'),(1393,'2014-01-14 02:34:16','09404370-7cc4-11e3-81dd-85fb87834c3d',85221273288,85235009105,85225252833,'2014-01-14 10:31:56','2014-01-14 10:33:23',81,120,0.00300,'completed','NORMAL_CLEARING',54,43,36,17,'hangup','NORMAL_CLEARING','http://s3.amazonaws.com/recordings_2013/09ff4cfc-7cc4-11e3-9e7b-0026b92f9684.mp3'),(1394,'2014-01-14 04:04:48','aeb152e8-7cd0-11e3-b403-85fb87834c3d',85231957269,85235009105,85225252833,'2014-01-14 12:02:27','2014-01-14 12:02:51',16,60,0.00300,'completed','NORMAL_CLEARING',54,43,36,17,'hangup','NORMAL_CLEARING','http://s3.amazonaws.com/recordings_2013/af77ac5e-7cd0-11e3-9e7b-0026b92f9684.mp3'),(1395,'2014-01-14 06:10:23','39cf0b5c-7ce2-11e3-843a-d58ae09a941d',85228465108,85235009105,85225252833,'2014-01-14 14:08:02','2014-01-14 14:08:19',9,60,0.00300,'completed','NORMAL_CLEARING',54,43,36,17,'hangup','NORMAL_CLEARING','http://s3.amazonaws.com/recordings_2013/3a980796-7ce2-11e3-8eb1-0026b945b52b.mp3'),(1396,'2014-01-14 06:10:46','47c1aa9e-7ce2-11e3-9e6f-85fb87834c3d',85228465108,85235009105,85225252833,'2014-01-14 14:08:25','2014-01-14 14:08:50',19,60,0.00300,'completed','NORMAL_CLEARING',54,43,36,17,'hangup','NORMAL_CLEARING','http://s3.amazonaws.com/recordings_2013/48806916-7ce2-11e3-9e7b-0026b92f9684.mp3'),(1397,'2014-01-14 06:31:55','3c21f768-7ce5-11e3-a1f5-d58ae09a941d',85253605578,85235009105,85225252833,'2014-01-14 14:29:34','2014-01-14 14:30:34',49,60,0.00300,'completed','NORMAL_CLEARING',54,43,36,17,'hangup','NORMAL_CLEARING','http://s3.amazonaws.com/recordings_2013/3cf68028-7ce5-11e3-8eb1-0026b945b52b.mp3'),(1398,'2014-01-14 07:29:05','38672816-7ced-11e3-aa56-d58ae09a941d',85225391384,85235009105,85225252833,'2014-01-14 15:26:44','2014-01-14 15:27:27',35,60,0.00300,'completed','NORMAL_CLEARING',54,43,36,17,'hangup','NORMAL_CLEARING','http://s3.amazonaws.com/recordings_2013/392c7d8c-7ced-11e3-8eb1-0026b945b52b.mp3'),(1399,'2014-01-14 09:35:03','d160ca8e-7cfe-11e3-a171-d58ae09a941d',85292850797,85235009105,85225252833,'2014-01-14 17:32:42','2014-01-14 17:33:38',44,60,0.00300,'completed','NORMAL_CLEARING',54,43,36,17,'hangup','NORMAL_CLEARING','http://s3.amazonaws.com/recordings_2013/d22c0064-7cfe-11e3-8eb1-0026b945b52b.mp3'),(1400,'2014-01-14 10:38:34','b0ca093a-7d07-11e3-9575-85fb87834c3d',85266821490,85235009082,85266821490,'2014-01-14 18:36:13','2014-01-14 18:36:46',32,60,0.00300,'completed','NORMAL_CLEARING',12,10,14,9,'hangup','NORMAL_CLEARING','http://s3.amazonaws.com/recordings_2013/b905d250-7d07-11e3-9e7b-0026b92f9684.mp3'),(1401,'2014-01-14 11:13:30','9205ed70-7d0c-11e3-84ce-d58ae09a941d',85263981315,85235009105,85225252833,'2014-01-14 19:11:09','2014-01-14 19:12:46',86,120,0.00300,'completed','NORMAL_CLEARING',54,43,36,17,'hangup','NORMAL_CLEARING','http://s3.amazonaws.com/recordings_2013/92c307e8-7d0c-11e3-8eb1-0026b945b52b.mp3'),(1402,'2014-01-14 11:59:00','ed749174-7d12-11e3-b3e3-d58ae09a941d',85291610011,85235009105,85225252833,'2014-01-14 19:56:39','2014-01-14 19:57:15',0,0,0.00300,'completed','NORMAL_CLEARING',54,43,36,17,'hangup','NORMAL_UNSPECIFIED','http://s3.amazonaws.com/recordings_2013/ee4cfcda-7d12-11e3-8eb1-0026b945b52b.mp3'),(1403,'2014-01-14 11:59:46','090409f6-7d13-11e3-bc02-d58ae09a941d',85291610011,85235009105,85225252833,'2014-01-14 19:57:26','2014-01-14 19:58:19',21,60,0.00300,'completed','NORMAL_CLEARING',54,43,36,17,'hangup','NORMAL_CLEARING','http://s3.amazonaws.com/recordings_2013/09c89e42-7d13-11e3-8eb1-0026b945b52b.mp3'),(1404,'2014-01-14 12:10:40','8e4a289c-7d14-11e3-9d7e-85fb87834c3d',85292850797,85235009105,85225252833,'2014-01-14 20:08:19','2014-01-14 20:09:01',29,60,0.00300,'completed','NORMAL_CLEARING',54,43,36,17,'hangup','NORMAL_CLEARING','http://s3.amazonaws.com/recordings_2013/8f070d72-7d14-11e3-9e7b-0026b92f9684.mp3'),(1405,'2014-01-15 00:42:12','8ac8299e-7d7d-11e3-85f8-85fb87834c3d',0,85235009105,85225252833,'2014-01-15 08:39:50','2014-01-15 08:41:57',116,120,0.00300,'completed','NORMAL_CLEARING',54,43,36,17,'hangup','NORMAL_CLEARING','http://s3.amazonaws.com/recordings_2013/8b958222-7d7d-11e3-9e7b-0026b92f9684.mp3'),(1406,'2014-01-15 08:40:12','50fc768c-7dc0-11e3-bf9c-d58ae09a941d',85262336042,85235009105,85225252833,'2014-01-15 16:37:49','2014-01-15 16:40:43',163,180,0.00300,'completed','NORMAL_CLEARING',54,43,36,17,'hangup','NORMAL_CLEARING','http://s3.amazonaws.com/recordings_2013/51c2ce04-7dc0-11e3-8eb1-0026b945b52b.mp3'),(1407,'2014-01-15 09:10:56','9c6596ea-7dc4-11e3-84b5-d58ae09a941d',85292274621,85235009105,85225252833,'2014-01-15 17:08:34','2014-01-15 17:10:00',77,120,0.00300,'completed','NORMAL_CLEARING',54,43,36,17,'hangup','NORMAL_CLEARING','http://s3.amazonaws.com/recordings_2013/9d2edfe6-7dc4-11e3-8eb1-0026b945b52b.mp3'),(1408,'2014-01-16 00:08:46','091b0202-7e42-11e3-818c-d58ae09a941d',85269728590,85235009108,85266821490,'2014-01-16 08:06:23','2014-01-16 08:06:49',25,60,0.00300,'completed','NORMAL_CLEARING',58,46,39,24,'hangup','ORIGINATOR_CANCEL','http://s3.amazonaws.com/recordings_2013/1210bfd2-7e42-11e3-8eb1-0026b945b52b.mp3'),(1409,'2014-01-16 00:09:38','279d9e24-7e42-11e3-9904-85fb87834c3d',85269728590,85235009109,85266821490,'2014-01-16 08:07:14','2014-01-16 08:07:51',35,60,0.00300,'completed','NORMAL_CLEARING',58,46,39,24,'hangup','NORMAL_CLEARING','http://s3.amazonaws.com/recordings_2013/3083a254-7e42-11e3-9e7b-0026b92f9684.mp3'),(1410,'2014-01-16 02:18:42','2f9d491e-7e54-11e3-998d-85fb87834c3d',85221436163,85235009105,85225252833,'2014-01-16 10:16:19','2014-01-16 10:17:32',67,120,0.00300,'completed','NORMAL_CLEARING',54,43,36,17,'hangup','NORMAL_CLEARING','http://s3.amazonaws.com/recordings_2013/30616ce0-7e54-11e3-9e7b-0026b92f9684.mp3'),(1411,'2014-01-16 02:41:29','5e65ccbe-7e57-11e3-9da5-d58ae09a941d',85221436163,85235009105,85225252833,'2014-01-16 10:39:06','2014-01-16 10:43:26',253,300,0.00300,'completed','NORMAL_CLEARING',54,43,36,17,'hangup','NORMAL_CLEARING','http://s3.amazonaws.com/recordings_2013/5f2cf596-7e57-11e3-8eb1-0026b945b52b.mp3'),(1412,'2014-01-16 03:31:42','61f2c812-7e5e-11e3-90d2-d58ae09a941d',85222809610,85235009105,85225252833,'2014-01-16 11:29:18','2014-01-16 11:29:30',0,0,0.00300,'cancel','ORIGINATOR_CANCEL',54,43,36,17,'hangup','ORIGINATOR_CANCEL','http://s3.amazonaws.com/recordings_2013/62b3b28e-7e5e-11e3-8eb1-0026b945b52b.mp3'),(1413,'2014-01-16 03:59:41','4b016a60-7e62-11e3-8e7a-85fb87834c3d',85231993602,85235009105,85225252833,'2014-01-16 11:57:18','2014-01-16 12:00:39',190,240,0.00300,'completed','NORMAL_CLEARING',54,43,36,17,'hangup','NORMAL_CLEARING','http://s3.amazonaws.com/recordings_2013/4bc85788-7e62-11e3-9e7b-0026b92f9684.mp3'),(1414,'2014-01-16 04:51:24','84af8934-7e69-11e3-8178-85fb87834c3d',85225414311,85235009105,85225252833,'2014-01-16 12:49:01','2014-01-16 12:50:01',52,60,0.00300,'completed','NORMAL_CLEARING',54,43,36,17,'hangup','NORMAL_CLEARING','http://s3.amazonaws.com/recordings_2013/857e566a-7e69-11e3-9e7b-0026b92f9684.mp3'),(1415,'2014-01-16 05:32:42','491f5a4c-7e6f-11e3-8d36-d58ae09a941d',0,85235009105,85225252833,'2014-01-16 13:30:18','2014-01-16 13:39:29',536,540,0.00300,'completed','NORMAL_CLEARING',54,43,36,17,'hangup','NORMAL_CLEARING','http://s3.amazonaws.com/recordings_2013/49e1bfe2-7e6f-11e3-8eb1-0026b945b52b.mp3'),(1416,'2014-01-16 06:54:02','a5d16590-7e7a-11e3-8519-85fb87834c3d',85221388499,85235009105,85225252833,'2014-01-16 14:51:38','2014-01-16 14:52:24',39,60,0.00300,'completed','NORMAL_CLEARING',54,43,36,17,'hangup','NORMAL_CLEARING','http://s3.amazonaws.com/recordings_2013/a699104a-7e7a-11e3-9e7b-0026b92f9684.mp3'),(1417,'2014-01-16 09:22:29','633978d4-7e8f-11e3-9697-d58ae09a941d',85297681004,85235009082,85269728590,'2014-01-16 17:20:06','2014-01-16 17:28:48',521,540,0.00300,'completed','NORMAL_CLEARING',12,10,14,9,'hangup','NORMAL_CLEARING','http://s3.amazonaws.com/recordings_2013/6b70d72c-7e8f-11e3-8eb1-0026b945b52b.mp3');
/*!40000 ALTER TABLE `CallLog` ENABLE KEYS */;
UNLOCK TABLES;

--
-- Table structure for table `Campaign`
--

DROP TABLE IF EXISTS `Campaign`;
/*!40101 SET @saved_cs_client     = @@character_set_client */;
/*!40101 SET character_set_client = utf8 */;
CREATE TABLE `Campaign` (
  `id` int(9) unsigned NOT NULL AUTO_INCREMENT,
  `client_id` int(9) NOT NULL,
  `name` varchar(50) NOT NULL,
  `status` smallint(2) unsigned NOT NULL DEFAULT '1',
  `date_create` date NOT NULL,
  PRIMARY KEY (`id`)
) ENGINE=InnoDB AUTO_INCREMENT=40 DEFAULT CHARSET=utf8;
/*!40101 SET character_set_client = @saved_cs_client */;

--
-- Dumping data for table `Campaign`
--

LOCK TABLES `Campaign` WRITE;
/*!40000 ALTER TABLE `Campaign` DISABLE KEYS */;
INSERT INTO `Campaign` VALUES (1,7,'Edited Again',0,'2013-09-30'),(2,7,'Test',1,'2013-09-30'),(3,7,'Test',1,'2013-09-30'),(4,7,'Blah',1,'2013-10-06'),(5,7,'Blah',1,'2013-10-06'),(6,7,'Test Generic Campaign',1,'2013-10-06'),(7,1,'Test Campaign',1,'2013-10-07'),(8,2,'Adidas',1,'2013-10-07'),(9,4,'Test Lego Campaign',1,'2013-10-10'),(10,10,'Company Stationary',0,'2013-10-13'),(11,10,'Test Campaign',1,'2013-10-14'),(12,4,'test 2',1,'2013-10-14'),(13,10,'test campaign',0,'2013-10-14'),(14,9,'Company Stationary',1,'2013-10-15'),(15,9,'Website',1,'2013-10-15'),(16,9,'Demos',0,'2013-10-15'),(17,9,'Online Ads',1,'2013-10-15'),(18,9,'Posters',1,'2013-10-15'),(19,9,'Flyers',1,'2013-10-15'),(20,11,'Flyers',1,'2013-10-15'),(21,11,'Newspapers & Magazines',1,'2013-10-15'),(22,11,'Events',1,'2013-10-15'),(23,11,'MTR',1,'2013-10-15'),(24,11,'Outdoor',1,'2013-10-16'),(25,9,'Email Marketing',1,'2013-10-16'),(26,9,'Testing',1,'2013-10-21'),(27,13,'Paid Online Advertising',1,'2013-10-31'),(28,14,'Paid Online Advertising',0,'2013-11-04'),(29,15,'Test Campaign',0,'2013-11-05'),(30,16,'Test Campaign',0,'2013-11-05'),(31,16,'Test Campaign',1,'2013-11-05'),(32,14,'Online Marketing',1,'2013-11-08'),(33,9,'PR',1,'2013-11-15'),(34,19,'PPC',1,'2013-11-26'),(35,20,'Print Advertising',1,'2013-11-26'),(36,17,'Online',1,'2013-12-02'),(37,17,'Offline',1,'2013-12-02'),(38,23,'Office Lines',1,'2013-12-16'),(39,24,'Example Campaign',1,'2014-01-16');
/*!40000 ALTER TABLE `Campaign` ENABLE KEYS */;
UNLOCK TABLES;

--
-- Table structure for table `Client`
--

DROP TABLE IF EXISTS `Client`;
/*!40101 SET @saved_cs_client     = @@character_set_client */;
/*!40101 SET character_set_client = utf8 */;
CREATE TABLE `Client` (
  `id` int(9) unsigned NOT NULL AUTO_INCREMENT,
  `user_id` int(9) unsigned NOT NULL,
  `name` varchar(50) NOT NULL,
  `timezone` decimal(5,1) NOT NULL DEFAULT '8.0',
  `status` smallint(2) unsigned NOT NULL DEFAULT '1',
  `date_create` date NOT NULL,
  `call_count` int(9) unsigned NOT NULL DEFAULT '0',
  `duration` int(9) unsigned NOT NULL DEFAULT '0',
  PRIMARY KEY (`id`)
) ENGINE=InnoDB AUTO_INCREMENT=25 DEFAULT CHARSET=utf8;
/*!40101 SET character_set_client = @saved_cs_client */;

--
-- Dumping data for table `Client`
--

LOCK TABLES `Client` WRITE;
/*!40000 ALTER TABLE `Client` DISABLE KEYS */;
INSERT INTO `Client` VALUES (1,7,'McDonalds',8.0,1,'2013-09-27',0,0),(2,7,'Le Meridien',0.0,1,'2013-09-27',0,0),(3,7,'Panasonic',8.0,1,'2013-09-27',0,0),(4,7,'MaBelle',8.0,1,'2013-09-30',0,0),(5,12,'New Single Client',8.0,1,'2013-09-30',0,0),(6,13,'Test',8.0,1,'2013-09-30',0,0),(7,8,'Kendrick Test Edit',8.0,1,'2013-09-30',0,0),(8,8,'Test 2',8.0,1,'2013-09-30',0,0),(9,14,'CallTracking',8.0,1,'2013-10-13',158,7507),(10,16,'Scott',8.0,1,'2013-10-13',0,0),(11,14,'CallTracking Singapore',8.0,1,'2013-10-15',3,16),(12,14,'Mark',8.0,0,'2013-10-15',0,0),(13,18,'Compass Offices',8.0,1,'2013-10-31',25,626),(14,19,'Demo',8.0,1,'2013-11-04',842,39319),(15,14,'Test Account',8.0,0,'2013-11-04',1,0),(16,14,'Test Client 2',8.0,0,'2013-11-05',0,0),(17,20,'Epic MMA',8.0,1,'2013-11-07',185,20215),(18,21,'Kite Systems',8.0,1,'2013-11-13',0,0),(19,22,'MSC Consulting',8.0,1,'2013-11-26',3,4),(20,23,'Insurance: Hong Kong',8.0,1,'2013-11-26',5,77),(21,23,'Savings: Hong Kong',8.0,1,'2013-11-26',0,0),(22,23,'Employee Benefits',8.0,1,'2013-11-26',0,0),(23,14,'TalkPush',8.0,1,'2013-12-16',2,53),(24,24,'Wharf T&T eBusiness Limited',8.0,1,'2014-01-16',2,60);
/*!40000 ALTER TABLE `Client` ENABLE KEYS */;
UNLOCK TABLES;

--
-- Table structure for table `Counter`
--

DROP TABLE IF EXISTS `Counter`;
/*!40101 SET @saved_cs_client     = @@character_set_client */;
/*!40101 SET character_set_client = utf8 */;
CREATE TABLE `Counter` (
  `date_in` datetime NOT NULL,
  `client_id` int(9) unsigned NOT NULL,
  `campaign_id` int(9) unsigned NOT NULL,
  `adgroup_id` int(9) unsigned NOT NULL,
  `advert_id` int(9) unsigned NOT NULL,
  `number_id` bigint(15) unsigned NOT NULL,
  `caller_id` varchar(20) NOT NULL,
  `count_total` bigint(12) unsigned NOT NULL DEFAULT '0',
  `count_plead` bigint(12) unsigned NOT NULL DEFAULT '0',
  `count_failed` bigint(12) unsigned NOT NULL DEFAULT '0',
  `duration_secs` bigint(15) unsigned NOT NULL,
  PRIMARY KEY (`date_in`,`client_id`,`campaign_id`,`adgroup_id`,`advert_id`,`number_id`,`caller_id`)
) ENGINE=InnoDB DEFAULT CHARSET=utf8
/*!50100 PARTITION BY RANGE (TO_DAYS(date_in))
(PARTITION p201310 VALUES LESS THAN (735538) ENGINE = InnoDB,
 PARTITION p201311 VALUES LESS THAN (735568) ENGINE = InnoDB,
 PARTITION p201312 VALUES LESS THAN (735599) ENGINE = InnoDB,
 PARTITION p201401 VALUES LESS THAN (735630) ENGINE = InnoDB,
 PARTITION p201402 VALUES LESS THAN (735658) ENGINE = InnoDB,
 PARTITION p201403 VALUES LESS THAN (735689) ENGINE = InnoDB,
 PARTITION p201404 VALUES LESS THAN (735719) ENGINE = InnoDB,
 PARTITION p201405 VALUES LESS THAN (735750) ENGINE = InnoDB,
 PARTITION p201406 VALUES LESS THAN (735780) ENGINE = InnoDB,
 PARTITION p201407 VALUES LESS THAN (735811) ENGINE = InnoDB,
 PARTITION p201408 VALUES LESS THAN (735842) ENGINE = InnoDB,
 PARTITION p201409 VALUES LESS THAN (735872) ENGINE = InnoDB,
 PARTITION p201410 VALUES LESS THAN (735903) ENGINE = InnoDB,
 PARTITION p201411 VALUES LESS THAN (735933) ENGINE = InnoDB,
 PARTITION p201412 VALUES LESS THAN (735964) ENGINE = InnoDB,
 PARTITION p201501 VALUES LESS THAN (735995) ENGINE = InnoDB,
 PARTITION p201502 VALUES LESS THAN (736023) ENGINE = InnoDB,
 PARTITION p201503 VALUES LESS THAN (736054) ENGINE = InnoDB,
 PARTITION p201504 VALUES LESS THAN (736084) ENGINE = InnoDB,
 PARTITION p201505 VALUES LESS THAN (736115) ENGINE = InnoDB,
 PARTITION p201506 VALUES LESS THAN (736145) ENGINE = InnoDB,
 PARTITION p201507 VALUES LESS THAN (736176) ENGINE = InnoDB,
 PARTITION p201508 VALUES LESS THAN (736207) ENGINE = InnoDB,
 PARTITION p201509 VALUES LESS THAN (736237) ENGINE = InnoDB,
 PARTITION p201510 VALUES LESS THAN (736268) ENGINE = InnoDB,
 PARTITION p201511 VALUES LESS THAN (736298) ENGINE = InnoDB,
 PARTITION p201512 VALUES LESS THAN (736329) ENGINE = InnoDB,
 PARTITION p201601 VALUES LESS THAN (736360) ENGINE = InnoDB,
 PARTITION p201602 VALUES LESS THAN (736389) ENGINE = InnoDB,
 PARTITION p201603 VALUES LESS THAN (736420) ENGINE = InnoDB,
 PARTITION p201604 VALUES LESS THAN (736450) ENGINE = InnoDB,
 PARTITION p201605 VALUES LESS THAN (736481) ENGINE = InnoDB,
 PARTITION p201606 VALUES LESS THAN (736511) ENGINE = InnoDB,
 PARTITION p201607 VALUES LESS THAN (736542) ENGINE = InnoDB,
 PARTITION p201608 VALUES LESS THAN (736573) ENGINE = InnoDB,
 PARTITION p201609 VALUES LESS THAN (736603) ENGINE = InnoDB,
 PARTITION p201610 VALUES LESS THAN (736634) ENGINE = InnoDB,
 PARTITION p201611 VALUES LESS THAN (736664) ENGINE = InnoDB,
 PARTITION p201612 VALUES LESS THAN (736695) ENGINE = InnoDB,
 PARTITION p201701 VALUES LESS THAN (736726) ENGINE = InnoDB,
 PARTITION p201702 VALUES LESS THAN (736754) ENGINE = InnoDB,
 PARTITION p201703 VALUES LESS THAN (736785) ENGINE = InnoDB,
 PARTITION p201704 VALUES LESS THAN (736815) ENGINE = InnoDB,
 PARTITION p201705 VALUES LESS THAN (736846) ENGINE = InnoDB,
 PARTITION p201706 VALUES LESS THAN (736876) ENGINE = InnoDB,
 PARTITION p201707 VALUES LESS THAN (736907) ENGINE = InnoDB,
 PARTITION p201708 VALUES LESS THAN (736938) ENGINE = InnoDB,
 PARTITION p201709 VALUES LESS THAN (736968) ENGINE = InnoDB,
 PARTITION p201710 VALUES LESS THAN (736999) ENGINE = InnoDB,
 PARTITION p201711 VALUES LESS THAN (737029) ENGINE = InnoDB,
 PARTITION p201712 VALUES LESS THAN (737060) ENGINE = InnoDB,
 PARTITION p201801 VALUES LESS THAN (737091) ENGINE = InnoDB,
 PARTITION p201802 VALUES LESS THAN (737119) ENGINE = InnoDB,
 PARTITION p201803 VALUES LESS THAN (737150) ENGINE = InnoDB,
 PARTITION p201804 VALUES LESS THAN (737180) ENGINE = InnoDB,
 PARTITION p201805 VALUES LESS THAN (737211) ENGINE = InnoDB,
 PARTITION p201806 VALUES LESS THAN (737241) ENGINE = InnoDB,
 PARTITION p201807 VALUES LESS THAN (737272) ENGINE = InnoDB,
 PARTITION p201808 VALUES LESS THAN (737303) ENGINE = InnoDB,
 PARTITION p201809 VALUES LESS THAN (737333) ENGINE = InnoDB,
 PARTITION p201810 VALUES LESS THAN (737364) ENGINE = InnoDB,
 PARTITION p201811 VALUES LESS THAN (737394) ENGINE = InnoDB,
 PARTITION p201812 VALUES LESS THAN (737425) ENGINE = InnoDB,
 PARTITION pMAX VALUES LESS THAN MAXVALUE ENGINE = InnoDB) */;
/*!40101 SET character_set_client = @saved_cs_client */;

--
-- Dumping data for table `Counter`
--

LOCK TABLES `Counter` WRITE;
/*!40000 ALTER TABLE `Counter` DISABLE KEYS */;
INSERT INTO `Counter` VALUES ('2013-10-08 09:00:00',4,9,6,2,85235009085,'0000000000',3,0,3,0),('2013-10-10 08:00:00',4,9,6,2,85235009085,'0000000000',1,1,0,150),('2013-10-11 17:00:00',4,9,6,2,85235009085,'0000000000',1,0,0,27),('2013-10-11 17:00:00',4,9,6,2,85235009085,'0000000001',2,0,0,54),('2013-10-12 07:00:00',4,9,6,2,85235009085,'0000000000',5,0,1,24),('2013-10-12 07:00:00',4,9,6,2,85235009085,'66821490',1,0,0,3),('2013-10-13 14:00:00',4,9,6,2,85235009085,'0000000000',3,0,2,5),('2013-10-14 19:00:00',4,9,6,2,85235009085,'0000000000',1,0,1,0),('2013-10-15 10:00:00',9,14,9,8,85235009080,'0000000000',1,0,0,13),('2013-10-15 14:00:00',9,15,13,14,85235009088,'35431685',1,0,0,9),('2013-10-15 14:00:00',9,15,13,14,85235009088,'66821490',1,0,0,61),('2013-10-15 17:00:00',11,21,17,15,85235009093,'66821490',1,0,0,1),('2013-10-15 22:00:00',11,23,19,16,85235009093,'61975969',2,0,1,6),('2013-10-15 22:00:00',11,23,19,16,85235009093,'97732328',1,1,0,125),('2013-10-16 12:00:00',9,14,9,8,85235009080,'21587520',1,0,0,3),('2013-10-16 12:00:00',9,14,9,8,85235009080,'35431685',1,0,0,8),('2013-10-16 12:00:00',9,17,15,18,85258082868,'85235431685',1,0,0,11),('2013-10-16 13:00:00',9,14,9,8,85235009080,'35431685',1,0,0,5),('2013-10-16 13:00:00',9,17,15,18,85258082868,'85235431685',2,0,0,22),('2013-10-16 13:00:00',11,20,20,19,85235009095,'91473549',3,0,0,15),('2013-10-16 13:00:00',11,24,22,20,85235009095,'91473549',1,0,0,3),('2013-10-16 14:00:00',9,14,9,8,85235009080,'21587520',8,0,8,0),('2013-10-16 14:00:00',9,25,24,21,85235009084,'35431685',2,0,0,29),('2013-10-16 14:00:00',11,21,17,15,85235009095,'97732328',1,0,0,55),('2013-10-16 14:00:00',11,23,18,17,85235009093,'91473549',1,0,0,10),('2013-10-16 15:00:00',9,14,9,8,85235009080,'21587520',5,0,4,2),('2013-10-16 15:00:00',9,14,9,8,85235009080,'85221587520',2,0,2,0),('2013-10-16 15:00:00',9,14,9,8,85235009080,'85263017649',1,0,1,0),('2013-10-16 15:00:00',11,23,18,17,85235009093,'91473549',1,0,0,7),('2013-10-16 15:00:00',11,23,19,16,85235009095,'91473549',1,0,0,6),('2013-10-16 15:00:00',11,24,21,22,85235009093,'91473549',1,0,0,5),('2013-10-16 17:00:00',11,23,25,23,85235009095,'85291473549',1,0,1,0),('2013-10-16 21:00:00',9,25,24,21,85235009084,'85266821490',2,0,0,28),('2013-10-17 09:00:00',9,25,24,21,85235009084,'0000000000',3,0,0,55),('2013-10-17 09:00:00',9,25,24,21,85235009084,'85266821490',1,0,0,13),('2013-10-17 11:00:00',4,9,6,2,85235009085,'0000000000',2,0,1,17),('2013-10-17 18:00:00',9,14,9,9,85235009081,'0000000000',11,2,0,796),('2013-10-17 19:00:00',9,14,9,9,85235009081,'0000000000',3,0,0,247),('2013-10-18 07:00:00',9,14,9,8,85235009080,'85235431685',1,0,0,25),('2013-10-18 13:00:00',9,14,9,9,85235009081,'85223197052',1,0,0,15),('2013-10-18 13:00:00',9,14,10,12,85235009082,'85223197285',1,1,0,129),('2013-10-18 14:00:00',9,14,9,9,85235009081,'85223197285',2,0,1,73),('2013-10-19 00:00:00',9,14,9,9,85235009081,'0000000000',5,0,1,33),('2013-10-19 16:00:00',9,14,10,12,85235009082,'85290921026',2,0,1,38),('2013-10-19 18:00:00',9,14,9,9,85235009081,'0000000000',1,1,0,150),('2013-10-19 18:00:00',9,14,10,12,85235009082,'0000000000',2,1,0,244),('2013-10-19 18:00:00',9,14,10,12,85235009082,'85212223334444',1,1,0,401),('2013-10-19 21:00:00',9,14,10,12,85235009082,'0000000000',4,1,1,254),('2013-10-19 22:00:00',9,14,10,12,85235009082,'0000000000',2,0,1,99),('2013-10-20 13:00:00',9,14,9,9,85235009081,'0000000000',4,1,0,276),('2013-10-20 14:00:00',9,14,9,9,85235009081,'0000000000',6,0,2,254),('2013-10-20 15:00:00',9,14,9,9,85235009081,'0000000000',2,0,0,90),('2013-10-20 15:00:00',9,14,10,12,85235009082,'0000000000',3,2,0,319),('2013-10-20 16:00:00',9,14,10,12,85235009082,'0000000000',2,0,0,139),('2013-10-20 16:00:00',9,14,10,12,85235009082,'85285235009081',1,1,0,187),('2013-10-20 17:00:00',9,14,10,12,85235009082,'0000000000',2,1,0,163),('2013-10-20 17:00:00',9,14,10,12,85235009082,'85285235009081',1,0,0,119),('2013-10-20 18:00:00',9,14,10,12,85235009082,'0000000000',1,1,0,322),('2013-10-20 19:00:00',9,14,10,12,85235009082,'0000000000',1,1,0,190),('2013-10-20 19:00:00',9,14,10,12,85235009082,'85285235009081',2,2,0,284),('2013-10-20 22:00:00',9,14,10,12,85235009082,'0000000000',1,0,0,7),('2013-10-20 22:00:00',9,14,10,12,85235009082,'85285235009000',1,1,0,1075),('2013-10-21 11:00:00',9,14,10,12,85235009082,'0000000000',1,0,0,5),('2013-10-21 11:00:00',9,14,10,12,85235009082,'85291473549',1,0,0,7),('2013-10-21 13:00:00',9,14,10,12,85235009082,'85223197285',1,0,0,48),('2013-10-21 15:00:00',11,23,18,17,85235009095,'85291473549',1,0,1,0),('2013-10-22 05:00:00',9,14,10,12,85235009082,'0000000000',4,0,0,157),('2013-10-22 05:00:00',9,14,10,12,85235009082,'85266821490',1,0,0,9),('2013-10-22 06:00:00',9,14,10,12,85235009082,'0000000000',3,0,0,142),('2013-10-22 06:00:00',9,14,10,12,85235009082,'85235431685',8,1,1,259),('2013-10-22 06:00:00',9,14,10,12,85235009082,'85266821490',1,0,0,3),('2013-10-22 07:00:00',9,26,27,29,85258082868,'anonymous',1,0,0,28),('2013-10-22 08:00:00',9,14,10,12,85235009082,'85235431685',4,0,0,61),('2013-10-22 10:00:00',11,24,21,22,85235009093,'85291473549',1,0,1,0),('2013-10-22 14:00:00',11,23,18,17,85235009095,'85228302854',1,0,0,4),('2013-10-23 06:00:00',4,9,6,2,85235009085,'0000000000',1,0,0,2),('2013-10-23 06:00:00',9,14,10,12,85235009082,'85266821490',4,0,2,28),('2013-10-23 11:00:00',9,14,10,12,85235009082,'85266821490',2,0,1,3),('2013-10-23 14:00:00',9,14,10,12,85235009082,'85290288890',1,0,1,0),('2013-10-23 14:00:00',9,14,10,13,85235009083,'85266821490',1,0,1,0),('2013-10-23 16:00:00',9,14,10,12,85235009082,'0000000000',2,0,0,135),('2013-10-23 17:00:00',9,14,10,12,85235009082,'0000000000',1,0,0,55),('2013-10-23 18:00:00',9,14,10,12,85235009082,'0000000000',1,0,0,55),('2013-10-24 07:00:00',9,14,9,8,85235009080,'85235431685',1,0,0,8),('2013-10-24 07:00:00',9,14,9,8,85235009080,'85266821490',2,0,0,73),('2013-10-24 15:00:00',9,14,9,9,85235009081,'0000000000',1,0,0,53),('2013-10-24 17:00:00',9,14,9,9,85235009081,'0000000000',2,0,0,48),('2013-10-24 18:00:00',9,14,9,9,85235009081,'0000000000',1,0,0,22),('2013-10-24 21:00:00',9,14,10,12,85235009082,'85261975969',4,0,1,28),('2013-10-25 07:00:00',9,14,10,12,85235009082,'85235431685',1,0,1,0),('2013-10-25 11:00:00',11,23,18,17,85235009095,'0000000000',1,0,1,0),('2013-10-25 11:00:00',11,23,18,17,85235009095,'85291473549',2,0,1,10),('2013-10-25 16:00:00',9,14,9,9,85235009081,'0000000000',1,0,0,50),('2013-10-27 15:00:00',9,14,9,8,85235009080,'0000000000',1,0,0,0),('2013-10-27 15:00:00',9,14,10,12,85235009082,'0000000000',1,0,1,0),('2013-10-28 11:00:00',11,24,21,22,85235009093,'0000000000',2,0,0,7),('2013-10-28 12:00:00',9,14,10,12,85235009082,'0000000000',2,0,0,22),('2013-10-28 12:00:00',9,14,10,12,85235009082,'85291473549',2,0,0,22),('2013-10-28 12:00:00',9,14,10,13,85235009083,'85291473549',2,0,0,112),('2013-10-28 12:00:00',11,24,21,22,85235009093,'85291473549',1,0,0,9),('2013-10-29 13:00:00',9,14,10,13,85235009083,'0000000000',1,1,0,179),('2013-10-29 16:00:00',9,14,10,12,85235009082,'85235431685',2,0,0,14),('2013-10-29 16:00:00',9,14,10,13,85235009083,'85291473549',1,0,0,6),('2013-10-29 17:00:00',9,14,10,12,85235009082,'85235431685',1,0,0,9),('2013-10-29 18:00:00',9,14,10,12,85235009082,'0000000000',2,0,0,110),('2013-10-29 19:00:00',9,14,10,12,85235009082,'0000000000',1,0,0,49),('2013-10-29 19:00:00',9,14,10,12,85235009082,'85261975969',1,0,0,7),('2013-10-29 19:00:00',9,14,10,12,85235009082,'85266821490',2,0,0,24),('2013-10-30 14:00:00',9,14,9,9,85235009081,'85266821490',2,0,0,31),('2013-10-30 14:00:00',9,14,10,12,85235009082,'0000000000',3,0,0,18),('2013-10-30 15:00:00',9,14,9,9,85235009081,'85266821490',2,0,0,31),('2013-10-30 19:00:00',9,14,9,9,85235009081,'85266821490',1,0,0,46),('2013-10-31 07:00:00',9,14,10,12,85235009082,'85235431685',1,0,0,20),('2013-10-31 07:00:00',9,25,29,31,85235009084,'85235431685',1,1,0,298),('2013-10-31 14:00:00',9,14,9,8,85235009080,'85221587520',2,0,1,4),('2013-10-31 14:00:00',9,26,27,32,85235009100,'85221587520',1,0,0,3),('2013-10-31 14:00:00',9,26,27,32,85235009100,'85235431685',1,0,0,4),('2013-11-01 07:00:00',9,14,10,12,85235009082,'85235431685',1,0,0,9),('2013-11-01 07:00:00',13,27,30,33,85235009100,'85235431685',1,0,1,0),('2013-11-01 07:00:00',13,27,30,34,85235009101,'85235431685',1,0,1,0),('2013-11-01 09:00:00',9,14,10,12,85235009082,'85235431685',1,0,0,9),('2013-11-01 10:00:00',13,27,30,34,85235009101,'85291473549',1,0,0,28),('2013-11-01 12:00:00',13,27,30,34,85235009101,'85291473549',1,0,0,28),('2013-11-01 14:00:00',13,27,30,34,85235009101,'85290889064',1,0,0,16),('2013-11-04 08:00:00',9,14,10,12,85235009082,'85266821490',1,0,0,3),('2013-11-04 10:00:00',13,27,30,34,85235009101,'85269754393',1,0,0,7),('2013-11-04 11:00:00',9,14,9,9,85235009081,'85266821490',1,1,0,3499),('2013-11-04 14:00:00',9,14,9,36,85235009085,'85266821490',2,0,2,0),('2013-11-05 07:00:00',9,14,10,12,85235009082,'85235431685',1,0,0,9),('2013-11-05 08:00:00',15,29,33,41,85235009110,'85235431685',1,0,1,0),('2013-11-05 14:00:00',13,27,30,34,85235009101,'85231010878',1,0,0,66),('2013-11-05 19:00:00',9,14,10,12,85235009082,'85261975969',1,0,0,5),('2013-11-06 09:00:00',13,27,30,34,85235009101,'85223682064',1,0,0,35),('2013-11-06 09:00:00',13,27,30,34,85235009101,'85262218341',1,0,1,0),('2013-11-06 11:00:00',13,27,30,34,85235009101,'85261597943',1,0,0,27),('2013-11-06 16:00:00',13,27,30,34,85235009101,'85297252583',1,0,0,54),('2013-11-07 16:00:00',9,14,10,12,85235009082,'85235431685',1,0,0,4),('2013-11-07 19:00:00',9,14,10,12,85235009082,'85266821490',1,0,0,4),('2013-11-08 07:00:00',9,14,10,12,85235009082,'85235431685',1,0,0,5),('2013-11-08 11:00:00',13,27,30,34,85235009101,'85237249674',1,0,0,14),('2013-11-08 11:00:00',13,27,30,34,85235009101,'85255957688',1,0,0,11),('2013-11-09 14:00:00',9,14,10,12,85235009082,'85266821490',1,0,0,4),('2013-11-11 14:00:00',13,27,30,34,85235009101,'85292026413',1,0,0,34),('2013-11-11 16:00:00',13,27,30,34,85235009101,'85261564565',1,0,0,10),('2013-11-11 20:00:00',9,14,9,8,85235009080,'85266821490',1,0,0,7),('2013-11-12 13:00:00',9,14,9,8,85235009080,'0000000000',1,0,0,4),('2013-11-12 13:00:00',9,14,10,12,85235009082,'0000000000',2,0,2,0),('2013-11-12 14:00:00',9,14,10,12,85235009082,'0000000000',7,0,1,52),('2013-11-13 04:00:00',9,14,10,12,85235009082,'0000000000',2,0,2,0),('2013-11-13 05:00:00',9,14,10,12,85235009082,'0000000000',1,0,1,0),('2013-11-13 06:00:00',9,14,10,12,85235009082,'0000000000',3,0,2,14),('2013-11-13 06:00:00',9,14,10,12,85235009082,'85235431685',3,0,1,14),('2013-11-13 07:00:00',9,14,9,8,85235009080,'85266821490',5,0,2,10),('2013-11-13 07:00:00',9,14,10,12,85235009082,'85266821490',1,0,0,5),('2013-11-13 08:00:00',9,14,9,8,85235009080,'85266821490',6,0,2,53),('2013-11-13 13:00:00',13,27,30,34,85235009101,'85239770563',1,0,0,57),('2013-11-13 15:00:00',9,14,9,9,85235009081,'85266821490',2,0,1,10),('2013-11-17 15:00:00',9,14,10,12,85235009082,'0000000000',1,0,0,14),('2013-11-18 09:00:00',9,14,9,8,85235009080,'85298615359',1,1,0,171),('2013-11-19 09:00:00',9,14,10,13,85235009083,'85228695599',1,0,0,59),('2013-11-19 11:00:00',13,27,30,34,85235009101,'85253010815',1,0,1,0),('2013-11-20 10:00:00',14,32,37,49,6531586275,'6531578905',1,0,1,0),('2013-11-20 10:00:00',14,32,37,49,6531586275,'6562525457',1,0,0,18),('2013-11-20 10:00:00',14,32,37,49,6531586275,'6565572770',1,0,0,52),('2013-11-20 10:00:00',14,32,37,49,6531586275,'6596361229',1,0,0,37),('2013-11-20 10:00:00',14,32,37,49,6531586275,'6597924163',2,0,0,30),('2013-11-20 11:00:00',14,32,37,49,6531586275,'6564996172',1,0,0,16),('2013-11-20 12:00:00',14,32,37,49,6531586275,'6592739844',1,0,0,20),('2013-11-20 13:00:00',14,32,37,49,6531586275,'6564587114',2,0,0,40),('2013-11-20 13:00:00',14,32,37,49,6531586275,'6592306934',3,0,0,39),('2013-11-20 14:00:00',14,32,37,49,6531586275,'6592377261',1,0,0,48),('2013-11-20 14:00:00',14,32,37,49,6531586275,'6597376518',2,0,0,63),('2013-11-20 14:00:00',14,32,37,49,6531586275,'anonymous',3,0,0,32),('2013-11-20 15:00:00',14,32,37,49,6531586275,'6593688260',1,0,0,12),('2013-11-20 15:00:00',14,32,37,49,6531586275,'6597720057',1,0,0,10),('2013-11-20 15:00:00',14,32,37,49,6531586275,'anonymous',1,0,0,76),('2013-11-20 17:00:00',14,32,37,49,6531586275,'6564175021',2,0,1,21),('2013-11-20 17:00:00',14,32,37,49,6531586275,'6565118863',1,0,1,0),('2013-11-20 17:00:00',14,32,37,49,6531586275,'6591382354',1,0,0,17),('2013-11-20 18:00:00',14,32,37,49,6531586275,'6567932478',3,0,0,114),('2013-11-20 18:00:00',14,32,37,49,6531586275,'anonymous',1,0,0,23),('2013-11-20 19:00:00',14,32,37,49,6531586275,'6564984252',1,0,0,38),('2013-11-20 19:00:00',14,32,37,49,6531586275,'6567932478',2,0,0,44),('2013-11-20 20:00:00',14,32,37,49,6531586275,'6581832872',2,0,0,55),('2013-11-20 21:00:00',14,32,37,49,6531586275,'6563455759',2,0,0,30),('2013-11-20 22:00:00',14,32,37,49,6531586275,'6591196257',1,0,0,12),('2013-11-20 22:00:00',14,32,37,49,6531586275,'6597720057',1,0,0,3),('2013-11-20 23:00:00',14,32,37,49,6531586275,'6591196257',1,0,0,22),('2013-11-20 23:00:00',14,32,37,49,6531586275,'anonymous',1,0,0,10),('2013-11-21 00:00:00',14,32,37,49,6531586275,'6596160122',1,0,0,17),('2013-11-21 07:00:00',9,14,10,12,85235009082,'85266821490',1,0,0,2),('2013-11-21 08:00:00',14,32,37,45,6531582180,'85266821490',1,0,1,0),('2013-11-21 08:00:00',14,32,37,49,6531586275,'85266821490',1,0,1,0),('2013-11-21 10:00:00',14,32,37,49,6531586275,'6531578905',1,0,1,0),('2013-11-21 10:00:00',14,32,37,49,6531586275,'6562525200',1,0,0,23),('2013-11-21 11:00:00',9,14,10,12,85235009082,'0000000000',5,0,3,13),('2013-11-21 11:00:00',14,32,37,49,6531586275,'6565111056',1,0,0,8),('2013-11-21 11:00:00',14,32,37,49,6531586275,'6565693270',1,0,0,28),('2013-11-21 11:00:00',14,32,37,49,6531586275,'6596509316',1,0,0,21),('2013-11-21 11:00:00',14,32,37,49,6531586275,'6596739038',1,0,0,21),('2013-11-21 12:00:00',14,32,37,49,6531586275,'6562877363',1,0,0,9),('2013-11-21 12:00:00',14,32,37,49,6531586275,'6582005900',1,0,0,10),('2013-11-21 12:00:00',14,32,37,49,6531586275,'6591121148',2,0,0,31),('2013-11-21 12:00:00',14,32,37,49,6531586275,'6596213062',1,0,0,15),('2013-11-21 12:00:00',14,32,37,49,6531586275,'6596659920',2,0,0,34),('2013-11-21 12:00:00',14,32,37,49,6531586275,'6598443183',1,0,0,12),('2013-11-21 12:00:00',14,32,37,49,6531586275,'6598582040',1,0,0,9),('2013-11-21 13:00:00',14,32,37,49,6531586275,'6562588666',1,0,0,31),('2013-11-21 13:00:00',14,32,37,49,6531586275,'6564530695',1,0,0,14),('2013-11-21 13:00:00',14,32,37,49,6531586275,'6596213062',1,0,1,0),('2013-11-21 13:00:00',14,32,37,49,6531586275,'6597655455',1,0,0,14),('2013-11-21 13:00:00',14,32,37,49,6531586275,'6598582040',2,0,0,33),('2013-11-21 14:00:00',14,32,37,45,6531582180,'6535431685',1,0,0,11),('2013-11-21 14:00:00',14,32,37,45,6531582180,'85266821490',3,0,0,83),('2013-11-21 14:00:00',14,32,37,49,6531586275,'85266821490',1,0,0,22),('2013-11-21 14:00:00',14,32,37,49,6531586275,'anonymous',1,0,0,11),('2013-11-21 15:00:00',9,15,13,14,85235009088,'85291473549',1,0,0,34),('2013-11-21 15:00:00',9,17,15,25,85235009098,'85291473549',1,0,0,21),('2013-11-21 15:00:00',13,27,30,34,85235009101,'85296654463',1,0,1,0),('2013-11-21 15:00:00',14,32,37,45,6531582180,'85291473549',3,0,1,43),('2013-11-21 15:00:00',14,32,37,49,6531586275,'62317347177',1,1,0,174),('2013-11-21 15:00:00',14,32,37,49,6531586275,'6531571282',1,0,1,0),('2013-11-21 15:00:00',14,32,37,49,6531586275,'6563396911',1,0,1,0),('2013-11-21 15:00:00',14,32,37,49,6531586275,'6563397012',1,0,0,17),('2013-11-21 15:00:00',14,32,37,49,6531586275,'6565956289',1,0,0,45),('2013-11-21 15:00:00',14,32,37,49,6531586275,'85291473549',2,0,0,71),('2013-11-21 16:00:00',9,14,10,13,85235009083,'85290288890',2,0,0,58),('2013-11-21 16:00:00',14,32,37,49,6531586275,'6562124203',1,0,0,20),('2013-11-21 16:00:00',14,32,37,49,6531586275,'6565956612',1,0,0,21),('2013-11-21 16:00:00',14,32,37,49,6531586275,'6566362178',1,0,0,56),('2013-11-21 16:00:00',14,32,37,49,6531586275,'6581868801',1,0,0,99),('2013-11-21 17:00:00',9,14,10,13,85235009083,'0000000000',1,0,0,54),('2013-11-21 17:00:00',14,32,37,49,6531586275,'6594504824',1,0,0,92),('2013-11-21 17:00:00',14,32,37,49,6531586275,'6597488512',1,0,0,18),('2013-11-21 17:00:00',14,32,37,49,6531586275,'anonymous',1,0,0,20),('2013-11-21 18:00:00',9,14,9,9,85235009081,'85290288890',1,0,0,7),('2013-11-21 18:00:00',14,32,37,49,6531586275,'6563232638',1,1,0,492),('2013-11-21 18:00:00',14,32,37,49,6531586275,'6581832872',1,1,0,131),('2013-11-21 18:00:00',14,32,37,49,6531586275,'6583832638',1,0,0,70),('2013-11-21 18:00:00',14,32,37,49,6531586275,'6590463547',1,1,0,147),('2013-11-21 18:00:00',14,32,37,49,6531586275,'6591696297',1,0,1,0),('2013-11-21 18:00:00',14,32,37,49,6531586275,'6596888718',1,0,0,74),('2013-11-21 18:00:00',14,32,37,49,6531586275,'6597779030',1,0,1,0),('2013-11-21 20:00:00',14,32,37,49,6531586275,'6581232759',1,0,0,27),('2013-11-21 20:00:00',14,32,37,49,6531586275,'6584515491',1,0,0,22),('2013-11-21 20:00:00',14,32,37,49,6531586275,'6593881876',1,1,0,183),('2013-11-21 21:00:00',14,32,37,49,6531586275,'6591377032',2,0,2,0),('2013-11-21 22:00:00',14,32,37,49,6531586275,'6591770286',1,0,1,0),('2013-11-21 23:00:00',14,32,37,49,6531586275,'6593202782',2,0,2,0),('2013-11-21 23:00:00',14,32,37,49,6531586275,'6598387723',1,0,1,0),('2013-11-22 07:00:00',14,32,37,45,6531582180,'85266821490',1,0,0,8),('2013-11-22 07:00:00',14,32,37,49,6531586275,'85266821490',1,0,0,12),('2013-11-22 08:00:00',14,32,37,49,6531586275,'6590463547',1,0,0,7),('2013-11-22 09:00:00',14,32,37,45,6531582180,'anonymous',1,0,0,26),('2013-11-22 09:00:00',14,32,37,49,6531586275,'6531578905',1,0,1,0),('2013-11-22 09:00:00',14,32,37,49,6531586275,'6565443017',2,0,0,46),('2013-11-22 09:00:00',14,32,37,49,6531586275,'6597109349',2,1,1,234),('2013-11-22 09:00:00',14,32,37,49,6531586275,'anonymous',1,0,0,19),('2013-11-22 11:00:00',14,32,37,45,6531582180,'85266821490',1,0,1,0),('2013-11-22 11:00:00',14,32,37,49,6531586275,'6531578905',2,0,2,0),('2013-11-22 11:00:00',14,32,37,49,6531586275,'6565087555',1,1,0,143),('2013-11-22 11:00:00',14,32,37,49,6531586275,'6596699960',1,0,0,25),('2013-11-22 12:00:00',14,32,37,49,6531586275,'6563007162',1,1,0,200),('2013-11-22 12:00:00',14,32,37,49,6531586275,'anonymous',1,0,0,64),('2013-11-22 13:00:00',14,32,37,49,6531586275,'6565686515',1,1,0,143),('2013-11-22 13:00:00',14,32,37,49,6531586275,'6591114626',1,0,0,111),('2013-11-22 14:00:00',14,32,37,49,6531586275,'60164462887',1,0,0,96),('2013-11-22 14:00:00',14,32,37,49,6531586275,'6562359383',1,0,0,35),('2013-11-22 14:00:00',14,32,37,49,6531586275,'6596332668',1,0,0,99),('2013-11-22 14:00:00',14,32,37,49,6531586275,'6597881548',1,0,0,14),('2013-11-22 15:00:00',9,14,9,9,85235009081,'85298112469',1,0,1,0),('2013-11-22 15:00:00',14,32,37,49,6531586275,'6597999412',1,0,0,90),('2013-11-22 16:00:00',14,32,37,49,6531586275,'6564722982',1,0,0,17),('2013-11-22 16:00:00',14,32,37,49,6531586275,'6565087555',1,0,0,33),('2013-11-22 16:00:00',14,32,37,49,6531586275,'6590088209',2,0,1,98),('2013-11-22 16:00:00',14,32,37,49,6531586275,'6592972925',1,0,1,0),('2013-11-22 16:00:00',14,32,37,49,6531586275,'6596490015',1,0,0,19),('2013-11-22 16:00:00',14,32,37,49,6531586275,'anonymous',1,0,0,1),('2013-11-22 17:00:00',14,32,37,49,6531586275,'6569339353',1,0,0,23),('2013-11-22 17:00:00',14,32,37,49,6531586275,'6592972925',1,0,1,0),('2013-11-22 18:00:00',14,32,37,49,6531586275,'6566509971',2,0,0,115),('2013-11-22 18:00:00',14,32,37,49,6531586275,'6596490015',1,0,1,0),('2013-11-22 19:00:00',14,32,37,49,6531586275,'6597356375',1,0,1,0),('2013-11-22 21:00:00',14,32,37,49,6531586275,'6596711617',1,0,0,18),('2013-11-23 05:00:00',14,32,37,49,6531586275,'6581835056',1,0,1,0),('2013-11-23 08:00:00',14,32,37,49,6531586275,'6562466547',1,1,0,145),('2013-11-23 09:00:00',14,32,37,49,6531586275,'6596582666',2,0,2,0),('2013-11-23 10:00:00',14,32,37,49,6531586275,'917827785518',1,0,1,0),('2013-11-23 11:00:00',14,32,37,49,6531586275,'6567558896',1,0,0,13),('2013-11-23 13:00:00',14,32,37,49,6531586275,'6590063357',1,0,0,26),('2013-11-23 14:00:00',14,32,37,49,6531586275,'6590267667',1,0,0,21),('2013-11-23 15:00:00',14,32,37,49,6531586275,'6591875531',1,0,0,28),('2013-11-23 15:00:00',14,32,37,49,6531586275,'6596676642',1,0,0,14),('2013-11-23 15:00:00',14,32,37,49,6531586275,'6598166040',1,0,0,28),('2013-11-23 16:00:00',14,32,37,49,6531586275,'6591114454',1,0,0,19),('2013-11-23 16:00:00',14,32,37,49,6531586275,'6596960416',1,0,1,0),('2013-11-23 16:00:00',14,32,37,49,6531586275,'6598338696',2,0,2,0),('2013-11-23 17:00:00',14,32,37,49,6531586275,'6594752922',1,0,0,1),('2013-11-23 18:00:00',14,32,37,49,6531586275,'6597159310',1,0,0,16),('2013-11-23 19:00:00',14,32,37,49,6531586275,'6584228772',1,0,1,0),('2013-11-23 19:00:00',14,32,37,49,6531586275,'6598979628',1,0,1,0),('2013-11-23 20:00:00',14,32,37,49,6531586275,'6581237776',1,0,0,2),('2013-11-23 20:00:00',14,32,37,49,6531586275,'6581718313',1,0,1,0),('2013-11-23 20:00:00',14,32,37,49,6531586275,'6596405013',1,0,1,0),('2013-11-24 10:00:00',14,32,37,49,6531586275,'6581006328',2,0,0,41),('2013-11-24 10:00:00',14,32,37,49,6531586275,'6591859011',1,0,1,0),('2013-11-24 10:00:00',14,32,37,49,6531586275,'6592765966',1,0,0,8),('2013-11-24 11:00:00',14,32,37,49,6531586275,'6581006328',2,0,0,33),('2013-11-24 11:00:00',14,32,37,49,6531586275,'6596858290',1,0,0,16),('2013-11-24 11:00:00',14,32,37,49,6531586275,'6597458546',1,0,0,1),('2013-11-24 11:00:00',14,32,37,49,6531586275,'6597788914',1,0,0,9),('2013-11-24 15:00:00',14,32,37,49,6531586275,'6564567039',1,0,0,32),('2013-11-24 15:00:00',14,32,37,49,6531586275,'6596729243',1,0,0,9),('2013-11-24 18:00:00',14,32,37,49,6531586275,'6566368878',1,0,0,9),('2013-11-24 18:00:00',14,32,37,49,6531586275,'6591118277',2,0,2,0),('2013-11-24 22:00:00',14,32,37,49,6531586275,'6584228772',2,0,0,108),('2013-11-24 22:00:00',14,32,37,49,6531586275,'6594792625',1,0,0,16),('2013-11-25 08:00:00',14,32,37,49,6531586275,'6562927187',1,0,1,0),('2013-11-25 08:00:00',14,32,37,49,6531586275,'6563925291',1,0,0,57),('2013-11-25 08:00:00',14,32,37,49,6531586275,'6585888762',2,0,1,1),('2013-11-25 08:00:00',14,32,37,49,6531586275,'6591338501',1,0,0,19),('2013-11-25 09:00:00',14,32,37,49,6531586275,'62215328167',1,0,0,103),('2013-11-25 09:00:00',14,32,37,49,6531586275,'6565221820',1,1,0,173),('2013-11-25 09:00:00',14,32,37,49,6531586275,'6567494082',1,1,0,125),('2013-11-25 11:00:00',14,32,37,49,6531586275,'6563466348',1,0,1,0),('2013-11-25 11:00:00',14,32,37,49,6531586275,'6564499656',1,1,0,123),('2013-11-25 11:00:00',14,32,37,49,6531586275,'6568369986',1,0,0,49),('2013-11-25 11:00:00',14,32,37,49,6531586275,'6582034217',1,0,0,93),('2013-11-25 11:00:00',14,32,37,49,6531586275,'6590702323',1,0,1,0),('2013-11-25 11:00:00',14,32,37,49,6531586275,'6590914475',1,0,0,29),('2013-11-25 11:00:00',14,32,37,49,6531586275,'6594752922',1,0,0,34),('2013-11-25 12:00:00',14,32,37,49,6531586275,'6594752922',1,1,0,227),('2013-11-25 13:00:00',14,32,37,49,6531586275,'6567574595',1,0,0,70),('2013-11-25 13:00:00',14,32,37,49,6531586275,'6585004676',2,0,1,12),('2013-11-25 13:00:00',14,32,37,49,6531586275,'6598166040',1,0,0,28),('2013-11-25 14:00:00',14,32,37,49,6531586275,'6564013630',1,0,0,33),('2013-11-25 14:00:00',14,32,37,49,6531586275,'6567868701',1,0,0,22),('2013-11-25 14:00:00',14,32,37,49,6531586275,'6598768159',1,1,0,187),('2013-11-25 15:00:00',14,32,37,49,6531586275,'6594478579',1,0,0,63),('2013-11-25 15:00:00',14,32,37,49,6531586275,'6596468899',1,1,0,130),('2013-11-25 16:00:00',14,32,37,49,6531586275,'6531578905',1,0,1,0),('2013-11-25 17:00:00',14,32,37,49,6531586275,'6584996044',1,0,0,2),('2013-11-25 17:00:00',14,32,37,49,6531586275,'6586869701',1,0,0,120),('2013-11-25 17:00:00',14,32,37,49,6531586275,'anonymous',1,1,0,129),('2013-11-25 18:00:00',14,32,37,49,6531586275,'6566353568',1,0,0,112),('2013-11-25 18:00:00',14,32,37,49,6531586275,'6567315139',1,0,0,17),('2013-11-26 02:00:00',9,14,10,12,85235009082,'0',1,0,0,2),('2013-11-26 03:00:00',9,14,10,12,85235009082,'0',2,0,1,19),('2013-11-26 04:00:00',9,14,10,12,85235009082,'0',4,0,1,35),('2013-11-26 06:00:00',9,14,10,12,85235009082,'85266821490',1,0,0,18),('2013-11-26 07:00:00',14,32,37,49,6531586275,'6583484424',1,0,0,20),('2013-11-26 07:00:00',14,32,37,49,6531586275,'6591244794',1,0,1,0),('2013-11-26 08:00:00',14,32,37,49,6531586275,'6586123478',1,1,0,121),('2013-11-26 08:00:00',14,32,37,49,6531586275,'85266821490',1,0,0,9),('2013-11-26 09:00:00',14,32,37,49,6531586275,'6531578905',1,0,1,0),('2013-11-26 09:00:00',14,32,37,49,6531586275,'6563960813',1,0,0,21),('2013-11-26 09:00:00',14,32,37,49,6531586275,'6594236181',1,0,0,20),('2013-11-26 10:00:00',14,32,37,49,6531586275,'6563941380',1,0,0,80),('2013-11-26 10:00:00',14,32,37,49,6531586275,'6596256575',1,0,0,96),('2013-11-26 11:00:00',14,32,37,49,6531586275,'6565421175',2,0,0,135),('2013-11-26 11:00:00',14,32,37,49,6531586275,'6567830692',1,0,1,0),('2013-11-26 11:00:00',14,32,37,49,6531586275,'6593201959',1,0,0,106),('2013-11-26 11:00:00',20,35,41,51,85235009092,'85266821490',2,0,1,13),('2013-11-26 12:00:00',9,14,10,13,85235009083,'85223155627',1,0,0,38),('2013-11-26 12:00:00',14,32,37,49,6531586275,'6564849949',2,0,0,32),('2013-11-26 12:00:00',14,32,37,49,6531586275,'6565333560',1,0,1,0),('2013-11-26 12:00:00',20,35,41,52,85235009117,'85266821490',1,0,0,17),('2013-11-26 13:00:00',14,32,37,49,6531586275,'6565543472',1,0,0,26),('2013-11-26 13:00:00',14,32,37,49,6531586275,'6584289351',1,1,0,205),('2013-11-26 13:00:00',14,32,37,49,6531586275,'6594516920',1,0,0,56),('2013-11-26 13:00:00',14,32,37,49,6531586275,'6594896321',1,0,0,16),('2013-11-26 13:00:00',14,32,37,49,6531586275,'6597432337',1,1,0,174),('2013-11-26 14:00:00',14,32,37,49,6531586275,'0',1,0,0,66),('2013-11-26 14:00:00',14,32,37,49,6531586275,'6531571282',1,0,0,8),('2013-11-26 14:00:00',14,32,37,49,6531586275,'6586060479',1,1,0,188),('2013-11-26 14:00:00',14,32,37,49,6531586275,'6597432337',1,0,1,33),('2013-11-26 14:00:00',14,32,37,49,6531586275,'6598338696',1,0,0,49),('2013-11-26 15:00:00',14,32,37,49,6531586275,'6565097230',1,0,0,69),('2013-11-26 16:00:00',14,32,37,49,6531586275,'6562105816',1,0,0,3),('2013-11-26 16:00:00',14,32,37,49,6531586275,'6563633129',1,0,0,40),('2013-11-26 16:00:00',14,32,37,49,6531586275,'6566675517',4,1,0,507),('2013-11-26 16:00:00',14,32,37,49,6531586275,'6567386329',1,0,0,6),('2013-11-26 16:00:00',14,32,37,49,6531586275,'6567387219',1,0,1,0),('2013-11-26 16:00:00',14,32,37,49,6531586275,'6567487106',1,1,0,151),('2013-11-26 16:00:00',14,32,37,49,6531586275,'6590487447',1,0,0,110),('2013-11-26 16:00:00',14,32,37,49,6531586275,'6590686140',1,0,0,3),('2013-11-26 17:00:00',14,32,37,49,6531586275,'6584884547',1,0,0,55),('2013-11-26 18:00:00',14,32,37,49,6531586275,'6597285535',2,0,2,0),('2013-11-26 18:00:00',20,35,41,51,85235009092,'85266821490',1,0,0,7),('2013-11-26 19:00:00',14,32,37,49,6531586275,'6563503470',1,0,1,0),('2013-11-26 22:00:00',14,32,37,49,6531586275,'6598799473',1,0,1,0),('2013-11-27 03:00:00',14,32,37,49,6531586275,'14046308328',2,0,2,0),('2013-11-27 08:00:00',14,32,37,49,6531586275,'6562148230',1,0,1,0),('2013-11-27 08:00:00',14,32,37,49,6531586275,'6591068560',1,1,0,127),('2013-11-27 08:00:00',14,32,37,49,6531586275,'6597285535',1,0,1,0),('2013-11-27 08:00:00',20,35,41,51,85235009092,'85266821490',1,0,0,40),('2013-11-27 09:00:00',14,32,37,49,6531586275,'6562148230',1,0,0,100),('2013-11-27 09:00:00',14,32,37,49,6531586275,'6581391161',1,1,0,184),('2013-11-27 10:00:00',14,32,37,49,6531586275,'6562566670',2,0,1,89),('2013-11-27 10:00:00',14,32,37,49,6531586275,'6564567039',1,1,0,131),('2013-11-27 10:00:00',14,32,37,49,6531586275,'6568765524',1,0,1,0),('2013-11-27 11:00:00',14,32,37,49,6531586275,'653000019',3,0,2,18),('2013-11-27 11:00:00',14,32,37,49,6531586275,'6592201869',1,1,0,156),('2013-11-27 11:00:00',14,32,37,49,6531586275,'6592384229',1,1,0,139),('2013-11-27 12:00:00',14,32,37,49,6531586275,'6596752013',1,1,0,411),('2013-11-27 13:00:00',14,32,37,49,6531586275,'6563633129',1,0,0,31),('2013-11-27 13:00:00',14,32,37,49,6531586275,'6564450633',1,0,0,26),('2013-11-27 13:00:00',14,32,37,49,6531586275,'6594232324',1,0,1,0),('2013-11-27 14:00:00',14,32,37,49,6531586275,'6566748096',1,0,0,20),('2013-11-27 14:00:00',14,32,37,49,6531586275,'6567483869',1,1,0,130),('2013-11-27 14:00:00',14,32,37,49,6531586275,'6567484981',1,0,0,9),('2013-11-27 14:00:00',14,32,37,49,6531586275,'6567727814',1,0,0,67),('2013-11-27 14:00:00',14,32,37,49,6531586275,'6581127833',1,0,0,33),('2013-11-27 14:00:00',14,32,37,49,6531586275,'6591168551',1,0,1,0),('2013-11-27 14:00:00',14,32,37,49,6531586275,'6597245753',1,1,0,147),('2013-11-27 14:00:00',14,32,37,49,6531586275,'6597649749',1,0,0,30),('2013-11-27 14:00:00',14,32,37,49,6531586275,'6598509458',1,1,0,162),('2013-11-27 15:00:00',9,14,9,8,85235009080,'85298615359',1,0,0,86),('2013-11-27 15:00:00',14,32,37,49,6531586275,'6563191662',1,0,0,79),('2013-11-27 15:00:00',14,32,37,49,6531586275,'6581571518',1,0,0,91),('2013-11-27 15:00:00',14,32,37,49,6531586275,'6584322155',1,1,0,134),('2013-11-27 16:00:00',14,32,37,49,6531586275,'6598366796',1,1,0,127),('2013-11-27 17:00:00',14,32,37,49,6531586275,'6567524424',1,1,0,187),('2013-11-27 18:00:00',14,32,37,49,6531586275,'6597420325',1,0,0,22),('2013-11-27 19:00:00',14,32,37,49,6531586275,'6590678555',1,0,0,1),('2013-11-27 19:00:00',14,32,37,49,6531586275,'6594243045',1,0,0,51),('2013-11-27 21:00:00',14,32,37,49,6531586275,'6590504693',1,1,0,225),('2013-11-28 06:00:00',9,14,10,12,85235009082,'0',5,0,3,63),('2013-11-28 06:00:00',9,14,10,12,85235009082,'85235431685',2,0,1,15),('2013-11-28 06:00:00',9,14,10,12,85235009082,'85266821490',2,0,2,35),('2013-11-28 06:00:00',14,32,37,49,6531586275,'85266821490',1,0,1,19),('2013-11-28 09:00:00',14,32,37,49,6531586275,'633225415733',1,1,0,271),('2013-11-28 09:00:00',14,32,37,49,6531586275,'6585904716',1,1,0,196),('2013-11-28 09:00:00',14,32,37,49,6531586275,'6591814740',1,1,0,156),('2013-11-28 09:00:00',14,32,37,49,6531586275,'6598338696',1,0,1,10),('2013-11-28 09:00:00',14,32,37,49,6531586275,'6598512040',1,0,0,26),('2013-11-28 10:00:00',14,32,37,49,6531586275,'6581638584',1,0,0,55),('2013-11-28 10:00:00',14,32,37,49,6531586275,'6593388456',1,0,0,97),('2013-11-28 11:00:00',14,32,37,49,6531586275,'653000019',1,0,0,91),('2013-11-28 11:00:00',14,32,37,49,6531586275,'6564578054',1,0,0,100),('2013-11-28 12:00:00',14,32,37,49,6531586275,'6564776891',2,0,1,128),('2013-11-28 12:00:00',14,32,37,49,6531586275,'6585904716',1,1,0,133),('2013-11-28 13:00:00',14,32,37,49,6531586275,'6566013089',1,0,1,11),('2013-11-28 13:00:00',14,32,37,49,6531586275,'6567724672',1,0,1,8),('2013-11-28 13:00:00',14,32,37,49,6531586275,'6583329149',1,1,0,134),('2013-11-28 13:00:00',14,32,37,49,6531586275,'6591479687',1,0,0,92),('2013-11-28 14:00:00',14,32,37,49,6531586275,'6564979771',1,0,0,97),('2013-11-28 14:00:00',14,32,37,49,6531586275,'6567331352',1,1,0,138),('2013-11-28 14:00:00',14,32,37,49,6531586275,'6583329149',1,1,0,166),('2013-11-28 14:00:00',14,32,37,49,6531586275,'6591252516',1,1,0,132),('2013-11-28 14:00:00',14,32,37,49,6531586275,'6591889340',1,0,0,60),('2013-11-28 14:00:00',14,32,37,49,6531586275,'6594511546',1,1,0,178),('2013-11-28 14:00:00',14,32,37,49,6531586275,'6598166040',1,1,0,135),('2013-11-28 15:00:00',14,32,37,49,6531586275,'653000019',1,0,0,54),('2013-11-28 15:00:00',14,32,37,49,6531586275,'6583583346',1,1,0,203),('2013-11-28 16:00:00',14,32,37,49,6531586275,'6581889066',1,0,0,44),('2013-11-28 16:00:00',14,32,37,49,6531586275,'6592348228',1,0,1,28),('2013-11-28 17:00:00',14,32,37,49,6531586275,'6566459677',2,0,1,55),('2013-11-28 17:00:00',14,32,37,49,6531586275,'6596827947',1,1,0,230),('2013-11-28 18:00:00',14,32,37,49,6531586275,'6531578905',1,0,1,19),('2013-11-28 18:00:00',14,32,37,49,6531586275,'6590917007',1,1,0,162),('2013-11-28 18:00:00',14,32,37,49,6531586275,'6596746699',1,1,0,140),('2013-11-28 19:00:00',14,32,37,49,6531586275,'6581809409',1,1,0,290),('2013-11-28 19:00:00',14,32,37,49,6531586275,'6597427148',2,0,1,11),('2013-11-28 20:00:00',14,32,37,49,6531586275,'6583132667',2,2,0,372),('2013-11-29 07:00:00',14,32,37,49,6531586275,'6562420292',1,1,0,235),('2013-11-29 08:00:00',14,32,37,49,6531586275,'0',1,0,0,28),('2013-11-29 08:00:00',14,32,37,49,6531586275,'6567374558',1,0,0,68),('2013-11-29 08:00:00',14,32,37,49,6531586275,'6594601899',1,0,1,21),('2013-11-29 09:00:00',14,32,37,49,6531586275,'0',1,1,0,201),('2013-11-29 09:00:00',14,32,37,49,6531586275,'6567374558',1,1,0,193),('2013-11-29 09:00:00',14,32,37,49,6531586275,'6598561055',1,1,0,202),('2013-11-29 10:00:00',14,32,37,49,6531586275,'6590666595',1,1,0,267),('2013-11-29 10:00:00',14,32,37,49,6531586275,'6590853992',2,0,2,14),('2013-11-29 11:00:00',14,32,37,49,6531586275,'653000019',3,0,2,37),('2013-11-29 11:00:00',14,32,37,49,6531586275,'6590469833',1,0,0,55),('2013-11-29 11:00:00',14,32,37,49,6531586275,'6590853992',1,1,0,204),('2013-11-29 11:00:00',14,32,37,49,6531586275,'6596672967',1,1,0,155),('2013-11-29 12:00:00',14,32,37,49,6531586275,'6565237236',1,0,0,60),('2013-11-29 12:00:00',14,32,37,49,6531586275,'6591818826',1,0,0,44),('2013-11-29 13:00:00',14,32,37,49,6531586275,'6583382513',1,1,0,148),('2013-11-29 13:00:00',14,32,37,49,6531586275,'6593225657',1,1,0,140),('2013-11-29 14:00:00',14,32,37,49,6531586275,'653000019',1,0,0,110),('2013-11-29 14:00:00',14,32,37,49,6531586275,'6583785292',1,0,0,108),('2013-11-29 15:00:00',14,32,37,49,6531586275,'6562828733',1,1,0,296),('2013-11-29 15:00:00',14,32,37,49,6531586275,'6584481314',2,1,1,183),('2013-11-29 15:00:00',14,32,37,49,6531586275,'6593378003',1,0,0,38),('2013-11-29 16:00:00',14,32,37,49,6531586275,'6563251491',2,1,1,178),('2013-11-29 16:00:00',14,32,37,49,6531586275,'6563640981',1,1,0,240),('2013-11-29 16:00:00',14,32,37,49,6531586275,'6582929378',2,1,0,190),('2013-11-29 16:00:00',14,32,37,49,6531586275,'6593889973',1,0,1,22),('2013-11-29 16:00:00',14,32,37,49,6531586275,'6598719260',1,0,0,6),('2013-11-29 17:00:00',14,32,37,49,6531586275,'6563693629',1,1,0,137),('2013-11-29 18:00:00',14,32,37,49,6531586275,'6531571283',2,0,1,51),('2013-11-29 18:00:00',14,32,37,49,6531586275,'6590889556',1,1,0,226),('2013-11-29 18:00:00',14,32,37,49,6531586275,'6597870368',1,1,0,272),('2013-11-29 20:00:00',14,32,37,49,6531586275,'0',1,1,0,361),('2013-11-29 20:00:00',14,32,37,49,6531586275,'6590274451',1,1,0,259),('2013-11-29 22:00:00',14,32,37,49,6531586275,'6596444460',1,0,1,12),('2013-11-30 01:00:00',14,32,37,49,6531586275,'6590294813',1,0,0,52),('2013-11-30 09:00:00',14,32,37,49,6531586275,'6563192303',2,0,1,13),('2013-11-30 09:00:00',14,32,37,49,6531586275,'6586067052',1,1,0,197),('2013-11-30 09:00:00',14,32,37,49,6531586275,'6591016985',1,0,0,103),('2013-11-30 09:00:00',14,32,37,49,6531586275,'6597519324',1,1,0,172),('2013-11-30 10:00:00',14,32,37,49,6531586275,'6566993369',1,1,0,179),('2013-11-30 11:00:00',14,32,37,49,6531586275,'6585895178',1,0,0,56),('2013-11-30 11:00:00',14,32,37,49,6531586275,'6590091951',1,0,0,106),('2013-11-30 11:00:00',14,32,37,49,6531586275,'6598556818',1,1,0,129),('2013-11-30 12:00:00',14,32,37,49,6531586275,'6563100579',1,0,0,57),('2013-11-30 12:00:00',14,32,37,49,6531586275,'6594551651',1,0,0,57),('2013-11-30 13:00:00',14,32,37,49,6531586275,'6584319680',1,0,0,53),('2013-11-30 13:00:00',14,32,37,49,6531586275,'6596326215',1,0,1,30),('2013-11-30 14:00:00',14,32,37,49,6531586275,'6590058500',2,0,1,65),('2013-11-30 15:00:00',14,32,37,49,6531586275,'6581883285',2,0,1,82),('2013-11-30 15:00:00',14,32,37,49,6531586275,'6597962905',1,0,1,30),('2013-11-30 18:00:00',14,32,37,49,6531586275,'6597262847',1,0,0,40),('2013-11-30 19:00:00',14,32,37,49,6531586275,'6597364941',1,0,1,28),('2013-11-30 20:00:00',14,32,37,49,6531586275,'6568469244',1,0,0,54),('2013-11-30 22:00:00',14,32,37,49,6531586275,'6563546354',1,0,1,29),('2013-11-30 23:00:00',14,32,37,49,6531586275,'6597218843',1,0,0,49),('2013-11-30 23:00:00',14,32,37,49,6531586275,'6597776222',1,0,0,53),('2013-12-01 09:00:00',14,32,37,49,6531586275,'0',1,0,0,21),('2013-12-01 09:00:00',14,32,37,49,6531586275,'6564680686',1,0,0,35),('2013-12-01 09:00:00',14,32,37,49,6531586275,'6593796623',1,0,1,33),('2013-12-01 10:00:00',14,32,37,49,6531586275,'6581589577',1,0,0,25),('2013-12-01 10:00:00',14,32,37,49,6531586275,'6594247932',1,0,0,37),('2013-12-01 12:00:00',14,32,37,49,6531586275,'6597502895',1,0,0,32),('2013-12-01 13:00:00',14,32,37,49,6531586275,'6562601479',1,0,0,37),('2013-12-01 14:00:00',14,32,37,49,6531586275,'6581685619',1,0,0,26),('2013-12-01 14:00:00',14,32,37,49,6531586275,'6591453230',1,0,0,35),('2013-12-01 17:00:00',14,32,37,49,6531586275,'6590025333',1,0,1,14),('2013-12-01 17:00:00',14,32,37,49,6531586275,'6590187824',1,0,0,36),('2013-12-01 18:00:00',14,32,37,49,6531586275,'6564680890',1,0,0,43),('2013-12-01 18:00:00',14,32,37,49,6531586275,'6597874825',1,0,1,10),('2013-12-01 18:00:00',14,32,37,49,6531586275,'6598381728',1,0,0,34),('2013-12-02 08:00:00',14,32,37,49,6531586275,'6583328003',1,1,0,163),('2013-12-02 09:00:00',14,32,37,49,6531586275,'0',2,1,0,168),('2013-12-02 09:00:00',14,32,37,49,6531586275,'6585711518',2,0,1,58),('2013-12-02 09:00:00',14,32,37,49,6531586275,'6586479918',1,0,0,75),('2013-12-02 10:00:00',14,32,37,49,6531586275,'6591195838',1,0,1,0),('2013-12-02 11:00:00',14,32,37,49,6531586275,'6562233462',1,1,0,153),('2013-12-02 11:00:00',14,32,37,49,6531586275,'6568504586',1,1,0,224),('2013-12-02 11:00:00',14,32,37,49,6531586275,'6591195838',2,1,0,353),('2013-12-02 12:00:00',14,32,37,49,6531586275,'653000019',1,0,0,64),('2013-12-02 12:00:00',14,32,37,49,6531586275,'6562912774',1,0,1,9),('2013-12-02 12:00:00',14,32,37,49,6531586275,'6567335342',1,0,0,7),('2013-12-02 12:00:00',14,32,37,49,6531586275,'6590076978',1,0,0,117),('2013-12-02 13:00:00',14,32,37,49,6531586275,'6596409569',1,0,0,22),('2013-12-02 13:00:00',14,32,37,49,6531586275,'6598381728',1,1,0,137),('2013-12-02 14:00:00',14,32,37,49,6531586275,'0',1,1,0,180),('2013-12-02 15:00:00',9,14,9,9,85235009081,'85223197285',1,0,0,92),('2013-12-02 17:00:00',9,14,10,12,85235009082,'85298615359',1,0,0,4),('2013-12-02 18:00:00',19,34,40,50,6531586172,'6594563229',1,0,0,4),('2013-12-02 20:00:00',14,32,37,49,6531586275,'0',1,0,0,60),('2013-12-03 09:00:00',14,32,37,49,6531586275,'6531578905',1,0,1,23),('2013-12-03 09:00:00',14,32,37,49,6531586275,'6596784098',1,1,0,135),('2013-12-03 10:00:00',14,32,37,49,6531586275,'6581841693',1,1,0,164),('2013-12-03 10:00:00',17,36,43,54,85235009105,'0',1,1,0,390),('2013-12-03 11:00:00',9,14,10,12,85235009082,'0',1,0,0,9),('2013-12-03 11:00:00',9,14,10,12,85235009082,'85235431685',2,0,1,4),('2013-12-03 11:00:00',9,14,26,28,85235009099,'85291473549',2,0,0,28),('2013-12-03 11:00:00',9,15,13,14,85235009088,'85291473549',2,0,0,51),('2013-12-03 11:00:00',9,17,15,25,85235009098,'85291473549',2,0,0,33),('2013-12-03 11:00:00',14,32,37,49,6531586275,'653016',1,1,0,159),('2013-12-03 11:00:00',14,32,37,49,6531586275,'6565821971',1,1,0,296),('2013-12-03 11:00:00',14,32,37,49,6531586275,'6566988610',1,1,0,126),('2013-12-03 12:00:00',9,14,9,9,85235009081,'85291473549',1,0,0,7),('2013-12-03 12:00:00',9,14,26,28,85235009099,'85291473549',1,0,0,12),('2013-12-03 12:00:00',14,32,37,49,6531586275,'6565949710',1,0,1,8),('2013-12-03 13:00:00',14,32,37,45,6531582180,'919445550021',1,0,1,0),('2013-12-03 13:00:00',14,32,37,49,6531586275,'6590666595',1,1,0,121),('2013-12-03 13:00:00',14,32,37,49,6531586275,'6593626739',1,0,1,8),('2013-12-03 16:00:00',14,32,37,49,6531586275,'6590046977',1,0,0,37),('2013-12-03 16:00:00',17,36,43,54,85235009105,'0',1,0,0,78),('2013-12-03 17:00:00',14,32,37,49,6531586275,'6567333588',1,0,0,31),('2013-12-04 01:00:00',9,14,10,12,85235009082,'0',3,0,0,21),('2013-12-04 07:00:00',14,32,37,49,6531586275,'6591114454',1,0,1,24),('2013-12-04 08:00:00',14,32,37,49,6531586275,'6563453002',3,0,0,204),('2013-12-04 08:00:00',14,32,37,49,6531586275,'6566498582',1,0,1,16),('2013-12-04 08:00:00',14,32,37,49,6531586275,'6569663688',1,1,0,122),('2013-12-04 08:00:00',14,32,37,49,6531586275,'6582837188',1,0,0,49),('2013-12-04 09:00:00',14,32,37,49,6531586275,'6531571282',3,0,1,74),('2013-12-04 09:00:00',14,32,37,49,6531586275,'6531578905',1,0,0,41),('2013-12-04 09:00:00',14,32,37,49,6531586275,'6563396911',1,0,0,31),('2013-12-04 09:00:00',14,32,37,49,6531586275,'6563397012',1,0,0,31),('2013-12-04 09:00:00',14,32,37,49,6531586275,'6563453002',3,0,0,182),('2013-12-04 09:00:00',14,32,37,49,6531586275,'6564019077',1,0,0,42),('2013-12-04 09:00:00',14,32,37,49,6531586275,'6566596916',3,0,1,117),('2013-12-04 09:00:00',14,32,37,49,6531586275,'6569663688',2,0,0,85),('2013-12-04 10:00:00',14,32,37,49,6531586275,'6567312509',2,0,0,72),('2013-12-04 10:00:00',14,32,37,49,6531586275,'6581110890',1,0,0,25),('2013-12-04 10:00:00',14,32,37,49,6531586275,'6592728476',4,0,0,208),('2013-12-04 10:00:00',17,36,43,54,85235009105,'85228268688',1,0,0,34),('2013-12-04 11:00:00',14,32,37,49,6531586275,'6565280785',2,0,0,70),('2013-12-04 11:00:00',14,32,37,49,6531586275,'6569663688',2,0,0,70),('2013-12-04 11:00:00',14,32,37,49,6531586275,'6592966934',2,0,1,46),('2013-12-04 11:00:00',14,32,37,49,6531586275,'6597489126',1,0,0,35),('2013-12-04 12:00:00',14,32,37,45,6531582180,'919445550021',1,0,1,0),('2013-12-04 12:00:00',14,32,37,49,6531586275,'6562223000',2,1,1,238),('2013-12-04 12:00:00',17,36,43,54,85235009105,'85222100820',2,0,0,62),('2013-12-04 12:00:00',17,36,43,54,85235009105,'85296660960',1,1,0,360),('2013-12-04 13:00:00',13,27,30,34,85235009101,'85251677551',1,0,0,69),('2013-12-04 13:00:00',14,32,37,49,6531586275,'0',1,0,0,42),('2013-12-04 13:00:00',14,32,37,49,6531586275,'6531571282',1,0,0,28),('2013-12-04 14:00:00',13,27,30,34,85235009101,'85234612052',1,0,0,91),('2013-12-04 14:00:00',13,27,30,34,85235009101,'85253204494',1,0,0,33),('2013-12-04 14:00:00',14,32,37,49,6531586275,'6565132770',1,0,1,33),('2013-12-04 14:00:00',14,32,37,49,6531586275,'6584163914',2,0,0,98),('2013-12-04 15:00:00',14,32,37,49,6531586275,'6567703542',1,0,0,24),('2013-12-04 16:00:00',17,36,43,54,85235009105,'0',1,0,0,46),('2013-12-04 16:00:00',17,36,43,54,85235009105,'85222879758',1,0,0,49),('2013-12-04 17:00:00',14,32,37,49,6531586275,'6596371364',1,0,0,1),('2013-12-04 19:00:00',17,36,43,54,85235009105,'85239223267',1,0,0,60),('2013-12-04 20:00:00',14,32,37,49,6531586275,'6584981698',1,1,0,165),('2013-12-04 21:00:00',14,32,37,49,6531586275,'6591291871',1,0,0,52),('2013-12-04 21:00:00',14,32,37,49,6531586275,'6597225158',2,0,0,110),('2013-12-05 08:00:00',14,32,37,49,6531586275,'6591291871',3,0,1,164),('2013-12-05 09:00:00',14,32,37,49,6531586275,'6531578905',1,0,1,20),('2013-12-05 09:00:00',14,32,37,49,6531586275,'6565007622',1,0,0,65),('2013-12-05 09:00:00',14,32,37,49,6531586275,'6598173003',1,1,0,121),('2013-12-05 09:00:00',14,32,37,49,6531586275,'6598314050',2,1,0,198),('2013-12-05 11:00:00',14,32,37,49,6531586275,'6597586982',1,1,0,124),('2013-12-05 11:00:00',14,32,37,49,6531586275,'6598263697',1,0,0,91),('2013-12-05 11:00:00',14,32,37,49,6531586275,'6598788504',1,1,0,137),('2013-12-05 11:00:00',17,36,43,54,85235009105,'85229097764',1,0,0,60),('2013-12-05 12:00:00',9,14,9,9,85235009081,'85291473549',1,0,0,12),('2013-12-05 12:00:00',14,32,37,49,6531586275,'6584927826',1,0,0,67),('2013-12-05 12:00:00',14,32,37,49,6531586275,'6598788504',1,0,0,102),('2013-12-05 13:00:00',14,32,37,49,6531586275,'6591720194',1,0,1,8),('2013-12-05 14:00:00',9,14,9,9,85235009081,'85291473549',1,0,0,4),('2013-12-05 14:00:00',14,32,37,49,6531586275,'6583802722',1,0,0,64),('2013-12-05 15:00:00',14,32,37,49,6531586275,'0',1,0,0,81),('2013-12-05 15:00:00',14,32,37,49,6531586275,'6584927826',1,0,0,66),('2013-12-05 15:00:00',14,32,37,49,6531586275,'6590693411',1,0,0,7),('2013-12-05 16:00:00',14,32,37,49,6531586275,'0',1,0,1,23),('2013-12-05 16:00:00',14,32,37,49,6531586275,'6593871440',1,0,0,101),('2013-12-05 17:00:00',17,36,43,54,85235009105,'0',1,0,0,15),('2013-12-05 19:00:00',14,32,37,49,6531586275,'6567487453',2,0,1,91),('2013-12-05 19:00:00',14,32,37,49,6531586275,'6590168051',1,0,0,57),('2013-12-05 21:00:00',17,36,43,54,85235009105,'85231501720',1,0,0,50),('2013-12-06 08:00:00',17,36,43,54,85235009105,'85293121379',1,0,0,66),('2013-12-06 09:00:00',14,32,37,49,6531586275,'6583952082',2,0,1,91),('2013-12-06 09:00:00',14,32,37,49,6531586275,'6590674923',2,1,0,329),('2013-12-06 09:00:00',14,32,37,49,6531586275,'6596677876',1,0,1,7),('2013-12-06 10:00:00',17,36,43,54,85235009105,'85228006397',1,1,0,404),('2013-12-06 11:00:00',14,32,37,49,6531586275,'6562219890',1,1,0,122),('2013-12-06 11:00:00',14,32,37,49,6531586275,'6564964570',1,1,0,121),('2013-12-06 11:00:00',17,36,43,54,85235009105,'85222879758',1,0,1,0),('2013-12-06 12:00:00',14,32,37,49,6531586275,'6582344566',1,0,0,60),('2013-12-06 12:00:00',14,32,37,49,6531586275,'6596448453',1,0,1,9),('2013-12-06 14:00:00',17,36,43,54,85235009105,'85229714840',1,0,0,91),('2013-12-06 15:00:00',14,32,37,49,6531586275,'6598338696',1,0,0,37),('2013-12-06 16:00:00',13,27,30,34,85235009101,'85293381670',1,0,0,25),('2013-12-06 16:00:00',14,32,37,49,6531586275,'6566719412',1,1,0,196),('2013-12-06 17:00:00',14,32,37,49,6531586275,'6590625154',1,1,0,158),('2013-12-06 17:00:00',14,32,37,49,6531586275,'6591999704',1,0,0,120),('2013-12-06 17:00:00',14,32,37,49,6531586275,'6594247932',1,1,0,226),('2013-12-06 17:00:00',14,32,37,49,6531586275,'6596610184',1,1,0,379),('2013-12-06 20:00:00',14,32,37,49,6531586275,'6582883669',1,0,1,9),('2013-12-07 09:00:00',14,32,37,49,6531586275,'6591114454',1,0,0,28),('2013-12-07 10:00:00',13,27,30,34,85235009101,'85231970116',1,0,1,0),('2013-12-07 11:00:00',14,32,37,49,6531586275,'6591442369',1,0,0,6),('2013-12-07 12:00:00',14,32,37,49,6531586275,'6591278060',1,0,0,73),('2013-12-07 13:00:00',14,32,37,49,6531586275,'6584888535',1,1,0,148),('2013-12-07 13:00:00',14,32,37,49,6531586275,'6593871595',1,0,0,35),('2013-12-07 15:00:00',17,36,43,54,85235009105,'0',1,0,0,86),('2013-12-07 17:00:00',14,32,37,49,6531586275,'6567439844',1,0,0,56),('2013-12-08 09:00:00',14,32,37,49,6531586275,'6567323228',1,0,0,66),('2013-12-08 10:00:00',14,32,37,49,6531586275,'6593258792',1,0,0,56),('2013-12-08 10:00:00',17,36,43,54,85235009105,'0',1,0,0,51),('2013-12-08 11:00:00',14,32,37,49,6531586275,'6596953020',2,0,0,110),('2013-12-08 13:00:00',14,32,37,49,6531586275,'6591999704',1,0,1,11),('2013-12-08 13:00:00',14,32,37,49,6531586275,'6592396291',1,0,1,28),('2013-12-08 14:00:00',17,36,43,54,85235009105,'85266434006',1,0,0,112),('2013-12-08 18:00:00',17,36,43,54,85235009105,'85235499663',1,0,0,113),('2013-12-08 19:00:00',14,32,37,49,6531586275,'6581828207',1,0,0,50),('2013-12-09 08:00:00',14,32,37,49,6531586275,'6592392111',1,0,0,54),('2013-12-09 09:00:00',14,32,37,49,6531586275,'6564105999',1,0,0,74),('2013-12-09 09:00:00',14,32,37,49,6531586275,'6567795555',1,0,0,47),('2013-12-09 09:00:00',17,36,43,54,85235009105,'0',1,0,0,25),('2013-12-09 10:00:00',14,32,37,49,6531586275,'623177769100',1,1,0,423),('2013-12-09 10:00:00',14,32,37,49,6531586275,'6568843601',1,0,0,87),('2013-12-09 10:00:00',14,32,37,49,6531586275,'6590902107',1,0,0,52),('2013-12-09 11:00:00',14,32,37,49,6531586275,'6562396358',1,0,0,24),('2013-12-09 11:00:00',14,32,37,49,6531586275,'6564723707',1,0,0,80),('2013-12-09 11:00:00',14,32,37,49,6531586275,'6567767062',1,0,0,91),('2013-12-09 11:00:00',14,32,37,49,6531586275,'6590115515',2,1,0,267),('2013-12-09 11:00:00',17,36,43,54,85235009105,'0',1,1,0,178),('2013-12-09 12:00:00',9,14,9,8,85235009080,'85228539812',1,0,0,16),('2013-12-09 12:00:00',14,32,37,49,6531586275,'6563570337',1,0,1,27),('2013-12-09 12:00:00',14,32,37,49,6531586275,'6565917633',1,0,1,0),('2013-12-09 13:00:00',14,32,37,49,6531586275,'0',1,1,0,165),('2013-12-09 13:00:00',14,32,37,49,6531586275,'6562785788',1,0,0,102),('2013-12-09 15:00:00',14,32,37,49,6531586275,'6562704192',1,0,0,86),('2013-12-09 15:00:00',14,32,37,49,6531586275,'6593283075',1,1,0,138),('2013-12-09 16:00:00',14,32,37,49,6531586275,'6564523328',1,1,0,418),('2013-12-09 16:00:00',14,32,37,49,6531586275,'6583327934',1,0,1,28),('2013-12-09 16:00:00',14,32,37,49,6531586275,'6598574288',1,0,0,5),('2013-12-09 17:00:00',14,32,37,49,6531586275,'6593689348',1,1,0,179),('2013-12-09 18:00:00',14,32,37,49,6531586275,'0',1,0,0,54),('2013-12-09 18:00:00',14,32,37,49,6531586275,'6598762537',1,0,0,68),('2013-12-09 19:00:00',17,36,43,54,85235009105,'85255972911',2,0,1,56),('2013-12-10 08:00:00',14,32,37,49,6531586275,'6567912937',2,1,0,200),('2013-12-10 08:00:00',14,32,37,49,6531586275,'6591767397',1,0,1,30),('2013-12-10 09:00:00',14,32,37,49,6531586275,'6562489568',1,1,0,235),('2013-12-10 10:00:00',14,32,37,49,6531586275,'623177769100',1,1,0,127),('2013-12-10 10:00:00',14,32,37,49,6531586275,'6567652163',1,1,0,196),('2013-12-10 10:00:00',14,32,37,49,6531586275,'6583487578',1,1,0,131),('2013-12-10 10:00:00',14,32,37,49,6531586275,'6592217012',1,0,0,90),('2013-12-10 11:00:00',14,32,37,49,6531586275,'6564397804',1,1,0,154),('2013-12-10 11:00:00',14,32,37,49,6531586275,'6598809190',1,0,0,53),('2013-12-10 11:00:00',17,36,43,54,85235009105,'85228109552',1,0,0,29),('2013-12-10 12:00:00',14,32,37,49,6531586275,'65',1,0,1,7),('2013-12-10 12:00:00',14,32,37,49,6531586275,'6565952671',1,0,1,7),('2013-12-10 12:00:00',14,32,37,49,6531586275,'6594304877',2,0,2,14),('2013-12-10 12:00:00',14,32,37,49,6531586275,'6598213847',2,0,2,14),('2013-12-10 13:00:00',14,32,37,49,6531586275,'0',2,0,2,13),('2013-12-10 13:00:00',14,32,37,49,6531586275,'6531571000',5,0,5,33),('2013-12-10 13:00:00',14,32,37,49,6531586275,'6531578905',1,0,1,7),('2013-12-10 13:00:00',14,32,37,49,6531586275,'6565952671',1,0,1,7),('2013-12-10 13:00:00',14,32,37,49,6531586275,'6567959186',3,0,3,20),('2013-12-10 13:00:00',14,32,37,49,6531586275,'6591114454',2,0,2,14),('2013-12-10 13:00:00',14,32,37,49,6531586275,'6598618139',3,0,3,19),('2013-12-10 14:00:00',14,32,37,45,6531582180,'85266821490',1,0,1,0),('2013-12-10 14:00:00',14,32,37,49,6531586275,'0',1,0,1,0),('2013-12-10 14:00:00',14,32,37,49,6531586275,'2153124313',1,0,1,0),('2013-12-10 14:00:00',14,32,37,49,6531586275,'6531571283',1,0,1,7),('2013-12-10 14:00:00',14,32,37,49,6531586275,'6531578905',3,0,3,21),('2013-12-10 14:00:00',14,32,37,49,6531586275,'6563892233',2,0,2,0),('2013-12-10 14:00:00',14,32,37,49,6531586275,'6584954278',3,0,3,0),('2013-12-10 14:00:00',14,32,37,49,6531586275,'6591153846',1,0,1,7),('2013-12-10 14:00:00',14,32,37,49,6531586275,'85266821490',3,0,3,7),('2013-12-10 15:00:00',14,32,37,49,6531586275,'6531578905',3,0,3,0),('2013-12-10 15:00:00',14,32,37,49,6531586275,'6568366986',2,0,2,0),('2013-12-10 15:00:00',14,32,37,49,6531586275,'6585247208',3,0,3,0),('2013-12-10 15:00:00',14,32,37,49,6531586275,'6591114454',1,0,1,0),('2013-12-10 15:00:00',17,36,43,54,85235009105,'85231876840',1,0,0,51),('2013-12-10 16:00:00',14,32,37,49,6531586275,'1212121212',73,0,72,19),('2013-12-10 16:00:00',14,32,37,49,6531586275,'212121212',4,0,4,0),('2013-12-10 16:00:00',14,32,37,49,6531586275,'6531578905',2,0,1,2),('2013-12-10 16:00:00',14,32,37,49,6531586275,'6592363519',2,0,2,0),('2013-12-10 16:00:00',14,32,37,49,6531586275,'6594513511',1,0,0,70),('2013-12-10 16:00:00',14,32,37,49,6531586275,'6597912232',4,0,4,0),('2013-12-10 16:00:00',14,32,37,49,6531586275,'6598638440',1,0,1,0),('2013-12-10 16:00:00',17,36,43,54,85235009105,'85231876840',1,1,0,316),('2013-12-10 17:00:00',14,32,37,49,6531586275,'0',1,0,0,103),('2013-12-10 17:00:00',14,32,37,49,6531586275,'6531578905',1,0,0,2),('2013-12-10 17:00:00',14,32,37,49,6531586275,'6563376000',1,0,0,26),('2013-12-10 17:00:00',14,32,37,49,6531586275,'6591808567',1,0,0,21),('2013-12-10 18:00:00',14,32,37,49,6531586275,'6531571000',1,0,1,0),('2013-12-10 18:00:00',14,32,37,49,6531586275,'6584989626',1,0,0,21),('2013-12-10 19:00:00',14,32,37,49,6531586275,'6591114454',1,0,1,0),('2013-12-10 20:00:00',14,32,37,49,6531586275,'6596230745',1,0,0,117),('2013-12-10 21:00:00',14,32,37,49,6531586275,'6562860661',2,0,1,2),('2013-12-11 02:00:00',17,36,43,54,85235009105,'0',1,0,1,0),('2013-12-11 07:00:00',14,32,37,49,6531586275,'6591848736',1,0,0,70),('2013-12-11 07:00:00',17,36,43,54,85235009105,'85291308326',1,0,0,75),('2013-12-11 08:00:00',14,32,37,49,6531586275,'6598161010',1,0,1,7),('2013-12-11 09:00:00',14,32,37,49,6531586275,'6531571000',1,0,1,13),('2013-12-11 09:00:00',14,32,37,49,6531586275,'6565153851',1,0,1,18),('2013-12-11 09:00:00',14,32,37,49,6531586275,'6566839846',2,0,1,82),('2013-12-11 09:00:00',14,32,37,49,6531586275,'6567639036',1,0,0,45),('2013-12-11 09:00:00',14,32,37,49,6531586275,'6593620910',1,0,0,52),('2013-12-11 09:00:00',14,32,37,49,6531586275,'6598686614',1,0,0,111),('2013-12-11 09:00:00',17,36,43,54,85235009105,'85239984301',2,0,0,50),('2013-12-11 10:00:00',14,32,37,49,6531586275,'6596230745',1,0,0,99),('2013-12-11 15:00:00',9,14,10,12,85235009082,'85225189001',1,0,0,6),('2013-12-11 17:00:00',9,14,10,12,85235009082,'85225430852',1,1,0,123),('2013-12-11 18:00:00',9,14,9,8,85235009080,'85266821490',5,0,3,62),('2013-12-11 18:00:00',9,14,10,12,85235009082,'85266821490',1,0,0,5),('2013-12-11 20:00:00',17,36,43,54,85235009105,'85292211332',1,0,0,62),('2013-12-12 08:00:00',17,36,43,54,85235009105,'85222100820',2,0,0,59),('2013-12-12 09:00:00',9,14,9,8,85235009080,'85298427047',1,0,0,28),('2013-12-12 20:00:00',17,36,43,54,85235009105,'85225251812',1,0,0,77),('2013-12-13 12:00:00',17,36,43,54,85235009105,'85290162099',2,2,0,484),('2013-12-13 13:00:00',13,27,30,34,85235009101,'85294426735',1,0,0,7),('2013-12-13 15:00:00',17,36,43,54,85235009105,'85295127135',1,0,0,98),('2013-12-14 09:00:00',17,36,43,54,85235009105,'85264437624',1,1,0,323),('2013-12-14 11:00:00',17,36,43,54,85235009105,'85227642101',1,0,0,24),('2013-12-15 13:00:00',17,36,43,54,85235009105,'85260500718',1,0,0,92),('2013-12-15 14:00:00',17,36,43,54,85235009105,'85260500718',1,0,0,83),('2013-12-15 14:00:00',17,36,43,54,85235009105,'85264089338',1,0,0,50),('2013-12-15 14:00:00',17,36,43,54,85235009105,'85291095737',1,0,0,33),('2013-12-15 15:00:00',17,36,43,54,85235009105,'85264089338',1,1,0,166),('2013-12-16 10:00:00',9,14,10,12,85235009082,'0',1,0,0,97),('2013-12-16 11:00:00',17,36,43,54,85235009105,'85235581000',1,1,0,200),('2013-12-16 11:00:00',17,36,43,54,85235009105,'85261353523',1,0,0,43),('2013-12-16 11:00:00',23,38,45,56,85235009095,'85266821490',1,0,1,11),('2013-12-16 13:00:00',9,14,10,12,85235009082,'0',1,1,0,283),('2013-12-16 13:00:00',17,36,43,54,85235009105,'85235499663',2,2,0,301),('2013-12-16 15:00:00',17,36,43,54,85235009105,'0',1,1,0,503),('2013-12-16 16:00:00',13,27,30,34,85235009101,'85266445816',1,0,0,14),('2013-12-16 18:00:00',17,36,43,54,85235009105,'85254106368',1,1,0,312),('2013-12-17 12:00:00',17,36,43,54,85235009105,'85261107680',1,0,0,111),('2013-12-17 13:00:00',17,36,43,54,85235009105,'85261107680',2,1,0,368),('2013-12-18 11:00:00',9,14,10,12,85235009082,'85237579642',1,1,0,257),('2013-12-18 16:00:00',9,17,15,25,85235009098,'85223693146',1,0,0,10),('2013-12-18 16:00:00',17,36,43,54,85235009105,'0',2,0,0,56),('2013-12-18 16:00:00',17,36,43,54,85235009105,'85226798092',1,1,0,254),('2013-12-18 18:00:00',17,36,43,54,85235009105,'85295046569',2,0,0,54),('2013-12-18 22:00:00',19,34,40,50,6531586172,'6565130252',2,0,2,0),('2013-12-19 12:00:00',17,36,43,54,85235009105,'85256610906',1,1,0,271),('2013-12-19 15:00:00',9,14,10,12,85235009082,'85266821490',1,0,0,3),('2013-12-19 16:00:00',17,36,43,54,85235009105,'85261972992',2,1,0,288),('2013-12-19 17:00:00',17,36,43,54,85235009105,'85265765230',2,0,0,153),('2013-12-19 21:00:00',9,14,10,12,85235009082,'85266821490',2,0,1,2),('2013-12-20 12:00:00',17,36,43,54,85235009105,'85266812893',1,1,0,281),('2013-12-20 16:00:00',17,36,43,54,85235009105,'85228259211',2,2,0,431),('2013-12-22 10:00:00',17,36,43,54,85235009105,'85229824878',1,0,0,72),('2013-12-22 10:00:00',17,36,43,54,85235009105,'85236935517',1,1,0,179),('2013-12-22 11:00:00',17,36,43,54,85235009105,'85262286425',1,0,0,12),('2013-12-22 12:00:00',17,36,43,54,85235009105,'85262286425',1,0,0,20),('2013-12-23 06:00:00',17,36,43,54,85235009105,'85256075579',1,0,0,54),('2013-12-23 09:00:00',17,36,43,54,85235009105,'85262286425',1,0,0,44),('2013-12-23 10:00:00',17,36,43,54,85235009105,'85297004780',1,0,0,12),('2013-12-23 11:00:00',17,36,43,54,85235009105,'85255071108',1,0,0,34),('2013-12-23 13:00:00',17,36,43,54,85235009105,'85222483548',1,0,0,59),('2013-12-24 18:00:00',9,14,9,9,85235009081,'85237411990',1,0,1,0),('2013-12-27 11:00:00',17,36,43,54,85235009105,'85261897960',1,0,0,106),('2013-12-27 12:00:00',17,36,43,54,85235009105,'85231653860',1,1,0,572),('2013-12-27 14:00:00',17,36,43,54,85235009105,'0',2,1,0,244),('2013-12-27 16:00:00',17,36,43,54,85235009105,'85293151363',1,0,0,35),('2013-12-27 17:00:00',17,36,43,54,85235009105,'85292516754',1,0,0,22),('2013-12-27 20:00:00',17,36,43,54,85235009105,'85292494797',1,0,0,17),('2013-12-28 10:00:00',17,36,43,54,85235009105,'85236935517',1,0,0,109),('2013-12-28 11:00:00',17,36,43,54,85235009105,'85260177021',1,1,0,304),('2013-12-28 12:00:00',17,36,43,54,85235009105,'85261560589',1,1,0,357),('2013-12-29 08:00:00',17,36,43,54,85235009105,'0',1,0,0,20),('2013-12-29 09:00:00',17,36,43,54,85235009105,'0',3,0,0,71),('2013-12-29 14:00:00',17,36,43,54,85235009105,'85252639826',2,0,1,46),('2013-12-29 17:00:00',17,36,43,54,85235009105,'85260177021',1,0,0,17),('2013-12-30 10:00:00',17,36,43,54,85235009105,'85260177021',1,0,0,57),('2013-12-30 11:00:00',17,36,43,54,85235009105,'0',2,1,0,472),('2013-12-30 13:00:00',17,36,43,54,85235009105,'85266022581',1,0,0,50),('2013-12-30 15:00:00',17,36,43,54,85235009105,'85261058033',1,1,0,487),('2013-12-30 18:00:00',17,36,43,54,85235009105,'85293347784',1,0,0,13),('2013-12-31 09:00:00',17,36,43,54,85235009105,'85239032800',1,0,0,24),('2013-12-31 12:00:00',17,36,43,54,85235009105,'85229015284',1,0,0,15),('2013-12-31 14:00:00',17,36,43,54,85235009105,'85228487280',1,1,0,285),('2014-01-01 18:00:00',17,36,43,54,85235009105,'85298632887',1,0,0,1),('2014-01-02 11:00:00',17,36,43,54,85235009105,'0',1,0,0,33),('2014-01-02 12:00:00',17,36,43,54,85235009105,'85292516754',3,0,0,157),('2014-01-02 16:00:00',17,36,43,54,85235009105,'85234206621',1,0,0,96),('2014-01-03 08:00:00',17,36,43,54,85235009105,'85256425467',2,0,0,103),('2014-01-03 15:00:00',17,36,43,54,85235009105,'85296633757',1,1,0,278),('2014-01-03 16:00:00',9,14,9,8,85235009080,'85228539812',1,0,0,21),('2014-01-03 16:00:00',9,14,36,44,85235009090,'85221377936',1,0,0,8),('2014-01-03 16:00:00',17,36,43,54,85235009105,'85228267925',1,0,0,16),('2014-01-04 15:00:00',17,36,43,54,85235009105,'85225479231',1,1,0,530),('2014-01-06 10:00:00',17,36,43,54,85235009105,'85269720421',1,1,0,153),('2014-01-06 11:00:00',17,36,43,54,85235009105,'85269720421',2,0,0,118),('2014-01-06 12:00:00',17,36,43,54,85235009105,'85228080767',1,0,0,22),('2014-01-06 15:00:00',17,36,43,54,85235009105,'85291631115',1,1,0,289),('2014-01-06 16:00:00',9,14,9,8,85235009080,'85239202722',1,1,0,125),('2014-01-06 16:00:00',17,36,43,54,85235009105,'85234206621',1,0,0,38),('2014-01-06 17:00:00',9,14,10,12,85235009082,'85266821490',1,0,0,4),('2014-01-06 17:00:00',17,36,43,54,85235009105,'0',1,1,0,269),('2014-01-06 17:00:00',17,36,43,54,85235009105,'85234206621',1,0,0,49),('2014-01-06 18:00:00',17,36,43,54,85235009105,'0',1,1,0,237),('2014-01-06 20:00:00',17,36,43,54,85235009105,'0',1,0,0,51),('2014-01-07 10:00:00',17,36,43,54,85235009105,'85236955286',1,0,0,47),('2014-01-07 11:00:00',17,36,43,54,85235009105,'85268547282',1,0,0,114),('2014-01-07 13:00:00',17,36,43,54,85235009105,'85235833056',1,0,0,93),('2014-01-07 20:00:00',17,36,43,54,85235009105,'85263981315',1,0,0,100),('2014-01-07 21:00:00',17,36,43,54,85235009105,'85261620171',1,0,0,38),('2014-01-08 14:00:00',17,36,43,54,85235009105,'85229781000',1,0,0,116),('2014-01-08 15:00:00',17,36,43,54,85235009105,'85237679628',1,0,0,37),('2014-01-08 16:00:00',17,36,43,54,85235009105,'85262286425',1,0,0,12),('2014-01-08 18:00:00',17,36,43,54,85235009105,'85226396119',1,0,0,101),('2014-01-08 18:00:00',17,36,43,54,85235009105,'85239659383',1,1,0,206),('2014-01-08 20:00:00',17,36,43,54,85235009105,'85291800978',1,0,0,28),('2014-01-09 13:00:00',17,36,43,54,85235009105,'0',1,0,0,105),('2014-01-09 13:00:00',17,36,43,54,85235009105,'85237551552',1,1,0,232),('2014-01-09 14:00:00',17,36,43,54,85235009105,'85261893909',1,1,0,181),('2014-01-09 14:00:00',17,36,43,54,85235009105,'85296373239',1,0,0,88),('2014-01-10 09:00:00',17,36,43,54,85235009105,'85263896507',2,0,1,16),('2014-01-10 14:00:00',17,36,43,54,85235009105,'85221273288',1,1,0,283),('2014-01-10 15:00:00',9,14,10,12,85235009082,'85294080445',1,1,0,130),('2014-01-10 15:00:00',17,36,43,54,85235009105,'85221273288',1,0,0,28),('2014-01-10 17:00:00',17,36,43,54,85235009105,'0',1,1,0,126),('2014-01-11 11:00:00',17,36,43,54,85235009105,'85268922718',2,0,0,86),('2014-01-11 12:00:00',17,36,43,54,85235009105,'85290825862',1,0,0,62),('2014-01-11 15:00:00',17,36,43,54,85235009105,'85290825862',1,1,0,177),('2014-01-11 17:00:00',17,36,43,54,85235009105,'85259020366',2,1,1,123),('2014-01-12 11:00:00',17,36,43,54,85235009105,'85259020366',1,1,0,255),('2014-01-12 12:00:00',17,36,43,54,85235009105,'0',1,1,0,323),('2014-01-12 13:00:00',17,36,43,54,85235009105,'85259020366',1,0,0,43),('2014-01-12 15:00:00',17,36,43,54,85235009105,'85255758806',1,0,0,54),('2014-01-12 19:00:00',17,36,43,54,85235009105,'85263171792',1,0,1,0),('2014-01-13 10:00:00',9,14,9,8,85235009080,'85266821490',1,0,1,24),('2014-01-13 10:00:00',17,36,43,54,85235009105,'0',1,0,0,10),('2014-01-13 10:00:00',23,38,45,56,85235009095,'85266821490',1,0,0,42),('2014-01-13 11:00:00',17,36,43,54,85235009105,'0',1,1,0,257),('2014-01-13 11:00:00',17,36,43,54,85235009105,'85221160341',1,0,0,48),('2014-01-13 13:00:00',17,36,43,54,85235009105,'85229781000',2,0,0,125),('2014-01-13 13:00:00',17,36,43,54,85235009105,'85235720989',1,1,0,190),('2014-01-13 14:00:00',17,36,43,54,85235009105,'85267562290',1,0,0,107),('2014-01-13 15:00:00',17,36,43,54,85235009105,'85292154600',2,1,0,172),('2014-01-14 10:00:00',17,36,43,54,85235009105,'85221273288',1,0,0,81),('2014-01-14 12:00:00',17,36,43,54,85235009105,'85231957269',1,0,0,16),('2014-01-14 14:00:00',17,36,43,54,85235009105,'85228465108',2,0,0,28),('2014-01-14 14:00:00',17,36,43,54,85235009105,'85253605578',1,0,0,49),('2014-01-14 15:00:00',17,36,43,54,85235009105,'85225391384',1,0,0,35),('2014-01-14 17:00:00',17,36,43,54,85235009105,'85292850797',1,0,0,44),('2014-01-14 18:00:00',9,14,10,12,85235009082,'85266821490',1,0,0,32),('2014-01-14 19:00:00',17,36,43,54,85235009105,'85263981315',1,0,0,86),('2014-01-14 19:00:00',17,36,43,54,85235009105,'85291610011',2,0,1,21),('2014-01-14 20:00:00',17,36,43,54,85235009105,'85292850797',1,0,0,29),('2014-01-15 08:00:00',17,36,43,54,85235009105,'0',1,0,0,116),('2014-01-15 16:00:00',17,36,43,54,85235009105,'85262336042',1,1,0,163),('2014-01-15 17:00:00',17,36,43,54,85235009105,'85292274621',1,0,0,77),('2014-01-16 08:00:00',24,39,46,58,85235009108,'85269728590',1,0,1,25),('2014-01-16 08:00:00',24,39,46,58,85235009109,'85269728590',1,0,0,35),('2014-01-16 10:00:00',17,36,43,54,85235009105,'85221436163',2,1,0,320),('2014-01-16 11:00:00',17,36,43,54,85235009105,'85222809610',1,0,1,0),('2014-01-16 11:00:00',17,36,43,54,85235009105,'85231993602',1,1,0,190),('2014-01-16 12:00:00',17,36,43,54,85235009105,'85225414311',1,0,0,52),('2014-01-16 13:00:00',17,36,43,54,85235009105,'0',1,1,0,536),('2014-01-16 14:00:00',17,36,43,54,85235009105,'85221388499',1,0,0,39),('2014-01-16 17:00:00',9,14,10,12,85235009082,'85297681004',1,1,0,521);
/*!40000 ALTER TABLE `Counter` ENABLE KEYS */;
UNLOCK TABLES;

--
-- Table structure for table `Number`
--

DROP TABLE IF EXISTS `Number`;
/*!40101 SET @saved_cs_client     = @@character_set_client */;
/*!40101 SET character_set_client = utf8 */;
CREATE TABLE `Number` (
  `id` bigint(15) unsigned NOT NULL,
  `type` int(2) NOT NULL,
  `provider` varchar(50) NOT NULL,
  `client_id` int(9) unsigned DEFAULT NULL,
  `price_buy` int(8) unsigned NOT NULL DEFAULT '0',
  `price_resale` int(8) unsigned NOT NULL DEFAULT '0',
  `date_create` date NOT NULL,
  `date_assign` date DEFAULT NULL,
  `date_lastcall` datetime DEFAULT NULL,
  PRIMARY KEY (`id`),
  UNIQUE KEY `id` (`id`)
) ENGINE=InnoDB DEFAULT CHARSET=utf8;
/*!40101 SET character_set_client = @saved_cs_client */;

--
-- Dumping data for table `Number`
--

LOCK TABLES `Number` WRITE;
/*!40000 ALTER TABLE `Number` DISABLE KEYS */;
INSERT INTO `Number` VALUES (6531582180,1,'Plivo',14,3488,2900,'2013-11-05','2013-11-05',NULL),(6531586172,1,'Plivo',19,450,479,'2013-11-26','2013-11-26',NULL),(6531586275,1,'Plivo',14,3488,2900,'2013-11-07','2013-11-07',NULL),(85235009080,1,'CITICTEL',9,0,0,'2013-10-15','2013-10-15',NULL),(85235009081,1,'CITICTEL',9,0,0,'2013-10-15','2013-10-15',NULL),(85235009082,1,'CITICTEL',9,0,0,'2013-10-15','2013-10-15',NULL),(85235009083,1,'CITICTEL',9,0,0,'2013-10-15','2013-10-15',NULL),(85235009084,1,'CITICTEL',9,0,0,'2013-10-15','2013-10-15',NULL),(85235009085,1,'Citic',9,40,50,'2013-10-10','2013-10-31',NULL),(85235009087,1,'Citic',9,40,50,'2013-10-10','2013-10-31',NULL),(85235009088,1,'Citic',9,40,50,'2013-10-10','2013-10-15',NULL),(85235009089,1,'Citic',9,40,50,'2013-10-10','2013-10-31',NULL),(85235009090,1,'Citic',9,40,50,'2013-10-10','2013-10-31',NULL),(85235009091,1,'CITICTEL',9,40,50,'2013-10-13','2013-11-15',NULL),(85235009092,1,'CITICTEL',20,40,50,'2013-10-13','2013-11-26',NULL),(85235009093,1,'Citic',11,40,2900,'2013-10-10','2013-10-15',NULL),(85235009095,1,'Citic',23,40,2900,'2013-10-10','2013-12-16',NULL),(85235009096,1,'Citic',9,40,50,'2013-10-10','2013-11-17',NULL),(85235009097,1,'CITICTEL',9,0,0,'2013-10-15','2013-10-15',NULL),(85235009098,1,'CITICTEL',9,0,0,'2013-10-15','2013-10-15',NULL),(85235009099,1,'CITICTEL',9,0,0,'2013-10-15','2013-10-15',NULL),(85235009100,1,'CITIC',13,600,2900,'2013-10-31','2013-10-31',NULL),(85235009101,1,'CITIC',13,600,2900,'2013-10-31','2013-10-31',NULL),(85235009102,1,'CITIC',13,600,2900,'2013-10-31','2013-10-31',NULL),(85235009103,1,'CITIC',13,600,2900,'2013-10-31','2013-10-31',NULL),(85235009104,1,'CITIC',13,600,2900,'2013-10-31','2013-10-31',NULL),(85235009105,1,'CITIC',17,600,2900,'2013-10-31','2013-11-07',NULL),(85235009106,1,'CITIC',17,600,2900,'2013-10-31','2013-11-07',NULL),(85235009107,1,'CITIC',17,600,2900,'2013-10-31','2013-11-07',NULL),(85235009108,1,'CITIC',24,600,4900,'2013-10-31','2014-01-16',NULL),(85235009109,1,'CITIC',24,600,4900,'2013-10-31','2014-01-16',NULL),(85235009110,1,'CITIC',15,600,2900,'2013-10-31','2013-11-05',NULL),(85235009111,1,'CITIC',15,600,2900,'2013-10-31','2013-11-05',NULL),(85235009112,1,'CITIC',18,600,2900,'2013-10-31','2013-11-13',NULL),(85235009113,1,'CITIC',18,600,2900,'2013-10-31','2013-11-13',NULL),(85235009114,1,'CITIC',18,600,2900,'2013-10-31','2013-11-13',NULL),(85235009115,1,'CITIC',18,600,2900,'2013-10-31','2013-11-13',NULL),(85235009116,1,'CITIC',18,600,2900,'2013-10-31','2013-11-13',NULL),(85235009117,1,'CITIC',20,600,2900,'2013-10-31','2013-11-26',NULL),(85235009118,1,'CITIC',20,600,2900,'2013-10-31','2013-11-26',NULL),(85235009119,1,'CITIC',20,600,2900,'2013-10-31','2013-11-26',NULL),(85235033047,1,'CITICTEL',9,0,0,'2013-10-15','2013-10-15',NULL),(85258082868,1,'Plivo',9,800,800,'2013-10-16','2013-10-16',NULL);
/*!40000 ALTER TABLE `Number` ENABLE KEYS */;
UNLOCK TABLES;

--
-- Table structure for table `User`
--

DROP TABLE IF EXISTS `User`;
/*!40101 SET @saved_cs_client     = @@character_set_client */;
/*!40101 SET character_set_client = utf8 */;
CREATE TABLE `User` (
  `id` int(9) unsigned NOT NULL AUTO_INCREMENT,
  `username` varchar(255) COLLATE utf8_unicode_ci NOT NULL,
  `username_canonical` varchar(255) COLLATE utf8_unicode_ci NOT NULL,
  `email` varchar(255) COLLATE utf8_unicode_ci NOT NULL,
  `email_canonical` varchar(255) COLLATE utf8_unicode_ci NOT NULL,
  `enabled` tinyint(1) NOT NULL,
  `salt` varchar(255) COLLATE utf8_unicode_ci NOT NULL,
  `password` varchar(255) COLLATE utf8_unicode_ci NOT NULL,
  `last_login` datetime DEFAULT NULL,
  `locked` tinyint(1) NOT NULL,
  `expired` tinyint(1) NOT NULL,
  `expires_at` datetime DEFAULT NULL,
  `confirmation_token` varchar(255) COLLATE utf8_unicode_ci DEFAULT NULL,
  `password_requested_at` datetime DEFAULT NULL,
  `roles` longtext COLLATE utf8_unicode_ci NOT NULL COMMENT '(DC2Type:array)',
  `credentials_expired` tinyint(1) NOT NULL,
  `credentials_expire_at` datetime DEFAULT NULL,
  `multi_client` int(1) DEFAULT NULL,
  `name` varchar(80) COLLATE utf8_unicode_ci DEFAULT NULL,
  `business_name` varchar(80) COLLATE utf8_unicode_ci DEFAULT NULL,
  `phone` varchar(30) COLLATE utf8_unicode_ci DEFAULT NULL,
  `address` varchar(120) COLLATE utf8_unicode_ci DEFAULT NULL,
  `bill_business_name` varchar(80) COLLATE utf8_unicode_ci DEFAULT NULL,
  `bill_name` varchar(80) COLLATE utf8_unicode_ci DEFAULT NULL,
  `bill_email` varchar(50) COLLATE utf8_unicode_ci DEFAULT NULL,
  `bill_phone` varchar(50) COLLATE utf8_unicode_ci DEFAULT NULL,
  `bill_address` varchar(120) COLLATE utf8_unicode_ci DEFAULT NULL,
  `date_create` datetime DEFAULT NULL,
  PRIMARY KEY (`id`),
  UNIQUE KEY `UNIQ_2DA1797792FC23A8` (`username_canonical`)
) ENGINE=InnoDB AUTO_INCREMENT=25 DEFAULT CHARSET=utf8 COLLATE=utf8_unicode_ci;
/*!40101 SET character_set_client = @saved_cs_client */;

--
-- Dumping data for table `User`
--

LOCK TABLES `User` WRITE;
/*!40000 ALTER TABLE `User` DISABLE KEYS */;
INSERT INTO `User` VALUES (1,'admin','admin','kc@jankstudio.com','kc@jankstudio.com',1,'88mx3wkmehwk08wwoo00kwg04wgk8cc','B/CJ4D1YNXstF93P+HBDUVIuQ5t58RAaU/sR5IoxNNbtW7pTHRNBIG6K4KkhDaEACR7pnyc1GKotqCGHwPi63Q==','2014-01-16 08:15:30',0,0,NULL,NULL,NULL,'a:1:{i:0;s:10:\"ROLE_ADMIN\";}',0,NULL,NULL,NULL,NULL,NULL,NULL,NULL,NULL,NULL,NULL,NULL,NULL),(7,'sample','sample','contact.guy@yahoo.com','contact.guy@yahoo.com',1,'4i19bumhhv28swww0gwss8cwkkk848c','OxgMSYwfAGIRpf85obOmgWs1RasKtd8/UmH3NcTC1Q4iF8ywpNTNvTCHX4k41uK1ODQxtCsn4+QoduR3n06rDQ==','2013-10-13 01:49:06',0,0,NULL,NULL,NULL,'a:0:{}',0,NULL,1,'Contact Guy','Sample Company','0923840209','Somewhere out there','Sample Company','Contact Guy','contact.guy@sample.company.com','0982349092','Somewhere out there part 2','2013-09-21 02:20:33'),(8,'multi','multi','multi@jankstudio.com','multi@jankstudio.com',1,'gyv7hgc6m6g4008cgsw8gsww8ggc840','tdwcSMvfmLo+AI3YxsK8M/PPw1w+toftMSsy/KRluhJx2eKlbU1PE1rDxDWYHgDtkZUITM+FlzPNSqhSs9xleQ==','2013-09-30 23:23:37',0,0,NULL,NULL,NULL,'a:0:{}',0,NULL,1,'Multi Test','Multi Test','230948234','Somewhere','','','','','','2013-09-30 05:52:52'),(12,'new','new','new@jankstudio.com','new@jankstudio.com',1,'66ymmethpxgkokc8k0wg40k8w4s44kw','eeBd48cSiAmTgMNgj/9brWvCASFGTK/QbvaJAs6lPf4vpqpaX2HaYAHgQ64sCxhlMnQlLkE0uPSW+zqEgGPynA==','2013-09-30 22:15:34',0,0,NULL,NULL,NULL,'a:0:{}',0,NULL,0,'New Single Client','New Single Client','29392834','Test','','','','','','2013-09-30 20:28:15'),(13,'Test','test','test2@test.com','test2@test.com',1,'bic215yadn480co0c8os0kko0g040gw','4+g+fISkmBH9uiZOTRmVFQedw2VALxB//f+1V+/uW+DUhufbZ3PxwSGCRKmcJQzmz3OdXy2CJjfekiDpYuP3+Q==','2013-10-16 22:23:35',0,0,NULL,NULL,NULL,'a:0:{}',0,NULL,0,'Test','Test','234234234','','','','','','','2013-09-30 22:36:00'),(14,'calltracking','calltracking','scott.bowler@calltracking.hk','scott.bowler@calltracking.hk',1,'5gz8r0ap3xk4c8k0cwgsk8ogkkssowk','OSg2wIbdO4+XJ3N41HhGvz7Y6IQrvWZi4x8MXYeeGO6shXFBWyUfqSW4WLLMMFH3azYr2cXPucLM6LZXNTkIkg==','2014-01-16 04:08:00',0,0,NULL,NULL,NULL,'a:0:{}',0,NULL,1,'Scott Bowler','CallTracking','85266821490','','','','','','','2013-10-13 02:05:55'),(16,'tester1234','tester1234','fdsadfsafds@fdafds.com','fdsadfsafds@fdafds.com',1,'8rrvyyobp6w44ogs0888gscos0wsg48','dOb/aeDodnzdjktYG2KGyBeHt4iVTNmPj7IQhIrHpRjCMnABNHuzMlmJEBIXPKYZRTuzRR98KW3Y8yxjf+hrsg==','2013-10-14 11:44:56',0,0,NULL,NULL,NULL,'a:0:{}',0,NULL,0,'Scott','fdafdsfdsa','3242243432','','','','','','','2013-10-13 02:15:16'),(17,'mediasavvy','mediasavvy','scott.bowler@calltracking.hk','scott.bowler@calltracking.hk',1,'784vcheov6040kc0wg4kocgoswcwo0s','+PxyiG/409P13Q3/n1mPz0hKrsQ9XUBMHkgg1j+0dTAlRz5Y64vHtDFmQJ6MG7FF2GeIMGvDD+rawGDEIfuFPw==','2013-10-23 00:32:46',0,0,NULL,NULL,NULL,'a:0:{}',0,NULL,1,'Vince','MediaSavvy','85266821490','','','','','','','2013-10-23 00:32:05'),(18,'compass','compass','gary.cheung@compassoffices.com','gary.cheung@compassoffices.com',1,'rjtweonmbwg4sg4sw0wo8o8sgw4kcoo','kXbwJHStza3YcMImM5eo9Z3YJjYvkRpFFfg3cN8XAWdhMbkTEQ1GUKj481w+eFS/qciWl4NR2bybRW/umYkeeg==','2014-01-02 02:58:43',0,0,NULL,NULL,NULL,'a:0:{}',0,NULL,0,'Gary Cheung','Compass Offices','85237967188','','','','','','','2013-10-31 03:53:34'),(19,'demo','demo','dawn.soo@docdoc.com','dawn.soo@docdoc.com',1,'qfz3dva6cbkk8s8wg8k0sco80cwwcwg','LwF7L0nK/wQqGfcgfm+fh9LRnTdgXKCmJrvsNggm8Ci8ozCsS8zkaw7gJBQE+cGj7LBjDEo1N20YVPrvOo4Uug==','2014-01-15 08:36:47',0,0,NULL,NULL,NULL,'a:0:{}',0,NULL,0,'Dawn Soo','CallTracking Demo','6531578905','','','','','','','2013-11-04 23:27:24'),(20,'epicmma','epicmma','tom@epicmma.com','tom@epicmma.com',1,'pwnq9b7euyo4cgkwo0o848wcw88oowk','QVUu/4njkoYH2l7GuoOxG7BJcblC3bgTrg5G/mqki3kd7ogZECwyVvnm86NN2Po6XgkUnR85hvCQfHbhsGwzfA==','2013-12-16 12:49:01',0,0,NULL,NULL,NULL,'a:0:{}',0,NULL,0,'Tom Pappas','Epic MMA','85225252833','','','','','','','2013-11-07 23:40:51'),(21,'kite','kite','mike.hill@kitesystems.com','mike.hill@kitesystems.com',1,'r13jrsb4ao00kgcccw44c44kk8gg0ck','KZ5sMIHp2V+5+KJVUA2gpQT36MOlItoIV/2vd0fSBPkMYZjglFuAOu81rk72DPHrm8gZGXR1uYPzD9C0kNnWmg==','2013-11-19 02:01:59',0,0,NULL,NULL,NULL,'a:0:{}',0,NULL,1,'Mike Hill','Kite Systems','85297477635','','','','','','','2013-11-13 23:28:26'),(22,'seofrontier','seofrontier','don@seofrontier.com.sg','don@seofrontier.com.sg',1,'t8ty1v7rzaosg0csccs8koo84ck8wg4','SHMyTo0AOpjL81E0J1O0Hqx3kLcWW8XaPm8xlSeSX+/wflBPUqZoLEgSKHgB0lEN9Z5mb+N0so2evxEP2PumEQ==','2013-12-18 12:54:49',0,0,NULL,NULL,NULL,'a:0:{}',0,NULL,1,'Don Tan','SEO Frontier','6594563229','39A Jalan Pemimin, Halcyon Building #06-01A, Singapore 577183','SEO Frontier PTE. LTD.','Don Tan','don@seofrontier.com.sg','','','2013-11-26 00:47:02'),(23,'aia','aia','test@test.com','test@test.com',1,'6idsqufvrakokkogsos8k4000gc8ok0','OsNTEBUOqBMaV6oLb4pPxdWkg6KpuXopCtkSEcjm0861mmCZHOlF7fYbx+zvCXHErzcSEPg39sm9e89KsNqG8A==','2013-11-27 02:13:16',0,0,NULL,NULL,NULL,'a:0:{}',0,NULL,1,'AIA','AIA','12344566','','','','','','','2013-11-26 03:53:56'),(24,'wharftt','wharftt','williamkwan@wharftteb.com','williamkwan@wharftteb.com',1,'dednhf0fwtkocow88wk40c0w4ksooos','Wvb+/D09Bm1YtwWYw9NFGeTsEyzFt1kKZhqoHdDCGMVGAzlpUBXzCXCdBBim+YEwnHlqf6CyIUKvBsQGBUc+hw==','2014-01-16 08:37:32',0,0,NULL,NULL,NULL,'a:0:{}',0,NULL,0,'William Kwan','Wharf T&T eBusiness Limited','85221122238','Unit 970, 9/F, KITEC, 1 Trademark Drive, Kowloon Bay, Hong Kong','','','','','','2014-01-16 00:04:15');
/*!40000 ALTER TABLE `User` ENABLE KEYS */;
UNLOCK TABLES;
/*!40103 SET TIME_ZONE=@OLD_TIME_ZONE */;

/*!40101 SET SQL_MODE=@OLD_SQL_MODE */;
/*!40014 SET FOREIGN_KEY_CHECKS=@OLD_FOREIGN_KEY_CHECKS */;
/*!40014 SET UNIQUE_CHECKS=@OLD_UNIQUE_CHECKS */;
/*!40101 SET CHARACTER_SET_CLIENT=@OLD_CHARACTER_SET_CLIENT */;
/*!40101 SET CHARACTER_SET_RESULTS=@OLD_CHARACTER_SET_RESULTS */;
/*!40101 SET COLLATION_CONNECTION=@OLD_COLLATION_CONNECTION */;
/*!40111 SET SQL_NOTES=@OLD_SQL_NOTES */;

-- Dump completed on 2014-01-16 19:30:44
